# Blender 5.0.1
# www.blender.org
mtllib goblin.mtl
o DrawCall_0629
v -0.054516 -0.090118 -0.103517
v -0.059851 -0.097870 -0.106939
v -0.055925 -0.093843 -0.103415
v -0.180359 -0.089614 -0.333155
v -0.155291 -0.085487 -0.316041
v -0.174319 -0.124347 -0.319263
v -0.185494 -0.108742 -0.337887
v -0.204723 -0.128776 -0.346143
v -0.201703 -0.114481 -0.346848
v -0.195863 -0.101091 -0.342819
v -0.199085 -0.094548 -0.348156
v -0.188614 -0.078842 -0.356914
v -0.176937 -0.065855 -0.331746
v -0.187004 -0.060620 -0.353089
v -0.187910 -0.057399 -0.357116
v -0.192037 -0.155355 -0.330738
v -0.213280 -0.125052 -0.361746
v -0.213079 -0.110454 -0.360336
v -0.217307 -0.122032 -0.369398
v -0.219925 -0.112065 -0.370808
v -0.229086 -0.117300 -0.382384
v -0.225361 -0.125958 -0.369801
v -0.224858 -0.131193 -0.364767
v -0.225461 -0.141059 -0.358727
v -0.216098 -0.147100 -0.356209
v -0.225260 -0.145992 -0.354599
v -0.227073 -0.172771 -0.360538
v -0.237341 -0.167033 -0.359230
v -0.240563 -0.180020 -0.361948
v -0.238750 -0.194114 -0.364767
v -0.247409 -0.186061 -0.362451
v -0.243584 -0.176899 -0.367384
v -0.249825 -0.179014 -0.371713
v -0.250026 -0.173778 -0.376345
v -0.249422 -0.165825 -0.381076
v -0.243382 -0.168543 -0.368895
v -0.238650 -0.165020 -0.363358
v -0.226770 -0.200356 -0.355505
v -0.215394 -0.182939 -0.350471
v -0.207944 -0.193309 -0.326813
v -0.217307 -0.211833 -0.332047
v -0.252140 -0.195322 -0.363961
v -0.250328 -0.203980 -0.365170
v -0.254959 -0.200457 -0.372217
v -0.253349 -0.191296 -0.368895
v -0.261503 -0.187973 -0.385304
v -0.262007 -0.204685 -0.373827
v -0.257979 -0.209417 -0.363358
v -0.236234 -0.215055 -0.357618
v -0.260497 -0.218679 -0.360740
v -0.260899 -0.228545 -0.353290
v -0.250831 -0.235592 -0.346746
v -0.229690 -0.226230 -0.333357
v -0.252241 -0.240525 -0.329732
v -0.267040 -0.243445 -0.353089
v -0.256469 -0.247271 -0.345337
v -0.254657 -0.248076 -0.328424
v -0.272477 -0.262372 -0.348055
v -0.262308 -0.262775 -0.342920
v -0.255463 -0.258748 -0.321577
v -0.267946 -0.273950 -0.331947
v -0.276101 -0.288346 -0.335169
v -0.231603 -0.230357 -0.322181
v -0.238146 -0.229854 -0.313524
v -0.228985 -0.216968 -0.307584
v -0.221132 -0.218780 -0.314732
v -0.217206 -0.206095 -0.311007
v -0.210058 -0.194517 -0.306677
v -0.216401 -0.194316 -0.303154
v -0.209656 -0.209316 -0.292382
v -0.218818 -0.220290 -0.287549
v -0.214589 -0.195826 -0.298824
v -0.207240 -0.193913 -0.287650
v -0.200394 -0.216464 -0.258757
v -0.204723 -0.173980 -0.298120
v -0.202407 -0.173678 -0.303556
v -0.192138 -0.165020 -0.298925
v -0.195964 -0.160288 -0.293388
v -0.186098 -0.152234 -0.296106
v -0.174822 -0.136630 -0.288959
v -0.182373 -0.142770 -0.283221
v -0.175024 -0.162503 -0.269126
v -0.182574 -0.166026 -0.266307
v -0.180460 -0.148307 -0.275972
v -0.175326 -0.148811 -0.266912
v -0.173514 -0.165623 -0.251004
v -0.179655 -0.136730 -0.283019
v -0.164352 -0.117400 -0.271543
v -0.159419 -0.117703 -0.276274
v -0.153177 -0.108138 -0.293389
v -0.133646 -0.057600 -0.295100
v -0.158110 -0.059211 -0.320672
v -0.171903 -0.058204 -0.328524
v -0.162338 -0.047935 -0.330638
v -0.171903 -0.052264 -0.333155
v -0.161936 -0.026189 -0.336176
v -0.156801 -0.034746 -0.320672
v -0.152875 -0.041995 -0.308591
v -0.145727 -0.038472 -0.298624
v -0.122874 -0.082265 -0.262985
v -0.132740 -0.040385 -0.288858
v -0.118645 -0.045116 -0.271945
v -0.128008 -0.032633 -0.272852
v -0.127304 -0.011692 -0.301644
v -0.127505 -0.023572 -0.278892
v -0.124687 -0.011390 -0.283321
v -0.126297 -0.001725 -0.293188
v -0.128915 -0.028505 -0.277684
v -0.122169 0.014886 -0.298523
v -0.131734 0.001094 -0.304564
v -0.139284 -0.012800 -0.307383
v -0.108579 -0.032633 -0.239529
v -0.100827 -0.043203 -0.242850
v -0.092068 -0.065654 -0.220602
v -0.113813 -0.081460 -0.231977
v -0.128008 -0.089312 -0.244461
v -0.140291 -0.100688 -0.259260
v -0.151667 -0.109447 -0.266912
v -0.148748 -0.102501 -0.256139
v -0.155392 -0.124145 -0.251105
v -0.123176 -0.083976 -0.226038
v -0.134754 -0.090621 -0.241139
v -0.109484 -0.080453 -0.216071
v -0.122975 -0.110957 -0.217581
v -0.133244 -0.110253 -0.223420
v -0.105860 -0.082063 -0.197748
v -0.124887 -0.116595 -0.204493
v -0.133143 -0.132904 -0.206508
v -0.089853 -0.081157 -0.199158
v -0.068812 -0.060117 -0.187379
v -0.078275 -0.037767 -0.200970
v -0.083712 -0.039378 -0.217178
v -0.098007 -0.037968 -0.231474
v -0.096397 -0.032229 -0.218990
v -0.097706 -0.011793 -0.236609
v -0.086027 -0.032331 -0.200869
v -0.070624 -0.076828 -0.174493
v -0.101229 -0.083473 -0.188587
v -0.086531 -0.087097 -0.160901
v -0.072436 -0.043405 -0.186372
v -0.083813 -0.031927 -0.197446
v -0.075557 -0.012296 -0.198352
v -0.073342 -0.034948 -0.177513
v -0.065691 -0.043908 -0.179123
v -0.063778 -0.040485 -0.156875
v -0.057637 -0.045620 -0.160095
v -0.049785 -0.046727 -0.127981
v -0.044549 -0.051962 -0.132611
v -0.059147 -0.070486 -0.159794
v -0.075356 -0.092131 -0.149323
v -0.084316 -0.089916 -0.154659
v -0.089550 -0.107232 -0.150733
v -0.075658 -0.093641 -0.137142
v -0.067201 -0.092031 -0.140364
v -0.046966 -0.071291 -0.141571
v -0.057133 -0.097870 -0.120833
v -0.065188 -0.098876 -0.115497
v -0.046362 -0.051660 -0.118618
v -0.041227 -0.057096 -0.122142
v -0.045456 -0.059211 -0.111068
v -0.041227 -0.063841 -0.113483
v -0.042838 -0.073506 -0.126471
v -0.044046 -0.076426 -0.112980
v -0.037704 -0.083976 -0.092039
v -0.054013 -0.099379 -0.095764
v -0.046966 -0.100588 -0.082778
v -0.036999 -0.096762 -0.079354
v -0.044248 -0.103708 -0.075830
v -0.041429 -0.112971 -0.063850
v -0.039515 -0.106628 -0.065562
v -0.037804 -0.094749 -0.071603
v -0.037201 -0.075520 -0.084892
v -0.040220 -0.066559 -0.096772
v -0.071329 -0.091729 -0.112577
v -0.057234 -0.070889 -0.105429
v -0.065993 -0.063338 -0.112980
v -0.051194 -0.059412 -0.107644
v -0.053811 -0.051660 -0.114792
v -0.057838 -0.046123 -0.124860
v -0.071027 -0.039780 -0.152143
v -0.082000 -0.036659 -0.169661
v -0.085423 -0.037868 -0.179022
v -0.091565 -0.031927 -0.193318
v -0.096799 -0.047935 -0.171170
v -0.117941 -0.054177 -0.205400
v -0.103041 -0.030820 -0.205803
v -0.108779 -0.033035 -0.225232
v -0.119451 -0.034948 -0.231877
v -0.150358 -0.070184 -0.246778
v -0.137573 -0.036861 -0.261072
v -0.143311 -0.035753 -0.282617
v -0.138278 -0.006859 -0.295403
v -0.157506 -0.047230 -0.281206
v -0.179051 -0.096661 -0.278287
v -0.182776 -0.073607 -0.300034
v -0.201501 -0.112467 -0.303355
v -0.170292 -0.053875 -0.313423
v -0.170191 -0.044512 -0.325806
v -0.185292 -0.131998 -0.282918
v -0.196266 -0.147703 -0.290268
v -0.222743 -0.141763 -0.312819
v -0.204018 -0.159785 -0.291878
v -0.209253 -0.170556 -0.299429
v -0.221132 -0.189685 -0.300134
v -0.229086 -0.200859 -0.303959
v -0.236636 -0.180725 -0.310201
v -0.246201 -0.169449 -0.332551
v -0.229992 -0.140958 -0.348055
v -0.244690 -0.165020 -0.350270
v -0.256368 -0.187369 -0.337887
v -0.256268 -0.186362 -0.354196
v -0.245698 -0.177704 -0.359028
v -0.246805 -0.175590 -0.365371
v -0.248113 -0.198342 -0.314128
v -0.258785 -0.200356 -0.360237
v -0.260697 -0.198041 -0.368995
v -0.263718 -0.202974 -0.341612
v -0.262712 -0.230357 -0.339599
v -0.253650 -0.215658 -0.319263
v -0.266335 -0.242841 -0.339396
v -0.271973 -0.258546 -0.337383
v -0.247006 -0.223612 -0.313221
v -0.238046 -0.211330 -0.304966
v -0.219119 -0.205189 -0.287045
v -0.225160 -0.118407 -0.364767
v -0.222643 -0.120924 -0.356411
v -0.208548 -0.111561 -0.343021
v -0.205226 -0.111360 -0.346042
v -0.199488 -0.099379 -0.340706
v -0.215495 -0.124246 -0.339900
v -0.198581 -0.100487 -0.343223
v -0.203514 -0.100890 -0.327416
v -0.190829 -0.085285 -0.327114
v -0.199790 -0.074010 -0.350370
v -0.204622 -0.090017 -0.361041
v -0.203615 -0.077835 -0.368895
v -0.208548 -0.066559 -0.385506
v -0.196266 -0.059211 -0.370103
v -0.138781 -0.084681 -0.238219
v -0.152674 -0.095353 -0.252112
v -0.160124 -0.105823 -0.261978
v -0.169587 -0.113273 -0.270233
v -0.129216 -0.074916 -0.223118
v -0.117941 -0.076828 -0.211340
v -0.132338 -0.107031 -0.212145
v -0.111196 -0.071694 -0.186674
v -0.095893 -0.065654 -0.159694
v -0.084718 -0.059311 -0.144995
v -0.084215 -0.088305 -0.144290
v -0.079886 -0.086493 -0.133014
v -0.075054 -0.059211 -0.125262
v -0.185091 -0.158274 -0.263388
v -0.047368 -0.079647 -0.086402
v -0.045254 -0.093138 -0.074623
v -0.066999 -0.083976 -0.155968
v -0.063879 -0.093037 -0.150128
v -0.064584 -0.091627 -0.139558
v -0.055724 -0.080654 -0.136940
v -0.061462 -0.094849 -0.143082
v -0.062872 -0.099984 -0.138551
v -0.063174 -0.097164 -0.139154
v -0.058644 -0.092232 -0.131504
v -0.053811 -0.083473 -0.127477
v -0.051899 -0.063841 -0.125161
v -0.067603 -0.087299 -0.157679
v -0.065590 -0.095453 -0.161304
v -0.061362 -0.096963 -0.153451
v -0.059047 -0.100587 -0.157477
v -0.062268 -0.098574 -0.161405
v -0.063275 -0.073607 -0.151337
v -0.045052 -0.070083 -0.114792
v -0.050892 -0.085788 -0.120630
v -0.044852 -0.086694 -0.118215
v -0.034683 -0.064345 -0.111973
v -0.064483 -0.094647 -0.141872
v -0.067503 -0.095755 -0.148920
v -0.050389 -0.052968 -0.118919
v -0.055523 -0.056492 -0.135833
v -0.051596 -0.043103 -0.129289
v -0.059147 -0.052062 -0.138753
v -0.060053 -0.037062 -0.144189
v -0.055825 -0.029813 -0.143786
v -0.041328 -0.038371 -0.128987
v -0.042536 -0.046928 -0.116302
v -0.030152 -0.036156 -0.125967
v -0.037603 -0.025787 -0.138048
v -0.049985 -0.023068 -0.147612
v -0.026327 -0.030317 -0.122745
v -0.028844 -0.043908 -0.118718
v -0.023508 -0.038270 -0.120329
v -0.013139 -0.051358 -0.126974
v -0.039919 -0.059915 -0.110362
v -0.024918 -0.050552 -0.113483
v -0.012435 -0.053270 -0.131504
v -0.067503 -0.038673 -0.149121
v -0.066799 -0.029813 -0.149222
v -0.064080 -0.025685 -0.152544
v -0.075758 -0.027800 -0.159189
v -0.076766 -0.036458 -0.154961
v -0.076665 -0.042196 -0.157881
v -0.070825 -0.046022 -0.158687
v -0.068309 -0.049344 -0.150733
v -0.070121 -0.048539 -0.165130
v -0.072940 -0.044109 -0.163418
v -0.071429 -0.040887 -0.170063
v -0.068208 -0.061526 -0.171774
v -0.080289 -0.043103 -0.164927
v -0.083913 -0.038773 -0.158383
v -0.064483 -0.045921 -0.173182
v -0.087739 -0.041894 -0.165934
v -0.079080 -0.039176 -0.171371
v -0.087537 -0.038270 -0.172781
v -0.089954 -0.039377 -0.173887
v -0.090054 -0.042699 -0.165934
v -0.089451 -0.038773 -0.161706
v -0.092369 -0.041089 -0.161405
v -0.094988 -0.032129 -0.163920
v -0.091262 -0.030820 -0.162814
v -0.083007 -0.029813 -0.161304
v -0.091866 -0.044310 -0.167143
v -0.092369 -0.042095 -0.173082
v -0.095088 -0.042196 -0.161606
v -0.097001 -0.034947 -0.164625
v -0.107572 -0.043807 -0.163519
v -0.105457 -0.047129 -0.161806
v -0.103142 -0.050753 -0.167646
v -0.103142 -0.049042 -0.173385
v -0.112102 -0.049948 -0.164927
v -0.117639 -0.048942 -0.167646
v -0.110390 -0.052263 -0.168955
v -0.115626 -0.051660 -0.169660
v -0.117135 -0.050552 -0.171572
v -0.114217 -0.050855 -0.173988
v -0.110390 -0.051760 -0.173887
v -0.050590 -0.099681 -0.159793
v -0.044852 -0.105621 -0.151639
v -0.056731 -0.107836 -0.150330
v -0.036596 -0.078338 -0.154256
v -0.047871 -0.105118 -0.143484
v -0.055724 -0.105118 -0.140263
v -0.036093 -0.083876 -0.137545
v -0.026931 -0.067667 -0.132812
v -0.045858 -0.104413 -0.139960
v -0.056731 -0.105722 -0.133416
v -0.027133 -0.067969 -0.121840
v -0.050892 -0.098373 -0.164625
v -0.068107 -0.099279 -0.149826
v -0.038911 -0.088003 -0.123450
v -0.046059 -0.101796 -0.124557
v -0.044751 -0.105823 -0.131504
v -0.053610 -0.108440 -0.128483
v -0.053711 -0.103004 -0.122342
v -0.073443 -0.101292 -0.124054
v -0.071329 -0.102501 -0.118516
v -0.068610 -0.099077 -0.114591
v -0.060959 -0.098171 -0.132410
v -0.073443 -0.095352 -0.124759
v -0.051596 -0.100990 -0.122443
v -0.074651 -0.101192 -0.116302
v -0.071228 -0.096560 -0.113181
v -0.077570 -0.097668 -0.114893
v -0.073846 -0.093037 -0.112678
v -0.076966 -0.099580 -0.123047
v -0.075155 -0.093339 -0.122846
v -0.079383 -0.096259 -0.121436
v -0.077168 -0.090520 -0.122544
v -0.081396 -0.079144 -0.114188
v -0.079383 -0.079043 -0.111570
v -0.083813 -0.079345 -0.117106
v -0.082202 -0.072298 -0.113382
v -0.083712 -0.071694 -0.116805
v -0.081699 -0.077735 -0.120329
v -0.082101 -0.064949 -0.114490
v -0.078678 -0.071895 -0.113181
v -0.080691 -0.070687 -0.119020
v 0.062065 0.079419 -0.023077
v 0.076260 0.069754 -0.005056
v 0.068811 0.070962 0.007730
v 0.070925 0.081533 -0.023782
v 0.083710 0.070760 -0.029320
v 0.082200 0.056767 -0.012104
v 0.093174 0.063512 -0.037474
v 0.077468 0.044384 0.013367
v 0.071931 0.052941 0.020515
v 0.077267 0.038041 0.041154
v 0.062065 0.051431 0.029374
v 0.067904 0.037840 0.048804
v 0.083610 0.038142 0.063704
v 0.078072 0.039149 0.068234
v 0.083610 0.031196 0.031589
v 0.098308 0.024047 0.006622
v 0.092067 0.024451 0.031791
v 0.094785 0.032605 0.066020
v 0.104550 0.025457 0.039945
v 0.115121 0.018309 0.043468
v 0.138075 0.022336 0.065013
v 0.119349 0.003409 0.050717
v 0.138679 0.007638 0.062697
v 0.112302 0.017504 0.031086
v 0.117336 0.006631 0.007830
v 0.102939 0.017705 0.019811
v 0.114014 0.020121 -0.010593
v 0.119450 0.001195 -0.006768
v 0.130826 0.014584 -0.035460
v 0.131832 0.002805 -0.027708
v 0.149250 0.008947 -0.039084
v 0.151465 0.035927 -0.046433
v 0.182371 0.038041 -0.040897
v 0.187405 0.008845 -0.033648
v 0.195157 0.040860 -0.033346
v 0.200392 0.012772 -0.010896
v 0.202607 0.041565 -0.013010
v 0.172405 0.068345 -0.052072
v 0.140591 0.055559 -0.051267
v 0.130524 0.032102 -0.040393
v 0.192137 0.076701 -0.036870
v 0.201298 0.080526 -0.015326
v 0.144618 0.076399 -0.056299
v 0.149149 0.099856 -0.049957
v 0.178747 0.106199 -0.034756
v 0.120154 0.073277 -0.063247
v 0.113409 0.057270 -0.053381
v 0.118242 0.041263 -0.046635
v 0.127000 0.098950 -0.059723
v 0.168075 0.132373 -0.027508
v 0.109986 0.089889 -0.055696
v 0.105255 0.080325 -0.046535
v 0.103946 0.073580 -0.042507
v 0.099013 0.047304 -0.043917
v 0.091966 0.043780 -0.024587
v 0.109986 0.037840 -0.031937
v 0.112302 0.032605 -0.028111
v 0.090556 0.037437 -0.005761
v 0.110892 0.101265 -0.061132
v 0.111698 0.126837 -0.057609
v 0.124584 0.127440 -0.051064
v 0.140189 0.128145 -0.043313
v 0.151665 0.161368 -0.013514
v 0.124383 0.154723 -0.032641
v 0.114214 0.153012 -0.036064
v 0.098912 0.149589 -0.046031
v 0.100523 0.158046 -0.023682
v 0.086730 0.157945 -0.034957
v 0.088341 0.161368 -0.009587
v 0.071931 0.161569 -0.024184
v 0.077167 0.152709 -0.000224
v 0.063072 0.154220 -0.011097
v 0.054616 0.142844 -0.004754
v 0.068408 0.142340 0.010448
v 0.106966 0.163583 -0.013514
v 0.090153 0.157643 0.003903
v 0.102335 0.171335 0.005918
v 0.082905 0.177778 0.025850
v 0.129920 0.179590 0.006018
v 0.100825 0.186939 0.031992
v 0.074247 0.147978 0.015582
v 0.077468 0.153717 0.024139
v 0.126295 0.168415 -0.015225
v 0.144216 0.168818 -0.007171
v 0.168479 0.165193 0.006319
v 0.181767 0.136199 -0.002540
v 0.191230 0.107406 -0.008077
v 0.159015 0.175966 0.014071
v 0.148242 0.182409 0.024240
v 0.124282 0.194188 0.047496
v 0.258180 0.095828 0.065113
v 0.254757 0.087674 0.071657
v 0.247609 0.067438 0.041455
v 0.257576 0.125931 0.083034
v 0.252542 0.117574 0.088974
v 0.251837 0.112239 0.089578
v 0.250428 0.080123 0.084644
v 0.242272 0.099252 0.098939
v 0.230997 0.068948 0.092296
v 0.240762 0.057874 0.075583
v 0.232004 0.045894 0.074577
v 0.248917 0.056767 0.065516
v 0.254354 0.134689 0.079409
v 0.214587 0.053444 0.097933
v 0.215594 0.025860 0.076288
v 0.237239 0.019316 0.055347
v 0.241166 0.039250 0.054441
v 0.243682 0.042773 0.033199
v 0.242575 0.077003 0.009642
v 0.233414 0.041968 0.003098
v 0.223849 0.080425 -0.009084
v 0.223849 0.043176 -0.008681
v 0.218715 0.112641 0.001487
v 0.207540 0.139421 0.008736
v 0.238749 0.115259 0.032898
v 0.227373 0.143951 0.039039
v 0.189318 0.168516 0.021723
v 0.211366 0.170832 0.049710
v 0.235629 0.149086 0.056757
v 0.215091 0.172442 0.060884
v 0.250529 0.123615 0.058570
v 0.249320 0.092607 0.038535
v 0.241266 0.154321 0.072564
v 0.224151 0.175764 0.078704
v 0.201500 0.177375 0.073369
v 0.210459 0.184020 0.087564
v 0.187103 0.180194 0.084443
v 0.198277 0.186838 0.101758
v 0.178545 0.172845 0.097330
v 0.186297 0.179389 0.110920
v 0.181667 0.169623 0.120787
v 0.169988 0.162978 0.108202
v 0.190929 0.179087 0.065315
v 0.191130 0.180194 0.045381
v 0.175726 0.173147 0.084041
v 0.170290 0.184020 0.069644
v 0.148646 0.186536 0.089477
v 0.141900 0.194490 0.070449
v 0.167471 0.186134 0.041253
v 0.158712 0.171234 0.098638
v 0.165257 0.165798 0.101758
v 0.181968 0.175865 0.028266
v 0.388150 -0.110051 0.209481
v 0.395701 -0.099782 0.216931
v 0.386943 -0.111360 0.220051
v 0.377881 -0.103104 0.204145
v 0.372948 -0.110353 0.199816
v 0.385029 -0.117903 0.204850
v 0.371740 -0.114279 0.196695
v 0.382814 -0.121930 0.201829
v 0.382109 -0.122636 0.213911
v 0.377580 -0.114380 0.223072
v 0.381909 -0.134716 0.211092
v 0.368015 -0.126561 0.215722
v 0.373049 -0.121125 0.219548
v 0.371942 -0.128374 0.204044
v 0.373150 -0.122736 0.195285
v 0.360968 -0.125756 0.209279
v 0.361069 -0.132804 0.196292
v 0.343451 -0.127770 0.199212
v 0.350699 -0.140052 0.188036
v 0.356639 -0.121628 0.178574
v 0.325330 -0.120219 0.181594
v 0.329457 -0.128575 0.173841
v 0.332175 -0.117400 0.170721
v 0.317174 -0.117198 0.165385
v 0.353015 -0.117098 0.185822
v 0.366304 -0.116091 0.193373
v 0.362478 -0.114480 0.214011
v 0.359861 -0.120420 0.209783
v 0.354122 -0.120320 0.205050
v 0.368720 -0.105320 0.219750
v 0.382412 -0.101796 0.232837
v 0.395399 -0.107635 0.229515
v 0.395499 -0.103809 0.229918
v 0.385231 -0.094345 0.234951
v 0.379191 -0.093540 0.236663
v 0.379090 -0.103809 0.237468
v 0.379995 -0.095755 0.244012
v 0.374056 -0.081560 0.233844
v 0.383318 -0.085587 0.234045
v 0.389358 -0.077231 0.232535
v 0.378486 -0.070486 0.221058
v 0.372445 -0.061928 0.218843
v 0.379795 -0.059915 0.207770
v 0.369224 -0.041592 0.197803
v 0.386842 -0.075318 0.214414
v 0.386640 -0.067466 0.206359
v 0.396506 -0.074814 0.206964
v 0.393990 -0.089111 0.212299
v 0.354324 -0.035653 0.217535
v 0.356337 -0.061626 0.232737
v 0.335598 -0.039176 0.232435
v 0.339021 -0.063841 0.239985
v 0.356840 -0.073808 0.241999
v 0.353115 -0.083473 0.250657
v 0.367914 -0.078238 0.253375
v 0.322410 -0.064345 0.242402
v 0.339826 -0.076627 0.250154
v 0.328954 -0.091124 0.257704
v 0.309523 -0.044210 0.232032
v 0.300261 -0.059613 0.227703
v 0.313550 -0.068573 0.237368
v 0.317477 -0.082063 0.239683
v 0.325933 -0.098977 0.249851
v 0.309624 -0.076526 0.231529
v 0.314054 -0.077432 0.232032
v 0.308315 -0.083976 0.232535
v 0.314255 -0.078942 0.236361
v 0.297241 -0.080453 0.231428
v 0.305497 -0.090621 0.234247
v 0.295631 -0.089010 0.232435
v 0.294724 -0.104614 0.242402
v 0.291503 -0.093540 0.220958
v 0.292711 -0.087500 0.220354
v 0.299154 -0.088809 0.211696
v 0.296637 -0.101796 0.210689
v 0.280026 -0.093842 0.221058
v 0.293617 -0.084077 0.219850
v 0.299859 -0.082466 0.209078
v 0.282140 -0.101695 0.223072
v 0.297442 -0.106729 0.213306
v 0.296134 -0.110454 0.241999
v 0.293617 -0.081157 0.219448
v 0.300764 -0.077432 0.207568
v 0.288382 -0.069076 0.212501
v 0.296536 -0.067466 0.213004
v 0.304792 -0.065452 0.200521
v 0.299053 -0.051257 0.211293
v 0.296838 -0.073305 0.228106
v 0.307308 -0.045317 0.197299
v 0.306100 -0.035954 0.211494
v 0.290999 -0.126964 0.229213
v 0.300966 -0.127266 0.240387
v 0.302375 -0.110555 0.238072
v 0.302878 -0.104212 0.237267
v 0.295227 -0.136629 0.231629
v 0.302878 -0.128676 0.223877
v 0.303583 -0.137233 0.229816
v 0.302174 -0.143475 0.234146
v 0.303483 -0.137636 0.237065
v 0.303382 -0.021961 0.202332
v 0.311839 -0.022665 0.185722
v 0.333484 -0.026793 0.187232
v 0.316772 -0.011591 0.210488
v 0.342645 -0.004141 0.212299
v 0.356840 -0.005954 0.210186
v 0.320296 -0.004041 0.196393
v 0.336605 0.002705 0.201024
v 0.351505 -0.001725 0.199011
v 0.366405 -0.011893 0.201024
v 0.367411 -0.045418 0.181493
v 0.379895 -0.061526 0.189547
v 0.377277 -0.064143 0.184715
v 0.388653 -0.073607 0.194379
v 0.384023 -0.079546 0.187332
v 0.397312 -0.084379 0.194179
v 0.387143 -0.087701 0.186225
v 0.395600 -0.091929 0.191762
v 0.398218 -0.101997 0.198910
v 0.391573 -0.099580 0.197500
v 0.391775 -0.101997 0.206359
v 0.386338 -0.101997 0.203843
v 0.376271 -0.090923 0.189648
v 0.367209 -0.076526 0.186829
v 0.393184 -0.096158 0.191360
v 0.363183 -0.084983 0.196594
v 0.371438 -0.097970 0.196997
v 0.369424 -0.099480 0.202232
v 0.364895 -0.101594 0.208675
v 0.352109 -0.091829 0.213306
v 0.345968 -0.081963 0.209884
v 0.356236 -0.078036 0.194379
v 0.338417 -0.071392 0.198607
v 0.330665 -0.076023 0.208776
v 0.368116 -0.103306 0.211193
v 0.330665 -0.084480 0.221461
v 0.336101 -0.092735 0.225287
v 0.351001 -0.103809 0.225388
v 0.342948 -0.104614 0.234448
v 0.352511 -0.107534 0.228609
v 0.352109 -0.107635 0.241496
v 0.347477 -0.111762 0.244616
v 0.362579 -0.106829 0.252973
v 0.355733 -0.104010 0.253878
v 0.318081 -0.090117 0.235353
v 0.317174 -0.083775 0.232837
v 0.317578 -0.081560 0.230421
v 0.321604 -0.082466 0.222166
v 0.324222 -0.084077 0.220455
v 0.325027 -0.077835 0.210890
v 0.320597 -0.079647 0.214414
v 0.317376 -0.077331 0.210286
v 0.318081 -0.067164 0.204245
v 0.311839 -0.068573 0.197500
v 0.323215 -0.061224 0.197903
v 0.313148 -0.052062 0.191460
v 0.329558 -0.037062 0.197500
v 0.310127 -0.082566 0.204950
v 0.318282 -0.084681 0.221259
v 0.314054 -0.086191 0.230925
v 0.308013 -0.086493 0.209078
v 0.306000 -0.092735 0.211595
v 0.310731 -0.093641 0.216931
v 0.307611 -0.104916 0.219347
v 0.313450 -0.093339 0.225388
v 0.310127 -0.105923 0.230723
v 0.313148 -0.083473 0.214917
v 0.310933 -0.092131 0.231226
v 0.310127 -0.109850 0.230925
v 0.306604 -0.109145 0.220253
v 0.309725 -0.123541 0.231830
v 0.116228 0.174355 0.126827
v 0.121261 0.163180 0.134176
v 0.102335 0.149589 0.132062
v 0.107167 0.151200 0.140117
v 0.109986 0.173952 0.121189
v 0.109785 0.188248 0.119075
v 0.122168 0.189557 0.121593
v 0.111899 0.206571 0.125921
v 0.126497 0.180194 0.125518
v 0.127604 0.171033 0.132565
v 0.128813 0.171939 0.138002
v 0.121061 0.161167 0.139210
v 0.114718 0.179389 0.137197
v 0.107268 0.171335 0.150486
v 0.109986 0.151502 0.144747
v 0.099919 0.159455 0.147264
v 0.137772 0.182610 0.135184
v 0.134752 0.199121 0.134479
v 0.157001 0.192376 0.130653
v 0.138477 0.182610 0.128942
v 0.155894 0.193785 0.126524
v 0.183680 0.212913 0.122901
v 0.155189 0.205766 0.127733
v 0.134551 0.189255 0.123103
v 0.154082 0.206067 0.122699
v 0.167069 0.211403 0.120082
v 0.150860 0.215028 0.125015
v 0.162639 0.221471 0.124008
v 0.177640 0.225598 0.121089
v 0.179754 0.218954 0.119477
v 0.177237 0.228216 0.125015
v 0.152169 0.221571 0.129344
v 0.162639 0.226806 0.130149
v 0.182573 0.212209 0.119679
v 0.131933 0.195899 0.122297
v 0.127906 0.206067 0.129647
v 0.130927 0.213618 0.135889
v 0.139081 0.219457 0.141627
v 0.153981 0.224289 0.133572
v 0.155290 0.220766 0.136592
v 0.142202 0.216940 0.150888
v 0.164350 0.224289 0.131659
v 0.142706 0.213115 0.151694
v 0.121463 0.204557 0.129243
v 0.113409 0.209994 0.139613
v 0.120054 0.212611 0.141526
v 0.112805 0.210799 0.152802
v 0.118947 0.209792 0.153103
v 0.129920 0.214927 0.151694
v 0.126095 0.207678 0.152297
v 0.117839 0.202141 0.155519
v 0.107771 0.203953 0.161460
v 0.129920 0.217041 0.141627
v 0.322511 0.089989 0.160754
v 0.333282 0.092909 0.157432
v 0.323618 0.098144 0.149076
v 0.329558 0.078614 0.171224
v 0.322007 0.077606 0.170822
v 0.311336 0.085862 0.158338
v 0.312544 0.089989 0.151694
v 0.313651 0.093211 0.143035
v 0.305497 0.079721 0.139209
v 0.304691 0.073378 0.143035
v 0.307107 0.066633 0.126827
v 0.303583 0.072371 0.125216
v 0.307811 0.071566 0.111625
v 0.315967 0.063311 0.110518
v 0.319793 0.047002 0.116860
v 0.329759 0.056968 0.105786
v 0.326135 0.065425 0.103672
v 0.319591 0.076902 0.101558
v 0.331571 0.072472 0.102564
v 0.340531 0.064116 0.105383
v 0.340430 0.050525 0.112430
v 0.310631 0.081533 0.102463
v 0.300362 0.073982 0.114243
v 0.292610 0.086668 0.101859
v 0.298349 0.073882 0.126324
v 0.285563 0.080727 0.111525
v 0.289389 0.075995 0.129243
v 0.293919 0.082137 0.142129
v 0.301973 0.081231 0.140821
v 0.275093 0.077808 0.135384
v 0.279019 0.084956 0.145653
v 0.285260 0.092909 0.147465
v 0.296637 0.089989 0.143538
v 0.288583 0.101769 0.143438
v 0.307811 0.097741 0.141123
v 0.267341 0.106097 0.146660
v 0.299456 0.110527 0.137901
v 0.281032 0.122709 0.138807
v 0.275898 0.112842 0.142633
v 0.321604 0.102372 0.142633
v 0.334692 0.100963 0.141525
v 0.327947 0.105292 0.134377
v 0.261502 0.097238 0.144042
v 0.240058 0.115863 0.145150
v 0.236031 0.103782 0.134981
v 0.224957 0.111735 0.141525
v 0.230292 0.131971 0.153002
v 0.212272 0.125024 0.150787
v 0.250628 0.141837 0.142834
v 0.255462 0.124622 0.141123
v 0.264623 0.134689 0.135082
v 0.241166 0.154924 0.142935
v 0.221333 0.146066 0.152700
v 0.211466 0.164287 0.144747
v 0.196567 0.152106 0.145854
v 0.192137 0.166905 0.135686
v 0.200090 0.177274 0.130653
v 0.231903 0.170630 0.134680
v 0.219319 0.183013 0.116759
v 0.247910 0.170127 0.115953
v 0.236333 0.176268 0.100048
v 0.251837 0.158348 0.085752
v 0.259790 0.142139 0.088168
v 0.261502 0.132575 0.089980
v 0.253951 0.126031 0.095718
v 0.246904 0.118883 0.096221
v 0.258079 0.162676 0.100752
v 0.265328 0.156032 0.105082
v 0.269354 0.148179 0.105082
v 0.264320 0.138012 0.095920
v 0.258481 0.160260 0.121491
v 0.262005 0.152709 0.126021
v 0.273884 0.126434 0.088571
v 0.281032 0.137105 0.093302
v 0.290898 0.118682 0.089376
v 0.298751 0.127138 0.096926
v 0.284153 0.144153 0.106994
v 0.300160 0.134890 0.110316
v 0.295831 0.136602 0.125015
v 0.304893 0.127843 0.126223
v 0.309523 0.123816 0.113639
v 0.316772 0.116769 0.125518
v 0.313651 0.115863 0.114947
v 0.308718 0.114252 0.132263
v 0.303080 0.112742 0.101658
v 0.323618 0.104185 0.107698
v 0.298449 0.124923 0.133069
v 0.282241 0.142542 0.122296
v 0.300261 0.102977 0.098336
v 0.286469 0.102977 0.087765
v 0.271065 0.112138 0.084041
v 0.258582 0.097439 0.097732
v 0.238246 0.113246 0.101356
v 0.277912 0.092305 0.090886
v 0.233414 0.108614 0.101356
v 0.317074 0.093010 0.101558
v 0.326940 0.089486 0.102262
v 0.333182 0.098547 0.109510
v 0.337411 0.083546 0.105383
v 0.350699 0.064922 0.117162
v 0.351203 0.078915 0.113639
v 0.360767 0.077003 0.120384
v 0.361975 0.065324 0.131558
v 0.354625 0.039250 0.127229
v 0.358954 0.082942 0.133069
v 0.364995 0.048914 0.140821
v 0.362579 0.063512 0.149881
v 0.343350 0.093211 0.113940
v 0.333786 0.102675 0.118974
v 0.344759 0.097741 0.123505
v 0.356337 0.088178 0.120686
v 0.333383 0.105393 0.129746
v 0.324222 0.112440 0.126827
v 0.324121 0.108212 0.115753
v 0.319692 0.109017 0.132364
v 0.340229 0.100258 0.133672
v 0.347176 0.092104 0.147163
v 0.313249 0.105997 0.138405
v 0.354021 0.071868 0.160855
v 0.346370 0.076701 0.169009
v 0.352914 0.045793 0.174546
v 0.362177 0.038142 0.162164
v 0.360364 0.024047 0.172432
v 0.349492 0.028679 0.181090
v 0.365901 0.033209 0.152197
v 0.363183 0.018510 0.163372
v 0.340129 0.053747 0.180989
v 0.337611 0.033914 0.186124
v 0.320799 0.051129 0.179681
v 0.325229 0.032404 0.184715
v 0.312342 0.072371 0.168304
v 0.300865 0.060391 0.152297
v 0.307611 0.051834 0.134780
v 0.321907 0.029585 0.127431
v 0.341740 0.032706 0.120887
v 0.306503 0.041565 0.161861
v 0.315463 0.024148 0.169413
v 0.318584 0.010658 0.176258
v 0.322812 0.017806 0.157835
v 0.321302 0.002403 0.168607
v 0.326739 0.018913 0.191057
v 0.312342 0.034619 0.144144
v 0.340329 0.019014 0.135082
v 0.323416 0.022840 0.137297
v 0.326940 0.013275 0.155419
v 0.340430 0.009651 0.152297
v 0.340531 0.000792 0.163876
v 0.336001 0.019518 0.191259
v 0.348484 0.016195 0.187533
v 0.359156 0.013678 0.180185
v 0.362276 0.007135 0.171628
v 0.353518 0.010759 0.154412
v 0.354928 0.023041 0.138606
v 0.353216 0.000590 0.165485
v 0.159619 -0.010786 -0.027104
v 0.137974 -0.006155 -0.022071
v 0.122168 -0.005752 -0.002842
v 0.131228 -0.026994 -0.017641
v 0.114315 -0.019947 0.000983
v 0.119751 -0.006054 0.012360
v 0.122369 -0.005550 0.042462
v 0.108476 -0.021155 0.022226
v 0.111195 -0.010585 0.051623
v 0.131933 -0.007463 0.067832
v 0.103744 -0.028907 0.065819
v 0.119651 -0.026390 0.083940
v 0.141296 -0.027296 0.094007
v 0.153075 -0.008773 0.083637
v 0.160525 -0.005047 0.074275
v 0.141799 -0.003538 0.058066
v 0.161331 -0.024377 0.086355
v 0.181767 -0.019846 0.079811
v 0.190727 -0.005047 0.071859
v 0.201096 -0.018739 0.070046
v 0.205426 -0.004141 0.066926
v 0.196163 0.009248 0.074275
v 0.216097 -0.026793 0.052428
v 0.221534 -0.004645 0.048099
v 0.222440 -0.009880 0.025649
v 0.209956 0.003611 0.069341
v 0.153679 0.004416 0.079510
v 0.228279 0.005926 0.053536
v 0.236433 0.012168 0.034509
v 0.219017 -0.032129 0.031589
v 0.224655 0.010356 -0.002138
v 0.217507 -0.011692 0.002293
v 0.210258 -0.037666 0.008433
v 0.197070 -0.014007 -0.007977
v 0.199385 -0.061626 0.017394
v 0.189016 -0.038874 -0.001533
v 0.162841 0.021833 0.084845
v 0.141397 0.039049 0.107296
v 0.167270 0.031095 0.094711
v 0.175324 0.021531 0.085550
v 0.187908 0.023444 0.093302
v 0.177136 0.032102 0.106390
v 0.200593 0.035927 0.096021
v 0.176130 0.045290 0.114344
v 0.142706 0.047505 0.117263
v 0.164753 0.053243 0.120987
v 0.157102 0.053848 0.130954
v 0.137068 0.049519 0.122599
v 0.191230 0.063210 0.116759
v 0.126095 0.048109 0.112330
v 0.121866 0.040156 0.103874
v 0.123981 0.048612 0.116256
v 0.116429 0.048109 0.107699
v 0.113510 0.048109 0.111122
v 0.116832 0.066331 0.119579
v 0.107167 0.065626 0.114142
v 0.107973 0.049921 0.106491
v 0.107369 0.052639 0.094813
v 0.101228 0.059787 0.099443
v 0.095791 0.047807 0.095316
v 0.094986 0.044686 0.088370
v 0.091059 0.044182 0.090484
v 0.085220 0.061600 0.093806
v 0.078777 0.059183 0.084041
v 0.085321 0.041767 0.080618
v 0.089751 0.042773 0.079510
v 0.100019 0.036934 0.084343
v 0.102033 0.042270 0.090987
v 0.114718 0.041565 0.089376
v 0.113913 0.044182 0.101759
v 0.074146 0.072975 0.084846
v 0.066697 0.069150 0.072664
v 0.081696 0.076097 0.096625
v 0.070220 0.055861 0.071255
v 0.059749 0.057975 0.054543
v 0.053911 0.064217 0.031791
v 0.053911 0.077606 0.008434
v 0.045756 0.078512 -0.025091
v 0.048776 0.080727 0.035516
v 0.043944 0.092506 0.013468
v 0.034983 0.089486 -0.013915
v 0.034581 0.099453 -0.010292
v 0.045655 0.101366 0.013569
v 0.046864 0.116568 0.013267
v 0.039413 0.117172 -0.005862
v 0.053306 0.130360 0.010649
v 0.045554 0.133179 -0.003546
v 0.031158 0.112540 0.029878
v 0.051092 0.096634 0.041053
v 0.045051 0.117272 0.045483
v 0.048072 0.114252 0.051321
v 0.055723 0.107406 0.066624
v 0.055420 0.090694 0.061993
v 0.056730 0.069754 0.057764
v 0.069112 0.085560 0.081524
v 0.064682 0.096936 0.084544
v 0.073944 0.091198 0.098538
v 0.085824 0.090896 0.108907
v 0.091160 0.078714 0.105586
v 0.093375 0.066230 0.099746
v 0.098409 0.065727 0.101155
v 0.100019 0.067438 0.105786
v 0.100825 0.079620 0.114545
v 0.113409 0.080023 0.121593
v 0.126396 0.080023 0.128640
v 0.130222 0.066734 0.127432
v 0.146431 0.073681 0.136089
v 0.141094 0.085258 0.137096
v 0.133142 0.104789 0.134982
v 0.114416 0.093614 0.124008
v 0.159820 0.101668 0.141525
v 0.151465 0.115964 0.136392
v 0.177338 0.119286 0.142935
v 0.175223 0.127642 0.139411
v 0.159015 0.131468 0.137498
v 0.144719 0.135595 0.138908
v 0.162538 0.144756 0.137196
v 0.172203 0.142441 0.135183
v 0.190828 0.128850 0.145351
v 0.196868 0.118783 0.144848
v 0.186600 0.148079 0.141022
v 0.171700 0.155226 0.125720
v 0.182170 0.162274 0.131861
v 0.141498 0.126736 0.140922
v 0.125591 0.120091 0.131961
v 0.153175 0.152005 0.125015
v 0.165961 0.150193 0.124008
v 0.164149 0.157945 0.114041
v 0.152270 0.157945 0.108906
v 0.109483 0.105393 0.126525
v 0.096496 0.095224 0.119780
v -0.079684 -0.033035 -0.171069
v -0.088645 -0.032732 -0.175499
v -0.085322 -0.026390 -0.168048
v -0.079282 -0.026189 -0.166035
v -0.071530 -0.032229 -0.169962
v -0.073644 -0.025182 -0.164425
v -0.092571 -0.025988 -0.171572
v -0.096397 -0.030317 -0.171774
v -0.093880 -0.034847 -0.175700
v -0.100222 -0.035249 -0.170566
v -0.095692 -0.036659 -0.175599
v -0.107471 -0.041089 -0.174693
v -0.106162 -0.046022 -0.176505
v -0.108679 -0.041391 -0.169358
v -0.057939 -0.042699 -0.170867
v -0.052804 -0.029914 -0.168149
v -0.040019 -0.045015 -0.167646
v -0.054617 -0.054478 -0.176304
v -0.049181 -0.063741 -0.179123
v -0.063980 -0.056492 -0.178318
v -0.059449 -0.066358 -0.186975
v -0.041629 -0.030015 -0.165934
v -0.044046 -0.022464 -0.159088
v -0.056933 -0.022363 -0.160398
v -0.032569 -0.030820 -0.162713
v -0.029952 -0.024377 -0.146907
v -0.027333 -0.033437 -0.155868
v -0.026629 -0.025182 -0.139457
v -0.021797 -0.040586 -0.153853
v -0.028139 -0.053069 -0.162008
v -0.016461 -0.048841 -0.145095
v -0.026126 -0.062633 -0.149121
v -0.016663 -0.056895 -0.129289
v -0.015353 -0.045216 -0.136639
v -0.021092 -0.034847 -0.141672
v -0.025421 -0.027800 -0.140364
v -0.030253 -0.025082 -0.118316
v -0.017971 -0.054982 -0.119122
v -0.014145 -0.048539 -0.135027
v -0.042233 -0.071392 -0.171270
v -0.051697 -0.095856 -0.173686
v -0.056731 -0.089111 -0.179727
v -0.056127 -0.085285 -0.183552
v -0.069919 -0.086191 -0.178519
v -0.066094 -0.092533 -0.178418
v -0.069718 -0.085587 -0.188083
v -0.056026 -0.079848 -0.189391
v -0.063074 -0.075016 -0.192311
v -0.073141 -0.078238 -0.191003
v -0.069718 -0.073305 -0.189391
v -0.074651 -0.074714 -0.188385
v -0.090658 -0.088607 -0.177310
v -0.091161 -0.089211 -0.183854
v -0.096698 -0.090017 -0.182546
v -0.095692 -0.088003 -0.175599
v -0.101128 -0.086292 -0.180129
v -0.098813 -0.083976 -0.173284
v -0.093880 -0.083372 -0.173182
v -0.089550 -0.084882 -0.174894
v -0.098209 -0.081157 -0.171371
v -0.112404 -0.067869 -0.164021
v -0.113914 -0.067667 -0.168955
v -0.101431 -0.081057 -0.183854
v -0.114015 -0.065553 -0.171874
v -0.107974 -0.067264 -0.163216
v -0.108880 -0.062834 -0.174592
v -0.098712 -0.076224 -0.183149
v -0.109284 -0.051056 -0.163720
v -0.097403 -0.085788 -0.187378
v -0.096195 -0.080050 -0.185365
v -0.091967 -0.084681 -0.187479
v -0.092068 -0.080251 -0.186975
v 0.080891 0.028075 -0.102509
v 0.085724 0.020121 -0.088213
v 0.074952 0.031196 -0.097677
v 0.078374 0.024350 -0.084085
v 0.065790 0.031296 -0.077140
v 0.063575 0.038746 -0.089019
v 0.069415 0.044787 -0.096871
v 0.078475 0.037538 -0.102107
v 0.090153 0.026968 -0.069085
v 0.094885 0.016397 -0.080865
v 0.078072 0.051733 -0.098281
v 0.061360 0.064720 -0.085194
v 0.074146 0.066029 -0.090227
v 0.084012 0.072673 -0.092744
v 0.092267 0.055257 -0.103315
v 0.100221 0.013275 -0.083482
v 0.089952 0.020323 -0.090026
v 0.090455 0.040659 -0.109758
v 0.092670 0.036330 -0.114388
v 0.085422 0.029283 -0.102711
v 0.086629 0.040458 -0.117912
v 0.096798 0.037840 -0.126470
v 0.082704 0.038142 -0.129289
v 0.091463 0.032605 -0.136538
v 0.070824 0.030692 -0.137846
v 0.107872 0.032907 -0.129088
v 0.079180 0.042169 -0.119523
v 0.068408 0.035223 -0.132209
v 0.101228 0.040558 -0.121135
v 0.099013 0.045894 -0.112577
v 0.103241 0.054149 -0.106033
v 0.108476 0.045089 -0.113181
v 0.111295 0.038444 -0.120128
v 0.116328 0.044585 -0.113080
v 0.113510 0.052136 -0.107040
v 0.122168 0.038645 -0.104523
v 0.122873 0.029081 -0.113080
v 0.127000 0.023746 -0.105329
v 0.125893 0.015088 -0.114388
v 0.123276 0.007135 -0.102611
v 0.124383 0.017303 -0.094153
v 0.122571 0.020625 -0.122846
v 0.117033 0.034115 -0.120933
v 0.122772 0.004920 -0.126772
v 0.125188 0.033611 -0.097576
v 0.120960 0.025054 -0.086803
v 0.111999 0.017303 -0.080965
v 0.103543 0.028679 -0.068180
v 0.116429 0.040659 -0.073817
v 0.115121 0.027471 -0.127275
v 0.118242 0.050324 -0.097174
v 0.119349 0.049216 -0.079656
v 0.119147 0.059183 -0.094254
v 0.109281 0.066734 -0.100698
v 0.099818 0.067740 -0.100899
v 0.107268 0.078009 -0.095059
v 0.094986 0.075995 -0.094757
v 0.104047 0.087875 -0.084690
v 0.090556 0.084251 -0.085697
v 0.094885 0.094117 -0.077442
v 0.114416 0.085560 -0.075629
v 0.110490 0.094017 -0.065965
v 0.108980 0.096533 -0.064958
v 0.086025 0.104990 -0.075528
v 0.104047 0.108413 -0.068380
v 0.112805 0.093916 -0.052775
v 0.105959 0.104084 -0.063850
v 0.097805 0.120696 -0.069387
v 0.099516 0.124219 -0.067575
v 0.103643 0.084754 -0.045024
v 0.077367 0.129353 -0.069489
v 0.082603 0.141334 -0.059018
v 0.061562 0.149086 -0.046736
v 0.054313 0.131468 -0.060629
v 0.045857 0.144454 -0.027205
v 0.041326 0.135998 -0.018547
v 0.037601 0.127642 -0.040795
v 0.034379 0.119085 -0.020761
v 0.036494 0.110024 -0.053079
v 0.032065 0.103883 -0.030829
v 0.032869 0.092003 -0.037675
v 0.040118 0.095426 -0.059319
v 0.043239 0.078714 -0.046433
v 0.048474 0.080526 -0.062240
v 0.064482 0.100661 -0.075026
v 0.065992 0.083144 -0.075830
v 0.080186 0.088882 -0.080059
v 0.056730 0.114051 -0.069489
v 0.084414 0.114856 -0.074119
v 0.049279 0.071164 -0.051467
v 0.054616 0.067036 -0.045125
v 0.055119 0.050022 -0.064757
v 0.054816 0.058679 -0.076938
v 0.065891 0.044585 -0.057206
v 0.067904 0.068445 -0.037877
v 0.073341 0.075895 -0.033346
v 0.087233 0.073681 -0.032641
v 0.096596 0.050122 -0.041300
v 0.090657 0.041968 -0.048850
v 0.101228 0.037337 -0.052172
v 0.081395 0.030692 -0.068481
v 0.079885 0.043982 -0.054185
v 0.068508 0.034316 -0.067273
v 0.114618 0.009148 -0.085999
v 0.098006 0.005725 -0.085294
v 0.107469 -0.001423 -0.088616
v 0.115423 0.000289 -0.093851
v 0.086730 0.018812 -0.091032
v 0.079582 0.030088 -0.102107
v 0.070723 0.013779 -0.090731
v 0.062871 0.030591 -0.099993
v 0.083710 -0.004443 -0.086502
v 0.064381 -0.012900 -0.088717
v 0.076663 -0.026290 -0.099389
v 0.094181 -0.016927 -0.098885
v 0.100624 -0.008773 -0.089321
v 0.109785 -0.010484 -0.099188
v 0.063676 0.036934 -0.122040
v 0.045152 0.018410 -0.103717
v 0.053810 0.003208 -0.094254
v 0.030856 0.004114 -0.109255
v 0.043944 0.021833 -0.128181
v 0.050487 0.011464 -0.143484
v 0.076159 0.017806 -0.147511
v 0.103342 0.020826 -0.139256
v 0.080489 0.006530 -0.146202
v 0.110691 0.002403 -0.135430
v 0.115624 -0.007463 -0.126571
v 0.097704 -0.014108 -0.130698
v 0.104449 -0.013001 -0.113684
v 0.080690 -0.028102 -0.114490
v 0.081294 -0.023370 -0.133617
v 0.084515 -0.008671 -0.142377
v 0.122067 0.003510 -0.120832
v 0.118947 -0.002530 -0.116201
v 0.058743 -0.020551 -0.141773
v 0.053105 -0.004443 -0.145598
v 0.032769 0.002302 -0.138450
v 0.028943 0.008845 -0.128384
v 0.019178 -0.004343 -0.136135
v 0.035890 -0.010987 -0.141872
v 0.023003 -0.016121 -0.141370
v 0.029850 -0.027498 -0.143584
v 0.011426 -0.016524 -0.149222
v 0.016862 -0.035351 -0.153249
v -0.006494 -0.023068 -0.155062
v 0.000855 -0.040384 -0.154357
v -0.014347 -0.035653 -0.147511
v -0.021092 -0.025988 -0.141068
v -0.013743 -0.009880 -0.143888
v -0.026126 -0.018840 -0.135128
v -0.017669 -0.002530 -0.132511
v -0.017770 -0.002329 -0.116503
v -0.028542 -0.014309 -0.123752
v -0.014749 -0.013907 -0.103415
v 0.001258 0.002202 -0.115598
v 0.002265 -0.009678 -0.101201
v 0.017969 -0.004645 -0.111469
v 0.016258 0.000993 -0.129490
v 0.018473 -0.014712 -0.106033
v 0.005084 -0.019846 -0.098784
v 0.015150 -0.038270 -0.107040
v -0.001561 -0.044512 -0.109556
v 0.026124 -0.029914 -0.115698
v 0.035990 -0.016121 -0.104724
v 0.036293 -0.009276 -0.104926
v 0.002265 0.003309 -0.128283
v 0.006191 -0.001423 -0.140464
v -0.011930 -0.026089 -0.099993
v -0.020991 -0.033337 -0.107040
v -0.014347 -0.044411 -0.115698
v -0.026428 -0.022565 -0.108047
v -0.008508 -0.047633 -0.145196
v -0.005085 -0.052163 -0.133820
v 0.007198 -0.051358 -0.138652
v -0.006293 -0.050451 -0.128886
v 0.007299 -0.052062 -0.129289
v 0.025721 -0.046223 -0.140665
v 0.032467 -0.037162 -0.138148
v 0.041729 -0.024276 -0.142478
v 0.044749 -0.033337 -0.136739
v 0.042635 -0.035653 -0.121738
v 0.028943 -0.037867 -0.125565
v 0.039514 -0.028404 -0.110966
v 0.024513 -0.048136 -0.125262
v 0.063173 -0.029914 -0.136235
v 0.062065 -0.034645 -0.116705
v 0.057434 -0.028807 -0.103012
v 0.138980 0.145562 0.129344
v 0.141598 0.160361 0.116961
v 0.133142 0.163784 0.125821
v 0.131832 0.180094 0.118773
v 0.140088 0.175664 0.107397
v 0.126699 0.125830 0.143439
v 0.130121 0.146569 0.134982
v 0.118443 0.127944 0.143338
v 0.126598 0.144656 0.127834
v 0.113510 0.127440 0.139915
v 0.119047 0.141434 0.125217
v 0.118543 0.124521 0.117263
v 0.100221 0.109822 0.150486
v 0.097905 0.109118 0.141325
v 0.079382 0.092406 0.144042
v 0.081696 0.098043 0.136593
v 0.109281 0.118279 0.114947
v 0.104348 0.115158 0.104075
v 0.068609 0.093413 0.127028
v 0.099013 0.112641 0.097632
v 0.064381 0.084352 0.133573
v 0.051494 0.087171 0.118370
v 0.057534 0.093715 0.114243
v 0.092067 0.111232 0.092899
v 0.049883 0.100158 0.096625
v 0.040621 0.098345 0.095215
v 0.047064 0.114655 0.077799
v 0.075656 0.111131 0.077597
v 0.063878 0.122407 0.074174
v 0.055018 0.131468 0.060785
v 0.081193 0.108715 0.089075
v 0.043239 0.114152 0.073167
v 0.047367 0.131568 0.057563
v 0.043138 0.110225 0.065617
v 0.052803 0.129555 0.048704
v 0.054414 0.134085 0.032092
v 0.037097 0.129253 0.018804
v 0.041527 0.110729 0.051422
v 0.028339 0.090896 0.039744
v 0.030050 0.079217 0.056153
v 0.041326 0.092406 0.090383
v 0.050991 0.080929 0.111223
v 0.053105 0.079520 0.114444
v 0.047668 0.072070 0.109511
v 0.050890 0.071465 0.108102
v 0.054313 0.080828 0.109511
v 0.055823 0.080023 0.112229
v 0.036393 0.088882 0.081826
v 0.026024 0.066029 0.071053
v 0.047870 0.075995 0.096927
v 0.033272 0.054351 0.086960
v 0.067904 0.077204 0.131257
v 0.084717 0.085560 0.143539
v 0.087737 0.087674 0.145050
v 0.106161 0.104285 0.150486
v 0.101329 0.087171 0.150888
v 0.127202 0.114051 0.151392
v 0.140390 0.128649 0.143841
v 0.130927 0.085560 0.168607
v 0.117436 0.070157 0.165083
v 0.156598 0.114655 0.159143
v 0.142605 0.100158 0.161057
v 0.091261 0.080325 0.149781
v 0.092670 0.079419 0.146560
v 0.089147 0.087573 0.141627
v 0.102838 0.086264 0.147667
v 0.116732 0.101970 0.152297
v 0.128007 0.112037 0.148271
v 0.086529 0.085862 0.140519
v 0.325229 -0.126360 0.260623
v 0.328048 -0.123038 0.270288
v 0.324121 -0.115185 0.259113
v 0.329356 -0.113675 0.267469
v 0.342444 -0.117198 0.267871
v 0.341840 -0.111460 0.266664
v 0.329759 -0.106024 0.266060
v 0.323517 -0.108038 0.255891
v 0.343854 -0.107333 0.270187
v 0.344458 -0.122333 0.275724
v 0.352310 -0.124246 0.257603
v 0.352511 -0.113071 0.254382
v 0.328148 -0.133709 0.268275
v 0.325833 -0.134817 0.260523
v 0.323618 -0.140153 0.262435
v 0.339927 -0.130287 0.268174
v 0.347881 -0.135219 0.258409
v 0.346471 -0.127165 0.249449
v 0.341336 -0.136931 0.251462
v 0.346572 -0.145488 0.257704
v 0.343652 -0.149716 0.247133
v 0.333786 -0.152032 0.265355
v 0.330263 -0.162603 0.260321
v 0.333585 -0.162804 0.242099
v 0.315363 -0.158274 0.254079
v 0.322913 -0.170959 0.253576
v 0.310631 -0.177604 0.237770
v 0.319892 -0.142468 0.266060
v 0.325732 -0.141663 0.268677
v 0.338820 -0.136729 0.268476
v 0.338719 -0.146495 0.273610
v 0.024010 0.150394 0.116457
v 0.026427 0.151401 0.102666
v 0.036695 0.141132 0.098437
v 0.048675 0.136300 0.082530
v 0.050487 0.131870 0.088269
v 0.039312 0.133582 0.104276
v 0.054616 0.128045 0.094914
v 0.043642 0.132273 0.108304
v 0.061260 0.130561 0.099545
v 0.052098 0.146468 0.074677
v 0.029749 0.175462 0.089880
v 0.065387 0.123515 0.084041
v 0.069515 0.121601 0.090987
v 0.074348 0.125024 0.094108
v 0.038004 0.175160 0.082732
v 0.062367 0.162072 0.058469
v 0.061863 0.178885 0.065114
v 0.031158 0.189657 0.088572
v 0.038306 0.201638 0.075584
v 0.059749 0.199423 0.068234
v 0.072032 0.188550 0.070047
v 0.073542 0.178180 0.053234
v 0.087334 0.184020 0.055852
v 0.100221 0.189758 0.070249
v 0.082905 0.193584 0.076792
v 0.063173 0.144454 0.063806
v 0.060656 0.128750 0.069544
v 0.079180 0.123615 0.100048
v 0.065790 0.125729 0.109814
v 0.086126 0.124118 0.109008
v 0.075354 0.125326 0.119579
v 0.062065 0.115259 0.127129
v 0.047568 0.122507 0.121189
v 0.042333 0.112842 0.137801
v 0.054816 0.108514 0.135787
v 0.026527 0.123313 0.141425
v 0.030353 0.134790 0.126022
v 0.025621 0.141938 0.118370
v 0.036695 0.110024 0.153002
v 0.024816 0.116366 0.155217
v 0.016963 0.127038 0.145754
v 0.020386 0.134387 0.126022
v 0.013540 0.135092 0.128438
v 0.009815 0.143146 0.139713
v 0.009916 0.147777 0.133270
v 0.010822 0.143649 0.125619
v 0.011527 0.150394 0.127331
v 0.006996 0.161368 0.136190
v 0.009312 0.146770 0.147264
v 0.001861 0.155831 0.151392
v 0.003372 0.169220 0.141928
v 0.000151 0.162978 0.152297
v 0.003674 0.172644 0.156023
v 0.003775 0.166301 0.162768
v 0.006694 0.173046 0.160956
v 0.008305 0.164086 0.172131
v 0.008607 0.171234 0.168910
v 0.004882 0.177677 0.162768
v 0.006895 0.158750 0.172231
v 0.011527 0.160663 0.177970
v 0.010217 0.154924 0.179883
v 0.019279 0.160965 0.183709
v 0.015956 0.157240 0.190152
v 0.016560 0.147978 0.192165
v 0.012533 0.143649 0.180487
v 0.006291 0.150495 0.168104
v 0.014346 0.141736 0.193172
v 0.013741 0.138414 0.183507
v 0.020788 0.145764 0.201730
v 0.016258 0.140025 0.202534
v 0.016661 0.156334 0.196696
v 0.002768 0.156435 0.162668
v 0.011023 0.137810 0.171526
v 0.013036 0.132978 0.175856
v 0.017165 0.137307 0.183205
v 0.016460 0.132071 0.177063
v 0.016661 0.138213 0.192870
v 0.018473 0.136300 0.200220
v 0.020184 0.139018 0.208575
v 0.021795 0.133884 0.206762
v 0.003372 0.151804 0.160855
v 0.009110 0.142139 0.166795
v 0.011627 0.135595 0.152802
v 0.026829 0.136904 0.213609
v 0.027635 0.139622 0.211596
v 0.022702 0.142743 0.207065
v 0.021292 0.150193 0.206663
v 0.017969 0.158146 0.201226
v 0.017969 0.160059 0.194582
v 0.021694 0.161972 0.200723
v 0.023104 0.146166 0.211696
v 0.022399 0.152106 0.211596
v 0.026930 0.154220 0.214213
v 0.026427 0.143448 0.214918
v 0.031158 0.146267 0.214918
v 0.031863 0.151703 0.215421
v 0.035990 0.149891 0.212300
v 0.034480 0.142944 0.211495
v 0.039514 0.145562 0.208978
v 0.042030 0.139421 0.212703
v 0.049984 0.141233 0.206964
v 0.049279 0.147474 0.204749
v 0.059850 0.142441 0.198911
v 0.062367 0.153616 0.200018
v 0.051393 0.156636 0.203844
v 0.073139 0.149086 0.193978
v 0.070019 0.157643 0.196796
v 0.053306 0.159958 0.196897
v 0.062871 0.159354 0.198004
v 0.069415 0.162978 0.195789
v 0.056830 0.137508 0.200119
v 0.046360 0.155730 0.208172
v 0.079582 0.155025 0.192367
v 0.079079 0.164388 0.191964
v 0.066897 0.134588 0.191864
v 0.062367 0.130158 0.193373
v 0.066092 0.121400 0.186225
v 0.060555 0.123615 0.191158
v 0.058240 0.114554 0.192870
v 0.059448 0.108514 0.185621
v 0.068408 0.115259 0.178071
v 0.078274 0.132373 0.177366
v 0.077972 0.124118 0.168205
v 0.088643 0.139018 0.168910
v 0.092570 0.131367 0.157735
v 0.093274 0.143750 0.164077
v 0.097301 0.139320 0.157634
v 0.096194 0.146367 0.158741
v 0.094785 0.157542 0.169010
v 0.084717 0.143247 0.175151
v 0.087938 0.153616 0.184413
v 0.093677 0.167408 0.176661
v 0.088844 0.160764 0.186729
v 0.083911 0.171234 0.187131
v 0.098107 0.158146 0.159345
v 0.065086 0.114655 0.170016
v 0.051595 0.106903 0.177063
v 0.044245 0.100862 0.188037
v 0.052300 0.099453 0.196292
v 0.052601 0.109923 0.201829
v 0.055823 0.120896 0.195588
v 0.048776 0.116568 0.206058
v 0.046561 0.118581 0.202435
v 0.056930 0.109319 0.160352
v 0.073441 0.121299 0.158540
v 0.089046 0.131065 0.151593
v 0.094885 0.136199 0.149680
v 0.097503 0.137508 0.152097
v 0.092670 0.144857 0.147667
v 0.096899 0.144857 0.154714
v 0.081696 0.132273 0.145050
v 0.075253 0.124118 0.133573
v 0.063072 0.111735 0.145553
v 0.090858 0.139219 0.142633
v 0.094181 0.147676 0.142734
v 0.105959 0.172341 0.155519
v 0.100624 0.169019 0.164379
v 0.097704 0.180597 0.168003
v 0.089147 0.176972 0.180890
v 0.107167 0.189355 0.158339
v 0.094482 0.200329 0.172534
v 0.084012 0.131770 0.125417
v 0.094684 0.129152 0.114344
v 0.100019 0.134085 0.117665
v 0.104047 0.134085 0.122800
v 0.092368 0.140629 0.125821
v 0.097100 0.139219 0.128438
v 0.109885 0.139521 0.125015
v 0.102838 0.145059 0.129042
v 0.107369 0.152408 0.129143
v 0.121261 0.150797 0.125318
v 0.111395 0.163080 0.120183
v 0.120859 0.164992 0.116961
v 0.119147 0.182610 0.110317
v 0.106161 0.178483 0.113437
v 0.104751 0.191973 0.097028
v 0.119349 0.189154 0.099243
v 0.115523 0.191570 0.084846
v 0.094181 0.195094 0.084745
v 0.101529 0.202342 0.087766
v 0.113610 0.199725 0.104881
v 0.108073 0.208584 0.093101
v 0.108980 0.235364 0.110618
v 0.113309 0.220565 0.117566
v 0.105657 0.233954 0.132868
v 0.110389 0.226504 0.132565
v 0.105858 0.227511 0.148774
v 0.100724 0.224390 0.161761
v 0.093979 0.231337 0.160352
v 0.092067 0.217141 0.172835
v 0.083509 0.227108 0.171526
v 0.082100 0.209792 0.182097
v 0.072234 0.214222 0.189649
v 0.078878 0.198416 0.186527
v 0.069314 0.199020 0.195789
v 0.071729 0.186939 0.199715
v 0.083307 0.187845 0.185118
v 0.081193 0.180597 0.191460
v 0.072032 0.180294 0.202031
v 0.078677 0.176167 0.191360
v 0.070824 0.176570 0.199212
v 0.069515 0.174053 0.192769
v 0.061461 0.173046 0.201125
v 0.071630 0.170127 0.193273
v 0.062166 0.163885 0.199011
v 0.052803 0.167509 0.198507
v 0.050186 0.168516 0.203441
v 0.046159 0.164892 0.200420
v 0.041226 0.165597 0.206964
v 0.040219 0.161267 0.207870
v 0.037601 0.168717 0.207669
v 0.042434 0.157441 0.210690
v 0.046964 0.159455 0.205756
v 0.029446 0.165999 0.208374
v 0.029346 0.173449 0.208978
v 0.036897 0.173247 0.209078
v 0.045454 0.170227 0.210286
v 0.041628 0.175362 0.211293
v 0.051192 0.173550 0.210488
v 0.048675 0.180496 0.209985
v 0.060153 0.175362 0.205153
v 0.048675 0.161167 0.197803
v 0.050991 0.164287 0.195487
v 0.050689 0.165395 0.196393
v 0.055219 0.163482 0.197803
v 0.078374 0.171536 0.188843
v 0.080287 0.149991 0.190353
v 0.071729 0.138817 0.189748
v 0.030957 -0.245559 -0.008983
v 0.040017 -0.236901 -0.020258
v 0.031057 -0.243243 -0.007573
v 0.038709 -0.237404 -0.019754
v 0.037601 -0.234082 -0.027305
v 0.039413 -0.230961 -0.030025
v 0.033071 -0.230458 -0.038178
v 0.033272 -0.228243 -0.037271
v 0.024312 -0.229149 -0.044119
v 0.024614 -0.229954 -0.043917
v 0.040420 -0.233780 -0.028514
v 0.005587 -0.235995 -0.049152
v 0.030252 -0.233276 -0.052374
v 0.013641 -0.245861 -0.057609
v 0.026225 -0.249184 -0.062742
v 0.043742 -0.231666 -0.057206
v 0.014446 -0.266701 -0.056199
v 0.001056 -0.254720 -0.052775
v -0.006494 -0.261264 -0.045527
v 0.008708 -0.275157 -0.043111
v -0.008206 -0.267506 -0.037877
v -0.001460 -0.269822 -0.030829
v 0.018171 -0.273748 -0.032641
v 0.040017 -0.292373 -0.059622
v 0.009211 -0.268714 -0.024084
v 0.030353 -0.267808 -0.022472
v 0.019379 -0.264788 -0.016835
v 0.042937 -0.282003 -0.072509
v 0.065186 -0.304957 -0.070495
v 0.072737 -0.297004 -0.048044
v 0.067904 -0.295896 -0.083079
v 0.053407 -0.264788 -0.082777
v 0.060857 -0.285627 -0.037071
v 0.002869 -0.257237 -0.011600
v -0.011730 -0.259452 -0.020258
v -0.008911 -0.251096 -0.012708
v 0.001962 -0.252506 -0.004955
v 0.013238 -0.252707 -0.008178
v 0.012432 -0.250190 -0.002137
v -0.014951 -0.241028 -0.015829
v -0.007803 -0.241230 -0.000525
v -0.007803 -0.221397 -0.009083
v -0.019381 -0.255526 -0.027507
v -0.017971 -0.249284 -0.035863
v -0.013038 -0.234988 -0.031333
v 0.006291 -0.236297 0.010649
v -0.006494 -0.219283 -0.023379
v 0.004076 -0.218477 -0.041500
v -0.005487 -0.241331 -0.044621
v 0.004480 -0.230256 -0.044319
v -0.006394 -0.231062 0.006320
v 0.025822 -0.217773 -0.045830
v 0.036998 -0.221095 -0.038077
v 0.042937 -0.224418 -0.028312
v 0.045655 -0.230055 -0.017339
v 0.052300 -0.215960 -0.026903
v 0.036594 -0.235089 -0.002741
v 0.057334 -0.223108 -0.015225
v 0.049782 -0.224719 -0.000224
v 0.033775 -0.205591 -0.045729
v 0.012735 -0.198544 -0.044924
v 0.001358 -0.196429 -0.037575
v -0.006696 -0.195926 -0.019353
v -0.007601 -0.197436 -0.002137
v 0.002164 -0.205591 0.011152
v -0.001259 -0.220088 0.012159
v 0.015050 -0.211933 0.019608
v 0.021795 -0.237203 0.008937
v 0.035688 -0.219283 0.013468
v 0.038004 -0.190591 0.028871
v 0.014144 -0.177301 0.024441
v 0.051092 -0.163710 0.041758
v 0.031057 -0.148106 0.035516
v 0.023305 -0.138542 0.019407
v 0.057132 -0.119313 0.058268
v 0.065891 -0.139851 0.057966
v 0.057635 -0.200960 0.018501
v 0.064179 -0.178208 0.039845
v 0.076059 -0.160791 0.050416
v 0.050689 -0.105722 0.046489
v 0.045655 -0.108541 0.022025
v 0.025218 -0.133106 -0.000224
v 0.051997 -0.111561 0.006320
v 0.034179 -0.134716 -0.016634
v 0.061159 -0.117098 -0.003647
v 0.046964 -0.141059 -0.029822
v 0.065086 -0.148509 -0.032743
v 0.078978 -0.124951 -0.011600
v 0.096596 -0.138844 -0.011399
v 0.083207 -0.162201 -0.027608
v 0.105657 -0.150623 -0.003546
v 0.095288 -0.174684 -0.018547
v 0.114014 -0.160992 0.008837
v 0.100925 -0.183141 -0.003546
v 0.109986 -0.172973 0.029878
v 0.068206 -0.189382 -0.038582
v 0.074851 -0.198544 -0.023480
v 0.077569 -0.205692 -0.008178
v 0.070824 -0.206296 0.005413
v 0.048575 -0.209719 -0.041199
v 0.048373 -0.179215 -0.042910
v 0.030353 -0.171664 -0.042407
v 0.015352 -0.163610 -0.030125
v 0.006493 -0.163006 -0.012607
v 0.002869 -0.168543 0.008937
v 0.378888 -0.094446 0.191057
v 0.386539 -0.092332 0.186627
v 0.381606 -0.100084 0.179681
v 0.389560 -0.105923 0.181694
v 0.382915 -0.108843 0.178875
v 0.389358 -0.116091 0.184715
v 0.379090 -0.115084 0.181694
v 0.379694 -0.111561 0.175654
v 0.376774 -0.102903 0.176258
v 0.374056 -0.114380 0.187533
v 0.371841 -0.101594 0.184614
v 0.368015 -0.104111 0.180890
v 0.368720 -0.105118 0.189044
v 0.373854 -0.104715 0.172734
v 0.374761 -0.115488 0.169312
v 0.364995 -0.107736 0.185822
v 0.375163 -0.117702 0.176761
v 0.371539 -0.116293 0.185318
v 0.363183 -0.119715 0.179178
v 0.373653 -0.125857 0.171426
v 0.366002 -0.119715 0.166392
v 0.356438 -0.118004 0.177165
v 0.342746 -0.109749 0.166090
v 0.350096 -0.116695 0.155318
v 0.368015 -0.106829 0.162365
v 0.369525 -0.106326 0.169211
v 0.356539 -0.104413 0.170218
v 0.361371 -0.105320 0.174546
v 0.351505 -0.105320 0.155419
v 0.338115 -0.108340 0.150385
v 0.329558 -0.101997 0.149982
v 0.365700 -0.105320 0.178574
v 0.361672 -0.109850 0.183406
v 0.354021 -0.111158 0.173540
v 0.346873 -0.103507 0.162365
v 0.357747 -0.112568 0.180486
v -0.089249 -0.078137 -0.179727
v -0.070624 -0.079446 -0.175499
v -0.074953 -0.076224 -0.182546
v -0.070221 -0.069882 -0.177110
v -0.067805 -0.066258 -0.185264
v -0.092672 -0.077835 -0.177613
v -0.096094 -0.074613 -0.175499
v -0.105558 -0.062432 -0.168250
v -0.066999 -0.068171 -0.160296
v -0.067100 -0.079748 -0.165733
v -0.069919 -0.084580 -0.162713
v -0.068913 -0.081661 -0.169559
v -0.070020 -0.088909 -0.166035
v -0.069517 -0.086493 -0.173486
v -0.079080 -0.082869 -0.160800
v -0.082303 -0.084782 -0.166841
v -0.083410 -0.082970 -0.159492
v -0.078476 -0.089211 -0.156471
v -0.082000 -0.088406 -0.155163
v -0.084819 -0.085083 -0.152444
v -0.085121 -0.079043 -0.156874
v -0.088443 -0.079647 -0.162612
v -0.086731 -0.083271 -0.165834
v -0.092571 -0.060720 -0.149121
v -0.092269 -0.062029 -0.145296
v -0.088946 -0.063741 -0.140766
v -0.091967 -0.053170 -0.140162
v 0.211667 0.111131 0.136291
v 0.234219 0.101668 0.126827
v 0.257475 0.088178 0.133874
v 0.259890 0.086366 0.119578
v 0.268750 0.080425 0.127834
v 0.278415 0.080929 0.117968
v 0.264320 0.090392 0.107900
v 0.233111 0.105795 0.114847
v 0.266032 0.090996 0.097530
v 0.229386 0.113346 0.111927
v 0.218211 0.114957 0.112632
v 0.215392 0.112138 0.119679
v 0.204016 0.135897 0.149680
v 0.172203 0.071969 0.133472
v 0.185996 0.104084 0.135988
v 0.166968 0.085661 0.139512
v 0.188815 0.093815 0.122296
v 0.201096 0.094319 0.115149
v 0.180861 0.072875 0.122397
v 0.213278 0.081936 0.106994
v 0.271670 0.147072 0.105685
v 0.270360 0.145059 0.123404
v 0.276703 0.135293 0.130854
v 0.288482 0.130259 0.133371
v -0.077671 -0.071291 -0.117811
v -0.077470 -0.077029 -0.118417
v -0.076665 -0.071694 -0.114388
v -0.074047 -0.089111 -0.119523
v -0.076362 -0.077735 -0.112879
v -0.072134 -0.090923 -0.114792
v -0.072436 -0.091627 -0.120128
v -0.070423 -0.093440 -0.115295
v -0.070322 -0.092735 -0.121235
v -0.068007 -0.095352 -0.115798
v -0.060758 -0.096963 -0.126873
v -0.056127 -0.098876 -0.122342
v -0.057637 -0.093641 -0.124658
v -0.053610 -0.094849 -0.121135
v -0.089350 -0.096259 -0.161102
v -0.084718 -0.094849 -0.155665
v -0.092974 -0.092735 -0.158383
v -0.083913 -0.097567 -0.164123
v -0.080188 -0.095453 -0.157578
v -0.062268 -0.100587 -0.174693
v -0.090860 -0.090319 -0.166841
v -0.093578 -0.086493 -0.162814
v -0.096195 -0.065553 -0.143987
v -0.096094 -0.060317 -0.148015
v -0.092873 -0.065049 -0.139960
v -0.085121 -0.091627 -0.168350
v -0.088746 -0.091627 -0.153149
v -0.068107 -0.103004 -0.143888
v -0.065188 -0.101192 -0.137745
v -0.079282 -0.096862 -0.143786
v -0.075758 -0.092332 -0.144592
v -0.078880 -0.100789 -0.138853
v -0.083309 -0.095957 -0.142377
v -0.081798 -0.099580 -0.137141
v -0.075859 -0.099782 -0.133115
v -0.072336 -0.094245 -0.132711
v -0.075456 -0.093238 -0.130498
v -0.079282 -0.099077 -0.131302
v -0.081094 -0.095352 -0.129490
v -0.084617 -0.096862 -0.135027
v -0.088041 -0.084480 -0.129390
v -0.084013 -0.084177 -0.125060
v -0.085423 -0.067767 -0.125060
v -0.085423 -0.092433 -0.140364
v -0.088242 -0.081258 -0.134625
v -0.083208 -0.079647 -0.136135
v -0.080188 -0.067164 -0.132410
v -0.085725 -0.065754 -0.130899
v -0.078577 -0.056794 -0.125967
v -0.081195 -0.069479 -0.121034
v -0.080490 -0.081862 -0.125866
v -0.078678 -0.069882 -0.122644
v -0.076966 -0.090319 -0.129289
v -0.080289 -0.088406 -0.141471
v -0.078779 -0.091225 -0.143383
v 0.362881 -0.101896 0.218139
v 0.358753 -0.102299 0.221058
v 0.365297 -0.106225 0.226495
v 0.363183 -0.111259 0.224783
v 0.351606 -0.110454 0.227904
v 0.350296 -0.111963 0.240187
v 0.345363 -0.123038 0.236462
v 0.347679 -0.120420 0.225085
v 0.342344 -0.128072 0.233140
v 0.346673 -0.125354 0.224179
v 0.343854 -0.129381 0.221561
v 0.338417 -0.131494 0.229616
v 0.353619 -0.131092 0.216427
v 0.357244 -0.127367 0.219850
v 0.333786 -0.138240 0.223777
v 0.346873 -0.142066 0.210991
v 0.352914 -0.144381 0.217031
v 0.336202 -0.133206 0.215018
v 0.326437 -0.140253 0.208172
v 0.335497 -0.147603 0.201326
v 0.316168 -0.150120 0.198607
v 0.319289 -0.153341 0.196493
v 0.310731 -0.156059 0.193675
v 0.314054 -0.151932 0.201931
v 0.323920 -0.146998 0.217132
v 0.333282 -0.139750 0.229011
v 0.348887 -0.142569 0.207970
v 0.358954 -0.122434 0.221360
v 0.353216 -0.048035 0.180084
v 0.359458 -0.063338 0.180789
v 0.340934 -0.051962 0.184916
v 0.347780 -0.068372 0.187433
v 0.348787 -0.027598 0.184513
v 0.358753 -0.021759 0.187232
v 0.331470 -0.056190 0.191460
v 0.337712 -0.018336 0.178875
v 0.352310 -0.013907 0.177366
v 0.338820 -0.008671 0.171526
v 0.352612 -0.006658 0.171426
v 0.359257 -0.008571 0.184513
v 0.360767 -0.000718 0.178071
v 0.358250 -0.004645 0.195084
v 0.358753 0.004517 0.187634
v 0.350096 0.007336 0.193272
v 0.336202 0.010960 0.196192
v 0.323517 0.007437 0.193675
v 0.318886 0.000590 0.183608
v 0.322812 -0.005550 0.177063
v 0.319289 -0.009477 0.191057
v 0.325027 -0.013907 0.184212
v 0.177338 -0.110555 0.024037
v 0.172908 -0.108440 0.029675
v 0.193245 -0.075620 0.008433
v 0.155189 -0.128575 0.032293
v 0.203412 -0.075620 0.016789
v 0.185693 -0.108440 0.032696
v 0.197271 -0.103004 0.046589
v 0.214587 -0.069680 0.035817
v 0.211567 -0.062029 0.065214
v 0.203010 -0.093238 0.079510
v 0.202103 -0.083876 0.101356
v 0.200492 -0.049948 0.083940
v 0.193245 -0.048136 0.093402
v 0.196868 -0.081963 0.117867
v 0.175626 -0.042901 0.099644
v 0.177035 -0.078540 0.127431
v 0.203915 -0.089312 0.142532
v 0.179351 -0.083372 0.142230
v 0.159921 -0.080855 0.131156
v 0.163243 -0.093037 0.142834
v 0.210158 -0.100386 0.104377
v 0.205124 -0.090420 0.112632
v 0.212272 -0.113675 0.094309
v 0.198077 -0.123139 0.055347
v 0.186097 -0.130387 0.037629
v 0.172002 -0.131494 0.030683
v 0.198077 -0.138441 0.070852
v 0.206533 -0.134616 0.090684
v 0.182774 -0.148810 0.085450
v 0.153779 -0.142267 0.043266
v 0.165357 -0.154952 0.044475
v 0.165055 -0.149113 0.068536
v 0.155794 -0.144683 0.094913
v 0.186701 -0.163509 0.100752
v 0.203915 -0.156562 0.102061
v 0.158108 -0.134011 0.078000
v 0.187607 -0.153341 0.071859
v 0.158613 -0.143475 0.057664
v 0.131028 -0.138341 0.055550
v 0.182573 -0.153844 0.050717
v 0.215996 -0.145488 0.104980
v 0.224252 -0.127065 0.114645
v 0.162538 -0.162301 0.112934
v 0.223748 -0.112064 0.128236
v 0.217104 -0.099882 0.135887
v 0.087435 -0.139549 0.063101
v 0.114113 -0.127467 0.083235
v 0.104247 -0.114380 0.094410
v 0.115020 -0.129783 0.087966
v 0.080287 -0.122333 0.074779
v 0.091362 -0.168744 0.043570
v 0.104449 -0.141663 0.060885
v 0.116631 -0.150724 0.047898
v 0.125390 -0.136830 0.049610
v 0.075455 -0.114581 0.077900
v 0.101429 -0.097970 0.117062
v 0.101529 -0.085487 0.115753
v 0.140793 -0.095252 0.131056
v 0.104348 -0.071694 0.110317
v 0.140692 -0.080654 0.131761
v 0.115624 -0.041189 0.091390
v 0.137571 -0.041290 0.104176
v 0.155390 -0.044310 0.106893
v 0.141900 -0.104413 0.127733
v 0.156699 -0.111360 0.141727
v 0.147739 -0.119112 0.122599
v 0.123376 -0.113172 0.108202
v 0.154887 -0.130891 0.138706
v 0.155290 -0.146092 0.128337
v 0.131329 -0.125756 0.096423
v 0.147035 -0.129179 0.106390
v 0.107671 -0.117702 0.101860
v -0.002567 -0.122031 -0.044319
v 0.002869 -0.129984 -0.024084
v 0.007600 -0.134011 -0.027003
v -0.000253 -0.122837 -0.049756
v -0.010521 -0.114883 -0.055897
v -0.001863 -0.125756 -0.052172
v 0.005486 -0.139347 -0.029320
v -0.001058 -0.147502 0.035011
v -0.004782 -0.133508 -0.024487
v 0.003976 -0.152737 0.034811
v 0.001861 -0.158878 0.033200
v -0.001863 -0.156260 0.053033
v -0.004078 -0.161395 0.052429
v -0.010924 -0.156764 0.067127
v -0.012334 -0.153039 0.062697
v -0.005487 -0.151126 0.050114
v -0.009212 -0.150824 0.032898
v -0.012132 -0.153341 0.046388
v -0.013441 -0.160992 0.046489
v -0.018072 -0.160187 0.060181
v -0.016461 -0.154750 0.058570
v -0.008407 -0.164415 0.050114
v -0.015656 -0.162502 0.065013
v -0.023105 -0.153442 0.074879
v -0.012736 -0.160489 0.067430
v -0.010220 -0.159079 0.030884
v -0.005790 -0.140857 -0.028009
v 0.000452 -0.142871 -0.030225
v -0.003575 -0.162301 0.031387
v -0.005085 -0.128776 -0.051870
v -0.008306 -0.129179 -0.046937
v -0.007199 -0.125354 -0.042507
v 0.022601 -0.113977 0.048502
v 0.035084 -0.088003 -0.003647
v 0.039716 -0.085285 -0.001835
v 0.027534 -0.111259 0.051121
v 0.015654 -0.118004 0.064309
v 0.011728 -0.114279 0.060987
v 0.016761 -0.110454 0.047697
v 0.013238 -0.107333 0.061993
v 0.017769 -0.103306 0.050616
v 0.025117 -0.101091 0.053939
v 0.018876 -0.105923 0.066524
v 0.029446 -0.106125 0.053637
v 0.021694 -0.111259 0.068839
v 0.041527 -0.080755 0.001185
v 0.019580 -0.115991 0.067430
v 0.036494 -0.069378 -0.021366
v 0.033574 -0.072096 -0.021769
v 0.029749 -0.072701 -0.017842
v 0.029145 -0.086090 -0.002137
v 0.037702 -0.067164 -0.018547
v 0.034983 -0.066962 -0.013915
v 0.036998 -0.077432 0.003803
v 0.029950 -0.080151 0.002091
v 0.030454 -0.069982 -0.013311
v 0.011527 -0.113172 0.080416
v 0.009613 -0.116494 0.079913
v -0.000655 -0.110756 0.086256
v 0.010922 -0.109245 0.076691
v 0.007701 -0.109850 0.072262
v 0.005688 -0.114984 0.072765
v 0.007198 -0.118105 0.077195
v 0.029446 -0.058304 -0.024084
v 0.003976 -0.125354 0.039240
v 0.011124 -0.122232 0.041859
v 0.017466 -0.102702 -0.011097
v 0.010621 -0.106326 -0.012003
v 0.003775 -0.133106 0.037126
v 0.010419 -0.112870 -0.015527
v 0.010117 -0.135622 0.037830
v 0.016460 -0.114279 -0.017339
v 0.014647 -0.132199 0.039945
v 0.020889 -0.110555 -0.016029
v 0.006291 -0.126360 0.055248
v 0.016158 -0.126763 0.041758
v 0.009714 -0.130891 0.057865
v 0.022198 -0.105621 -0.013614
v 0.000553 -0.128776 0.051321
v -0.000152 -0.135723 0.051020
v 0.004379 -0.138743 0.054442
v 0.008204 -0.135924 0.057059
v 0.014647 -0.097567 -0.036769
v 0.011929 -0.100487 -0.036769
v 0.008607 -0.101192 -0.032540
v 0.000553 -0.132804 0.070148
v -0.004078 -0.130891 0.062093
v -0.000756 -0.129280 0.066120
v -0.003272 -0.138441 0.067731
v -0.005387 -0.135924 0.063200
v -0.000957 -0.136428 0.070148
v 0.006191 -0.087701 -0.040192
v 0.009110 -0.097869 -0.028312
v 0.013137 -0.094547 -0.029621
v 0.015654 -0.094950 -0.034353
v -0.011427 -0.130991 0.076591
v 0.013641 -0.144885 0.058066
v 0.023809 -0.145790 0.061288
v 0.020386 -0.131797 0.063200
v 0.022098 -0.137837 0.067329
v 0.027936 -0.123038 0.068034
v 0.053206 -0.082063 0.106390
v 0.060656 -0.074513 0.100451
v 0.057837 -0.066962 0.105283
v 0.061360 -0.060720 0.101055
v 0.060756 -0.061224 0.108404
v 0.058743 -0.066157 0.116357
v 0.065689 -0.050955 0.111022
v 0.060555 -0.069076 0.126626
v 0.079382 -0.061626 0.144345
v 0.075153 -0.044713 0.119579
v 0.090455 -0.046123 0.127230
v 0.095892 -0.037062 0.118773
v 0.080891 -0.039780 0.106189
v 0.104952 -0.035653 0.105887
v 0.086227 -0.040988 0.083738
v 0.113409 -0.024779 0.092800
v 0.097704 -0.031324 0.071859
v 0.080287 -0.047331 0.063604
v 0.132437 -0.037867 0.116760
v 0.110993 -0.039176 0.126525
v 0.138175 -0.032028 0.101759
v 0.119147 -0.046626 0.128740
v 0.131632 -0.050351 0.129848
v 0.155794 -0.030820 0.089578
v 0.153880 -0.041995 0.116155
v 0.163042 -0.031625 0.104377
v 0.169083 -0.046123 0.113235
v 0.182774 -0.031525 0.101859
v 0.169183 -0.033437 0.091289
v 0.185794 -0.036055 0.088671
v 0.196264 -0.036257 0.092698
v 0.181566 -0.048438 0.109410
v 0.191533 -0.051760 0.103470
v 0.201902 -0.038975 0.078100
v 0.206332 -0.042800 0.082026
v 0.204318 -0.059210 0.090383
v 0.222239 -0.068171 0.071859
v 0.218110 -0.051156 0.063402
v 0.221131 -0.059009 0.046489
v 0.214386 -0.045116 0.062798
v 0.217104 -0.054680 0.039039
v 0.217104 -0.067063 0.027662
v 0.200694 -0.071694 0.013971
v 0.179049 -0.064345 0.006319
v 0.184486 -0.074211 -0.001433
v 0.226668 -0.078338 0.052026
v 0.218110 -0.087198 0.027763
v 0.206835 -0.093641 0.016991
v 0.184284 -0.094345 0.000782
v 0.201500 -0.100990 0.015480
v 0.211063 -0.107433 0.018199
v 0.219520 -0.106628 0.020514
v 0.227776 -0.101091 0.031891
v 0.237339 -0.095050 0.051321
v 0.216097 -0.119313 0.019710
v 0.217003 -0.129481 0.018804
v 0.222339 -0.090822 0.088772
v 0.231702 -0.080251 0.088168
v 0.217607 -0.066559 0.111525
v 0.199889 -0.058506 0.122296
v 0.180459 -0.055083 0.127834
v 0.159015 -0.051660 0.128840
v 0.142001 -0.050250 0.129948
v 0.139685 -0.062834 0.136492
v 0.127504 -0.063741 0.138908
v 0.123074 -0.059714 0.140519
v 0.121162 -0.065352 0.147063
v 0.117235 -0.058405 0.147063
v 0.111496 -0.063539 0.153406
v 0.113409 -0.068171 0.155117
v 0.117637 -0.078137 0.155117
v 0.102033 -0.077835 0.154312
v 0.109281 -0.088104 0.152499
v 0.102133 -0.095050 0.152802
v 0.087838 -0.079345 0.160956
v 0.086126 -0.093742 0.165083
v 0.069817 -0.087399 0.160150
v 0.073441 -0.078238 0.154211
v 0.084315 -0.068171 0.152097
v 0.075354 -0.064345 0.150183
v 0.068106 -0.068372 0.143439
v 0.056830 -0.082970 0.140519
v 0.059045 -0.074412 0.131458
v 0.060454 -0.080151 0.127834
v 0.052601 -0.070486 0.115854
v 0.059951 -0.092433 0.118773
v 0.068106 -0.095856 0.163473
v 0.071830 -0.109548 0.159546
v 0.091261 -0.105521 0.157735
v 0.097301 -0.101091 0.155621
v 0.055420 -0.096158 0.142532
v 0.061964 -0.108138 0.139210
v 0.062669 -0.104212 0.130552
v 0.062367 -0.099178 0.125720
v 0.112403 -0.049143 0.142231
v 0.102738 -0.065955 0.156828
v 0.119147 -0.053673 0.140922
v 0.102536 -0.042800 0.139110
v 0.099013 -0.071493 0.157935
v 0.043843 -0.086191 0.070651
v 0.067602 -0.057902 0.063503
v 0.050387 -0.081359 0.061590
v 0.071830 -0.055083 0.079812
v 0.071630 -0.068472 0.083034
v 0.075253 -0.054176 0.089578
v 0.075958 -0.048035 0.098135
v 0.064783 -0.054780 0.103270
v 0.067703 -0.064747 0.093705
v 0.040420 -0.111863 0.074980
v 0.078576 -0.052364 0.048603
v 0.064985 -0.061828 0.043267
v 0.078374 -0.055586 0.035716
v 0.064179 -0.067667 0.023938
v 0.081092 -0.059411 0.024643
v 0.071630 -0.078439 0.004206
v 0.090153 -0.067365 0.008737
v 0.089448 -0.091627 -0.016534
v 0.102637 -0.076627 -0.013614
v 0.104047 -0.096862 -0.024386
v 0.120859 -0.085788 -0.023581
v 0.121061 -0.102501 -0.029923
v 0.147236 -0.092232 -0.022776
v 0.141698 -0.107031 -0.029721
v 0.157404 -0.108239 -0.023783
v 0.161632 -0.096762 -0.015225
v 0.164451 -0.074412 -0.012004
v 0.165458 -0.103406 -0.010292
v 0.163243 -0.110655 -0.017037
v 0.158512 -0.118910 -0.018849
v 0.129517 -0.115890 -0.017540
v 0.092067 -0.104715 -0.006868
v 0.162740 -0.062935 -0.010393
v 0.146128 -0.071895 -0.023480
v 0.135961 -0.058204 -0.021366
v 0.126396 -0.065654 -0.021667
v 0.112805 -0.050552 -0.011801
v 0.111094 -0.057801 -0.014318
v 0.096194 -0.049747 0.002393
v 0.101429 -0.044612 0.004608
v 0.088643 -0.042901 0.014978
v 0.085522 -0.034847 0.020414
v 0.084717 -0.035048 0.028972
v 0.096194 -0.040686 0.022831
v 0.098510 -0.036961 0.039240
v 0.086831 -0.030518 0.039744
v 0.089952 -0.031324 0.050818
v 0.103845 -0.033437 0.051321
v 0.094381 -0.027397 0.055449
v 0.083911 -0.038169 0.042764
v 0.086629 -0.037062 0.052328
v 0.089952 -0.033538 0.057966
v 0.216097 -0.331334 0.124511
v 0.215192 -0.310595 0.114243
v 0.227977 -0.330729 0.126021
v 0.234118 -0.309991 0.118873
v 0.229890 -0.299823 0.125115
v 0.248817 -0.313817 0.140821
v 0.244085 -0.330428 0.136291
v 0.239554 -0.333045 0.155419
v 0.246299 -0.323179 0.165385
v 0.224453 -0.334153 0.174546
v 0.224655 -0.328011 0.180386
v 0.208748 -0.335663 0.163876
v 0.201096 -0.327407 0.168104
v 0.225460 -0.317340 0.180185
v 0.241467 -0.310997 0.166694
v 0.245495 -0.306065 0.144546
v 0.214990 -0.299722 0.122296
v 0.201701 -0.313817 0.121189
v 0.206634 -0.332642 0.127532
v 0.203815 -0.301131 0.128941
v 0.197573 -0.303749 0.135787
v 0.195359 -0.317441 0.131760
v 0.208144 -0.332542 0.130854
v 0.193748 -0.323884 0.140317
v 0.202305 -0.335260 0.138807
v 0.194553 -0.305661 0.144445
v 0.225862 -0.303548 0.176862
v 0.205728 -0.300225 0.158842
v 0.199285 -0.313514 0.167902
v 0.193647 -0.324689 0.154714
v 0.193949 -0.308078 0.154109
v 0.206734 -0.336368 0.151191
v 0.202909 -0.279788 0.173439
v 0.220929 -0.284319 0.190352
v 0.234420 -0.281298 0.182802
v 0.235930 -0.259553 0.204346
v 0.247910 -0.249989 0.187232
v 0.241870 -0.222706 0.211696
v 0.233715 -0.233579 0.229011
v 0.241769 -0.215256 0.224078
v 0.236433 -0.206195 0.205555
v 0.237541 -0.208511 0.190956
v 0.223346 -0.200658 0.200017
v 0.231803 -0.200759 0.211092
v 0.239454 -0.202068 0.229616
v 0.237843 -0.217974 0.239683
v 0.236333 -0.201161 0.241898
v 0.231199 -0.218578 0.250053
v 0.228681 -0.200155 0.257100
v 0.222641 -0.220592 0.254885
v 0.219520 -0.201967 0.261731
v 0.209755 -0.205189 0.257100
v 0.213781 -0.222102 0.250556
v 0.205225 -0.221901 0.241294
v 0.198982 -0.205189 0.244112
v 0.197372 -0.218780 0.231830
v 0.194754 -0.203879 0.233542
v 0.193344 -0.207001 0.215018
v 0.193043 -0.213645 0.215722
v 0.198378 -0.225323 0.220655
v 0.211768 -0.185859 0.252167
v 0.227574 -0.187470 0.246630
v 0.223548 -0.173878 0.233944
v 0.238145 -0.184248 0.223173
v 0.237138 -0.195322 0.228005
v 0.232709 -0.201665 0.210286
v 0.237642 -0.194114 0.203340
v 0.226870 -0.198544 0.195386
v 0.224655 -0.201766 0.202434
v 0.215594 -0.199853 0.192265
v 0.215594 -0.203376 0.199011
v 0.203010 -0.201665 0.193171
v 0.204721 -0.204685 0.201931
v 0.214688 -0.196228 0.180084
v 0.200593 -0.199752 0.179781
v 0.187908 -0.192504 0.188036
v 0.190022 -0.196833 0.204447
v 0.193144 -0.202370 0.213507
v 0.224453 -0.202068 0.204245
v 0.212272 -0.202571 0.202836
v 0.212272 -0.201262 0.200219
v 0.203815 -0.202672 0.204044
v 0.193546 -0.204181 0.214917
v 0.202808 -0.202068 0.199011
v 0.194049 -0.212638 0.204447
v 0.197976 -0.205289 0.187937
v 0.210459 -0.201463 0.182600
v 0.224151 -0.203276 0.184212
v 0.183882 -0.227538 0.171727
v 0.183278 -0.241532 0.175957
v 0.180962 -0.234988 0.163573
v 0.186398 -0.260660 0.164781
v 0.183177 -0.255425 0.151995
v 0.191432 -0.271231 0.154009
v 0.196969 -0.255526 0.130250
v 0.202607 -0.275761 0.132967
v 0.202909 -0.294185 0.143338
v 0.202808 -0.291668 0.135787
v 0.206231 -0.291366 0.130854
v 0.215091 -0.290862 0.128639
v 0.228077 -0.291568 0.130250
v 0.241971 -0.293984 0.145452
v 0.238044 -0.300527 0.165083
v 0.248011 -0.273848 0.165788
v 0.252742 -0.263277 0.152801
v 0.252542 -0.237606 0.173338
v 0.245091 -0.237103 0.141828
v 0.244387 -0.223511 0.152399
v 0.242676 -0.214853 0.170016
v 0.235024 -0.271533 0.130753
v 0.240058 -0.250895 0.132967
v 0.228481 -0.249888 0.127229
v 0.223748 -0.271735 0.127632
v 0.213077 -0.272036 0.128840
v 0.212775 -0.252304 0.127532
v 0.192137 -0.239821 0.135485
v 0.209453 -0.234988 0.131861
v 0.188411 -0.227941 0.146862
v 0.208949 -0.223914 0.140216
v 0.231299 -0.235391 0.131358
v 0.191634 -0.215759 0.165285
v 0.230896 -0.222706 0.141223
v 0.228681 -0.209820 0.163270
v 0.209050 -0.211028 0.158238
v 0.373553 -0.115890 0.233340
v 0.369928 -0.127165 0.230220
v 0.367714 -0.132904 0.228508
v 0.365297 -0.126864 0.241496
v 0.359962 -0.135622 0.224179
v 0.356438 -0.135924 0.234549
v 0.350599 -0.141964 0.229213
v 0.345263 -0.133709 0.236864
v 0.344559 -0.154549 0.225085
v 0.330162 -0.157167 0.212501
v 0.350901 -0.131092 0.245019
v 0.353820 -0.125756 0.246428
v 0.363384 -0.141562 0.242602
v 0.317376 -0.157972 0.199816
v 0.357948 -0.116494 0.248442
v 0.367310 -0.115991 0.245120
v 0.371136 -0.111360 0.250758
v 0.356639 -0.094345 0.253072
v 0.355229 -0.094144 0.258811
v 0.347176 -0.116796 0.246227
v -0.032569 0.223685 0.027663
v -0.019582 0.223081 0.042160
v -0.021998 0.216336 0.040348
v -0.031160 0.232444 0.027663
v -0.018978 0.229625 0.044878
v -0.032971 0.234155 0.029173
v -0.021092 0.232042 0.047999
v -0.023810 0.229826 0.047999
v -0.034885 0.232545 0.030280
v -0.049181 0.226907 0.010245
v -0.048778 0.227713 0.008333
v -0.016260 0.228115 0.061490
v -0.014045 0.230230 0.061590
v -0.045757 0.226806 0.008534
v -0.046764 0.224491 0.008132
v -0.048174 0.224793 0.009844
v -0.010018 0.224591 0.056254
v -0.005890 0.224591 0.067933
v -0.002367 0.217746 0.065516
v -0.009917 0.227612 0.069845
v 0.005084 0.215934 0.087061
v 0.011224 0.208182 0.084443
v 0.012936 0.198315 0.076087
v -0.004682 0.222075 0.085953
v -0.013038 0.223987 0.071053
v -0.013139 0.219860 0.090585
v -0.014347 0.215934 0.090786
v -0.011025 0.214726 0.050515
v -0.003373 0.209289 0.061590
v -0.007601 0.197007 0.063000
v 0.010217 0.191671 0.074879
v 0.003070 0.185127 0.076389
v -0.011427 0.195496 0.065215
v -0.024918 0.217242 0.042059
v -0.007702 0.208886 0.064510
v -0.023508 0.222175 0.044476
v -0.000554 0.185530 0.081423
v 0.002768 0.202141 0.083336
v -0.034481 0.227511 0.030079
v 0.014144 0.182308 0.081926
v 0.003775 0.174355 0.089477
v -0.002870 0.211806 0.086155
v 0.008204 0.173550 0.086356
v 0.019379 0.174053 0.087363
v 0.010822 0.164187 0.089578
v 0.014849 0.180999 0.098437
v -0.002567 0.210296 0.102363
v 0.012836 0.194490 0.104881
v 0.001056 0.204859 0.110115
v 0.006594 0.191470 0.119377
v 0.005688 0.182610 0.113437
v 0.008909 0.174053 0.117867
v 0.011224 0.173550 0.113136
v 0.008003 0.162676 0.094410
v 0.018070 0.161771 0.115854
v 0.012432 0.153213 0.106894
v 0.017567 0.152911 0.105384
v 0.004680 0.206067 0.121391
v 0.020285 0.191369 0.082027
v 0.025621 0.207879 0.092497
v 0.016258 0.206772 0.088370
v 0.009211 0.214524 0.098538
v 0.015251 0.211604 0.101658
v 0.006996 0.213216 0.111726
v 0.002164 0.219759 0.091994
v -0.004682 0.217343 0.099443
v 0.002164 0.211906 0.107599
v 0.335497 -0.127266 0.251059
v 0.335396 -0.114178 0.246328
v 0.335396 -0.109044 0.244314
v 0.333685 -0.135824 0.251563
v 0.331370 -0.142267 0.251261
v 0.322007 -0.157267 0.243307
v 0.334289 -0.102601 0.239884
v 0.071428 0.082741 0.126223
v 0.046864 0.097943 0.070651
v 0.039615 0.087775 0.080416
v 0.044849 0.108715 0.050515
v 0.113510 0.106400 0.145151
v 0.061863 0.147676 0.056053
v 0.053005 0.148784 0.050717
v 0.059951 0.162878 0.054341
v 0.055723 0.166804 0.048905
v 0.061964 0.145764 0.042260
v 0.068408 0.162475 0.040247
v 0.070119 0.182107 0.048905
v 0.087435 0.191369 0.051826
v 0.082200 0.179187 0.041154
v 0.096396 0.185429 0.047697
v 0.104751 0.196101 0.067832
v 0.112503 0.189255 0.060987
v 0.063273 0.143448 0.027060
v 0.199184 0.218954 0.117565
v 0.221735 0.221068 0.112430
v 0.222641 0.219155 0.112732
v 0.222540 0.219054 0.115048
v 0.199989 0.218350 0.119377
v 0.198982 0.222981 0.120585
v 0.180962 0.218350 0.123806
v 0.199385 0.228115 0.121089
v 0.223044 0.221269 0.115953
v 0.198378 0.227713 0.116658
v 0.198782 0.229726 0.118974
v 0.224051 0.222075 0.114243
v 0.179149 0.225699 0.126827
v 0.137269 0.209088 0.140519
v 0.112503 0.192879 0.143539
v 0.111597 0.180496 0.154512
v -0.075557 -0.086090 -0.134927
v -0.078980 -0.079144 -0.130899
v -0.076665 -0.068875 -0.127879
v -0.074551 -0.088507 -0.136235
v -0.072235 -0.090722 -0.137545
v 0.101933 -0.032531 0.036221
v 0.102939 -0.028202 0.020012
v 0.098610 -0.032531 0.020817
v 0.102939 -0.036760 0.003098
v 0.119551 -0.041189 -0.015829
v 0.109483 -0.028001 0.002091
v 0.150961 -0.032531 -0.024487
v 0.176734 -0.037968 -0.019353
v 0.183378 -0.012296 -0.026299
v 0.105657 -0.026390 0.044173
v 0.408789 -0.094144 0.236159
v 0.391674 -0.080050 0.223777
v 0.403856 -0.084681 0.240488
v 0.411808 -0.091728 0.247032
v 0.402949 -0.093943 0.242905
v 0.407782 -0.099681 0.239180
v 0.396809 -0.089815 0.220756
v 0.182472 -0.107836 0.172029
v 0.202204 -0.102399 0.173439
v 0.221634 -0.106125 0.168104
v 0.234319 -0.117198 0.159747
v 0.167572 -0.126259 0.161661
v 0.187607 -0.129280 0.199514
v 0.174418 -0.149415 0.185722
v 0.161834 -0.144381 0.156627
v 0.181164 -0.160187 0.214212
v 0.241568 -0.132703 0.150486
v 0.237943 -0.147300 0.137700
v 0.224957 -0.163912 0.128136
v 0.210158 -0.175993 0.123705
v 0.192338 -0.179617 0.123505
v 0.176130 -0.168845 0.171426
v 0.179955 -0.177100 0.198910
v 0.181868 -0.188174 0.219246
v 0.183982 -0.180423 0.232535
v 0.190123 -0.199350 0.232635
v 0.194352 -0.198141 0.243006
v 0.204419 -0.195624 0.251361
v 0.195963 -0.183141 0.246831
v 0.209855 -0.169751 0.237166
v 0.192439 -0.172671 0.241092
v 0.189217 -0.163308 0.232032
v 0.193848 -0.153039 0.222266
v 0.210762 -0.147300 0.226293
v 0.226970 -0.152838 0.223777
v 0.241971 -0.163308 0.215823
v 0.245595 -0.172469 0.206359
v 0.239454 -0.187168 0.190655
v 0.207137 -0.123239 0.204547
v 0.230696 -0.194719 0.179781
v 0.230091 -0.184852 0.153204
v 0.211869 -0.189483 0.152399
v 0.194855 -0.190792 0.154210
v 0.183680 -0.183543 0.161358
v 0.241669 -0.169953 0.165889
v 0.247609 -0.156160 0.178372
v 0.242071 -0.138844 0.188842
v 0.227977 -0.127971 0.197500
v 0.170290 -0.173576 0.134478
v 0.208748 -0.341804 0.126122
v 0.198580 -0.345630 0.135787
v 0.204117 -0.345428 0.148170
v 0.204520 -0.340092 0.168405
v 0.201801 -0.361637 0.146257
v 0.204419 -0.363348 0.127330
v 0.199385 -0.393953 0.151794
v 0.196667 -0.404625 0.127028
v 0.205426 -0.372510 0.109913
v 0.194754 -0.362744 0.176460
v 0.198982 -0.344220 0.180486
v 0.188915 -0.357609 0.206460
v 0.201701 -0.355999 0.214011
v 0.224453 -0.339992 0.190453
v 0.190325 -0.354690 0.229918
v 0.199989 -0.356503 0.231125
v 0.179854 -0.365261 0.248040
v 0.192640 -0.365261 0.249751
v 0.187103 -0.358314 0.272705
v 0.176633 -0.360529 0.270691
v 0.181968 -0.371302 0.286597
v 0.203211 -0.371402 0.250053
v 0.210661 -0.367576 0.274718
v 0.206332 -0.361838 0.229816
v 0.213781 -0.364657 0.252167
v 0.215896 -0.358012 0.230723
v 0.245998 -0.372308 0.264147
v 0.189620 -0.371906 0.282269
v 0.206533 -0.382980 0.296967
v 0.227172 -0.381470 0.290725
v 0.243480 -0.383685 0.281967
v 0.229386 -0.360026 0.227703
v 0.218916 -0.354187 0.216427
v 0.243984 -0.350160 0.185520
v 0.242676 -0.363046 0.225992
v 0.262408 -0.371000 0.219246
v 0.253951 -0.369489 0.171929
v 0.269656 -0.385799 0.211393
v 0.270965 -0.390531 0.226192
v 0.266737 -0.404625 0.224884
v 0.265025 -0.405028 0.205252
v 0.254152 -0.393350 0.165990
v 0.248716 -0.396571 0.141626
v 0.246501 -0.400799 0.121592
v 0.196264 -0.382577 0.172432
v 0.191835 -0.387208 0.192467
v 0.200997 -0.403820 0.209279
v 0.174619 -0.401504 0.209884
v 0.202305 -0.404826 0.231529
v 0.176029 -0.403316 0.234649
v 0.221534 -0.404826 0.106390
v 0.202103 -0.404222 0.108906
v 0.239051 -0.403518 0.108906
v 0.179754 -0.393148 0.254885
v 0.206835 -0.398585 0.249146
v 0.201801 -0.401504 0.279248
v 0.173915 -0.392544 0.267871
v 0.164854 -0.403014 0.281664
v 0.198378 -0.401907 0.298275
v 0.164753 -0.405430 0.293846
v 0.178244 -0.404725 0.316397
v 0.260395 -0.404121 0.276630
v 0.266032 -0.404423 0.266462
v 0.216198 -0.404524 0.299886
v 0.233816 -0.403316 0.294349
v 0.250226 -0.402410 0.287504
v 0.206433 -0.404927 0.312571
v 0.226668 -0.405632 0.305927
v 0.242977 -0.405632 0.294450
v 0.262408 -0.404524 0.239280
v 0.266132 -0.381168 0.252771
v 0.261099 -0.377745 0.234448
v 0.245695 -0.370093 0.247435
v 0.267240 -0.386805 0.267570
v 0.258180 -0.387510 0.268980
v 0.189620 -0.382879 0.296161
v 0.174921 -0.381973 0.297671
v 0.172304 -0.375127 0.284885
v 0.165458 -0.388819 0.284786
v 0.173814 -0.378248 0.269886
v 0.176330 -0.377946 0.252066
v 0.175827 -0.380362 0.233441
v 0.178545 -0.362543 0.228911
v 0.177640 -0.379557 0.217736
v 0.188512 -0.369187 0.199514
v 0.101529 -0.342206 -0.076636
v 0.104651 -0.338481 -0.081871
v 0.089852 -0.335461 -0.093449
v 0.090858 -0.344119 -0.066468
v 0.095892 -0.362543 -0.063548
v 0.123175 -0.361536 -0.079052
v 0.099314 -0.382375 -0.066166
v 0.118342 -0.393853 -0.074723
v 0.140793 -0.363046 -0.087207
v 0.142907 -0.404423 -0.079153
v 0.157001 -0.372006 -0.092744
v 0.140491 -0.341703 -0.091435
v 0.150055 -0.338683 -0.093550
v 0.137672 -0.332441 -0.085395
v 0.135356 -0.333951 -0.088113
v 0.162236 -0.367174 -0.108852
v 0.151162 -0.335260 -0.103919
v 0.137672 -0.328918 -0.094356
v 0.134853 -0.348247 -0.080663
v 0.129920 -0.338481 -0.081670
v 0.167471 -0.382174 -0.110765
v 0.158813 -0.404021 -0.089422
v 0.155794 -0.404524 -0.108852
v 0.121463 -0.347945 -0.082676
v 0.117235 -0.339891 -0.083281
v 0.129013 -0.332038 -0.070495
v 0.115725 -0.335965 -0.067978
v 0.120054 -0.318649 -0.062643
v 0.111799 -0.323984 -0.061334
v 0.098510 -0.331334 -0.065662
v 0.102033 -0.337173 -0.073214
v 0.083911 -0.335763 -0.092644
v 0.090657 -0.324287 -0.113584
v 0.080891 -0.329622 -0.089019
v 0.102335 -0.314622 -0.068280
v 0.103643 -0.332441 -0.112375
v 0.110691 -0.308783 -0.116503
v 0.106462 -0.303648 -0.109859
v 0.087838 -0.315427 -0.103919
v 0.119953 -0.326803 -0.119925
v 0.134450 -0.303346 -0.105530
v 0.132940 -0.326300 -0.104825
v 0.144014 -0.308279 -0.089321
v 0.142202 -0.317038 -0.077341
v 0.134450 -0.325193 -0.070395
v 0.087637 -0.306769 -0.096670
v 0.080589 -0.316736 -0.084589
v 0.127202 -0.296702 -0.096268
v 0.133946 -0.300426 -0.083179
v 0.103643 -0.293782 -0.101301
v 0.127000 -0.313413 -0.066266
v 0.131028 -0.307172 -0.072206
v 0.121162 -0.291467 -0.090630
v 0.126095 -0.294185 -0.078751
v 0.120456 -0.274050 -0.079757
v 0.114416 -0.271231 -0.089321
v 0.114818 -0.252807 -0.075932
v 0.106563 -0.251801 -0.085797
v 0.087133 -0.264888 -0.098382
v 0.126497 -0.298111 -0.070395
v 0.122369 -0.277875 -0.069790
v 0.122873 -0.300930 -0.066468
v 0.116328 -0.305360 -0.066266
v 0.122168 -0.285828 -0.061031
v 0.093878 -0.240424 -0.083583
v 0.107066 -0.240022 -0.072308
v 0.119450 -0.259754 -0.062441
v 0.112604 -0.246465 -0.052273
v 0.114919 -0.257338 -0.037575
v 0.121966 -0.268412 -0.048749
v 0.102436 -0.239116 -0.046132
v 0.105255 -0.279084 -0.032239
v 0.104550 -0.291467 -0.045326
v 0.093577 -0.286634 -0.034856
v 0.102738 -0.251197 -0.027708
v 0.090556 -0.264788 -0.020560
v 0.079885 -0.273647 -0.022876
v 0.080589 -0.259654 -0.018848
v 0.081999 -0.244653 -0.022776
v 0.095288 -0.231565 -0.065561
v 0.082804 -0.232874 -0.038178
v 0.072334 -0.227236 -0.054588
v 0.081294 -0.231565 -0.076033
v 0.063374 -0.229552 -0.068079
v 0.043944 -0.252807 -0.016734
v 0.056730 -0.240022 -0.020560
v 0.044447 -0.237304 -0.020661
v 0.057534 -0.231163 -0.031534
v 0.037601 -0.230156 -0.038782
v 0.052702 -0.228947 -0.044219
v 0.034078 -0.255123 -0.012809
v 0.032265 -0.248378 -0.010292
v 0.062367 -0.247874 -0.084790
v 0.078576 -0.279788 -0.095563
v 0.085019 -0.301333 -0.055394
v 0.216299 -0.038371 0.058770
v 0.200997 -0.025787 0.073268
v 0.185392 -0.025585 0.082932
v 0.202103 -0.032632 0.076993
v 0.186197 -0.029109 0.086557
v 0.170391 -0.029813 0.087363
v -0.010622 -0.166630 -0.048850
v -0.016159 -0.169852 -0.049152
v -0.021696 -0.156764 -0.071603
v -0.021998 -0.166730 -0.046535
v -0.018273 -0.154045 -0.072408
v -0.024716 -0.156260 -0.066468
v -0.026025 -0.141763 -0.076334
v -0.022905 -0.151932 -0.062341
v -0.020186 -0.158979 -0.043614
v -0.012132 -0.156059 -0.044119
v -0.018072 -0.149314 -0.064757
v -0.007904 -0.161093 -0.047038
v -0.016159 -0.150824 -0.070293
v -0.013844 -0.168040 0.017293
v -0.009313 -0.174281 0.017093
v -0.022501 -0.170556 0.015985
v -0.024515 -0.179416 0.014676
v -0.018172 -0.183543 0.014877
v -0.012233 -0.180322 0.016085
v -0.017065 -0.180423 0.036221
v -0.014549 -0.175087 0.036221
v -0.022804 -0.173174 0.051220
v -0.024112 -0.169549 0.046489
v -0.034180 -0.167637 0.059677
v -0.028643 -0.171261 0.042764
v -0.030757 -0.176496 0.044878
v -0.028139 -0.178912 0.049911
v -0.017770 -0.169651 0.033099
v -0.025019 -0.176899 0.051826
v -0.027032 -0.179416 0.030784
v -0.022099 -0.183241 0.034307
v -0.024918 -0.171764 0.029978
v -0.013038 -0.194719 0.034710
v -0.020690 -0.192403 0.020414
v -0.010320 -0.194315 0.034207
v -0.006092 -0.185859 0.041758
v -0.002971 -0.186463 0.041254
v 0.004379 -0.178208 0.045281
v 0.007499 -0.178711 0.045483
v 0.008103 -0.165523 0.048905
v 0.011023 -0.167032 0.048905
v 0.011224 -0.143777 0.057160
v 0.017365 -0.128877 0.063101
v 0.015855 -0.123139 0.046489
v 0.021896 -0.110454 0.053234
v 0.013238 -0.106024 0.041053
v 0.017064 -0.100084 0.045885
v 0.022500 -0.090520 0.026454
v 0.019782 -0.096560 0.021824
v 0.025117 -0.096862 0.049207
v 0.032366 -0.099681 0.058066
v 0.029950 -0.087701 0.028669
v 0.048474 -0.093742 0.034106
v 0.030655 -0.084782 0.055147
v 0.034581 -0.075117 0.035716
v 0.037702 -0.093742 0.064711
v 0.036393 -0.107736 0.075483
v 0.034883 -0.077533 0.058369
v 0.039112 -0.067667 0.039643
v 0.042836 -0.076728 0.062396
v 0.040823 -0.098272 0.076490
v 0.048072 -0.066056 0.042664
v 0.048373 -0.076728 0.010245
v 0.042535 -0.066660 0.018703
v 0.056025 -0.063137 0.017595
v 0.046159 -0.061425 0.021522
v 0.053105 -0.056090 0.024240
v 0.060656 -0.056895 0.022326
v 0.054816 -0.067466 0.041555
v 0.064783 -0.057096 0.024844
v 0.065488 -0.063741 0.007327
v 0.062568 -0.071996 -0.002137
v 0.068811 -0.064949 0.006622
v 0.065387 -0.074714 -0.001432
v 0.062871 -0.076023 0.045281
v 0.073441 -0.072298 0.031992
v 0.025721 -0.120018 0.068134
v 0.056830 -0.079345 -0.008378
v 0.059448 -0.082365 -0.008178
v 0.044649 -0.098272 -0.020560
v 0.035688 -0.090319 0.000582
v 0.034179 -0.077936 0.009844
v 0.026627 -0.080755 0.008232
v 0.023104 -0.087600 0.003199
v 0.017969 -0.110151 0.019811
v 0.010621 -0.120118 0.038234
v 0.008305 -0.134514 0.042462
v 0.002164 -0.122736 0.034005
v 0.013137 -0.112870 0.017394
v 0.005788 -0.115790 0.014474
v 0.014950 -0.104514 -0.001634
v -0.000051 -0.130086 0.034005
v 0.004076 -0.122434 0.012260
v 0.004480 -0.135119 0.009944
v 0.007398 -0.115689 -0.008278
v 0.009211 -0.109044 -0.003849
v 0.020587 -0.114783 -0.012003
v 0.028742 -0.102601 -0.004150
v 0.004278 -0.145287 0.037529
v 0.033876 -0.117198 -0.029219
v 0.045957 -0.099882 -0.019754
v 0.034078 -0.119917 -0.029320
v 0.010017 -0.128474 -0.016029
v -0.002769 -0.130689 -0.013514
v -0.004078 -0.137636 0.007327
v -0.008911 -0.142569 -0.015627
v -0.005287 -0.144783 0.029778
v -0.011226 -0.146797 0.005413
v -0.000957 -0.154045 0.034106
v -0.012334 -0.151730 0.027562
v -0.009011 -0.166529 0.028568
v -0.008810 -0.160690 0.001185
v -0.007702 -0.155455 -0.025191
v -0.017770 -0.157972 -0.022071
v -0.021495 -0.166127 0.021522
v 0.000452 -0.140555 -0.021164
v -0.024415 -0.166630 -0.024487
v -0.019884 -0.178510 -0.032843
v -0.018575 -0.163408 -0.001230
v -0.026327 -0.170858 -0.003345
v -0.027838 -0.175490 0.019206
v -0.022501 -0.190087 0.022326
v -0.023508 -0.184248 -0.006063
v 0.008607 -0.139246 -0.040393
v 0.019178 -0.128676 -0.034655
v 0.000754 -0.154650 -0.045427
v -0.002870 -0.164314 -0.047743
v 0.011023 -0.140455 -0.041300
v 0.020587 -0.131092 -0.035763
v 0.003170 -0.154851 -0.046333
v -0.000655 -0.165321 -0.047339
v -0.011125 -0.173275 -0.046433
v -0.017467 -0.179818 -0.033950
v -0.007501 -0.175288 -0.045125
v -0.021897 -0.185456 -0.006063
v 0.116429 0.318420 0.064510
v 0.105355 0.307648 0.050919
v 0.108275 0.296675 0.057059
v 0.119551 0.306037 0.071356
v 0.123880 0.326777 0.081926
v 0.126194 0.319024 0.086658
v 0.124383 0.331206 0.093604
v 0.125188 0.328991 0.095115
v 0.099617 0.293453 0.050717
v 0.098308 0.299494 0.047496
v 0.158914 0.404094 0.079711
v 0.154283 0.384866 0.068536
v 0.158411 0.378120 0.080516
v 0.159921 0.402383 0.084241
v 0.142202 0.366140 0.059174
v 0.152068 0.352046 0.069442
v 0.142102 0.334529 0.060583
v 0.129517 0.352650 0.054241
v 0.112403 0.336542 0.053234
v 0.124282 0.319326 0.056355
v 0.106262 0.312883 0.054946
v 0.100523 0.322045 0.053234
v 0.106765 0.381845 0.050919
v 0.103241 0.364328 0.051826
v 0.105657 0.362214 0.067731
v 0.107268 0.380436 0.068436
v 0.101630 0.349428 0.062396
v 0.100322 0.350435 0.054543
v 0.106262 0.395940 0.049308
v 0.101026 0.396745 0.063301
v 0.100624 0.412551 0.043972
v 0.092771 0.413961 0.051422
v 0.092469 0.425739 0.035112
v 0.089348 0.425941 0.037227
v 0.275998 0.078614 0.154814
v 0.281234 0.060290 0.160956
v 0.276703 0.076097 0.143136
v 0.311839 -0.019645 0.170419
v 0.273583 0.090996 0.140519
v 0.289590 0.030793 0.177366
v 0.302678 -0.018940 0.174144
v 0.300564 -0.019746 0.200219
v 0.306000 -0.036961 0.194179
v 0.297241 -0.006960 0.202534
v 0.297040 -0.015215 0.208776
v 0.302375 -0.027397 0.211494
v 0.304489 0.045189 0.196091
v 0.294926 0.077405 0.175654
v 0.289187 0.083647 0.166392
v 0.303684 0.002101 0.206460
v 0.312041 0.007336 0.221058
v 0.307912 -0.003839 0.218038
v 0.297141 0.084956 0.184010
v 0.295027 0.091601 0.175553
v 0.334289 0.004315 0.226394
v 0.312443 -0.000315 0.226696
v 0.319088 -0.010585 0.233542
v 0.325430 -0.015416 0.237267
v 0.327644 0.084251 0.186326
v 0.314860 0.080526 0.186527
v 0.304087 0.093312 0.178574
v 0.293416 0.093211 0.179379
v 0.296033 0.099654 0.176661
v 0.318182 0.097540 0.178071
v 0.348787 0.015390 0.220152
v 0.346773 -0.001926 0.233542
v 0.339222 -0.011491 0.236864
v 0.361773 0.015390 0.206762
v 0.358149 0.009651 0.214313
v 0.350397 0.104185 0.150586
v 0.329054 0.104084 0.169312
v 0.339121 0.126635 0.146257
v 0.343753 0.132373 0.138001
v 0.332981 0.131065 0.147465
v 0.355632 0.090795 0.142532
v 0.354021 0.102071 0.146559
v 0.361672 0.065123 0.130149
v 0.371740 -0.002530 0.162667
v 0.378687 -0.012094 0.176258
v 0.372445 0.003711 0.204044
v 0.379492 -0.024981 0.191762
v 0.374458 -0.012195 0.213709
v 0.356236 0.094218 0.131659
v 0.359558 0.088278 0.114544
v 0.356136 0.091399 0.107497
v 0.354324 0.059384 0.117867
v 0.361773 -0.009880 0.152801
v 0.348182 0.030189 0.119477
v 0.326336 0.027269 0.116357
v 0.343451 0.037739 0.116559
v 0.327745 0.064318 0.093503
v 0.337813 0.069351 0.092396
v 0.331269 0.079016 0.087966
v 0.337813 -0.033337 0.152801
v 0.316369 0.060593 0.094711
v 0.310731 0.050324 0.100551
v 0.321907 0.070358 0.092799
v 0.299556 0.039350 0.126021
v 0.303986 0.056666 0.100752
v 0.307308 0.058478 0.096826
v 0.311134 0.064922 0.092799
v 0.360566 -0.025283 0.150083
v 0.363988 -0.043203 0.161057
v 0.283952 0.050827 0.126726
v 0.284456 0.055961 0.121692
v 0.278918 0.072573 0.129746
v 0.281838 0.061700 0.121994
v 0.282039 0.074184 0.120787
v 0.277710 0.080325 0.132666
v 0.310933 -0.023572 0.178372
v 0.335196 -0.039881 0.161761
v 0.338316 -0.050049 0.154109
v 0.342746 -0.036760 0.147465
v 0.284456 0.030491 0.178976
v 0.289489 0.014081 0.151391
v 0.299053 -0.021659 0.172533
v 0.275194 0.060593 0.163171
v 0.280831 0.060995 0.164982
v 0.297945 0.042974 0.195084
v 0.290193 0.077707 0.178271
v 0.284556 0.083949 0.169312
v 0.299154 0.003107 0.209179
v 0.294322 -0.005249 0.205856
v 0.291301 -0.007766 0.203138
v 0.306201 0.007839 0.221461
v 0.303080 -0.002933 0.220253
v 0.303382 0.049418 0.204044
v 0.310631 0.010155 0.227401
v 0.295027 0.085761 0.187735
v 0.290294 0.091802 0.177970
v 0.309927 0.001698 0.230321
v 0.333685 0.007135 0.231025
v 0.318483 -0.007866 0.238072
v 0.324825 -0.012698 0.241898
v 0.321504 0.053848 0.204950
v 0.314355 0.083144 0.191259
v 0.303986 0.095728 0.183507
v 0.293818 0.095023 0.184413
v 0.296335 0.101567 0.181694
v 0.337209 0.058277 0.204950
v 0.327444 0.086969 0.190756
v 0.317678 0.099856 0.182802
v 0.344759 0.010960 0.231931
v 0.344155 0.001496 0.236159
v 0.338518 -0.008773 0.241395
v 0.347881 -0.000920 0.239079
v 0.334188 0.088882 0.187937
v 0.328450 0.107306 0.173237
v 0.332478 0.108212 0.174043
v 0.362680 0.079117 0.163876
v 0.354726 0.106299 0.152801
v 0.343652 0.124420 0.151191
v 0.348384 0.131065 0.141727
v 0.336202 0.130662 0.150888
v 0.366606 0.048814 0.184111
v 0.365398 0.017906 0.209783
v 0.374157 0.018007 0.197400
v 0.352511 0.017705 0.223575
v 0.361773 0.011967 0.217736
v 0.377076 0.005524 0.205755
v 0.383620 -0.011692 0.175251
v 0.375163 0.024148 0.154915
v 0.369022 0.061801 0.129243
v 0.360767 0.092305 0.143338
v 0.359156 0.103380 0.147667
v 0.361572 0.095224 0.132364
v 0.384728 -0.023974 0.192265
v 0.379795 -0.011188 0.214212
v 0.351203 0.066533 0.098537
v 0.353518 0.064116 0.102162
v 0.349189 0.057975 0.095316
v 0.349692 0.066633 0.094107
v 0.350599 0.049720 0.101658
v 0.358954 0.058377 0.115249
v 0.351505 0.028981 0.115854
v 0.366203 0.011564 0.142733
v 0.375767 -0.002732 0.159244
v 0.366203 -0.010181 0.149781
v 0.371438 -0.020148 0.156727
v 0.357646 0.005825 0.132767
v 0.365599 -0.024880 0.148875
v 0.340531 -0.000617 0.130954
v 0.362780 -0.027498 0.144848
v 0.330162 -0.037968 0.146559
v 0.327745 -0.025685 0.142028
v 0.323517 -0.003235 0.133672
v 0.335800 0.024451 0.110518
v 0.332478 -0.049646 0.154009
v 0.329960 -0.037162 0.147667
v 0.315967 0.024148 0.113940
v 0.307007 0.005020 0.147868
v 0.309221 -0.023068 0.167399
v 0.309121 -0.027900 0.175755
v 0.296536 0.035826 0.123102
v 0.279925 0.048411 0.125417
v 0.281536 0.052539 0.118773
v 0.276603 0.060894 0.121391
v 0.328652 -0.032330 0.154814
v 0.330766 -0.041693 0.160049
v 0.297442 0.040458 0.116658
v 0.309020 0.047505 0.096725
v 0.316067 0.058781 0.089678
v 0.327947 0.062707 0.088369
v 0.345565 0.036128 0.111927
v 0.339121 0.067137 0.087765
v 0.331672 0.077003 0.083034
v 0.321705 0.069452 0.087463
v 0.345766 0.050626 0.103873
v 0.344155 0.058881 0.097330
v 0.344658 0.067237 0.095920
v 0.347578 0.065828 0.102866
v 0.360566 0.090392 0.104577
v 0.363988 0.087271 0.111725
v 0.292107 -0.017028 0.207669
v 0.295631 -0.021457 0.199514
v 0.297644 -0.029813 0.210789
v 0.300865 -0.038471 0.193574
v 0.377680 -0.026894 0.161459
v 0.374559 -0.026592 0.165788
v 0.368015 -0.019846 0.160754
v 0.364693 -0.046022 0.156526
v 0.270764 0.077103 0.154613
v 0.268347 0.089989 0.140418
v 0.271468 0.075392 0.142733
v 0.272274 0.079821 0.131861
v 0.273784 0.071868 0.128840
v 0.276905 0.073378 0.119780
v 0.301067 0.053243 0.097833
v 0.307007 0.055559 0.092195
v 0.310731 0.062304 0.088067
v 0.098308 0.078110 -0.037071
v 0.115825 0.070760 -0.052775
v 0.111395 0.056968 -0.045427
v 0.110590 0.089084 -0.053581
v 0.116832 0.077103 -0.064053
v 0.120456 0.056465 -0.064454
v 0.114618 0.043578 -0.057206
v 0.120859 0.062203 -0.076938
v 0.116932 0.071767 -0.087811
v 0.027836 0.127340 0.206259
v 0.026627 0.126635 0.204648
v 0.026326 0.135495 0.203239
v 0.028742 0.136098 0.205353
v 0.026930 0.122810 0.205857
v 0.024816 0.126837 0.205857
v 0.023406 0.135696 0.205454
v 0.025520 0.127541 0.207971
v 0.025117 0.136401 0.208072
v 0.034983 0.134085 0.211897
v 0.041830 0.136199 0.209280
v 0.035185 0.138716 0.214314
v 0.048373 0.137608 0.205153
v 0.028138 0.132575 0.209884
v 0.054515 0.136803 0.197601
v 0.059045 0.129353 0.191964
v 0.057031 0.125628 0.187131
v 0.051897 0.122507 0.195689
v 0.036393 0.120192 0.206461
v 0.036293 0.117474 0.215119
v 0.038105 0.108514 0.211293
v 0.026527 0.113246 0.212200
v 0.026024 0.120494 0.214615
v 0.025319 0.095728 0.212904
v 0.034279 0.093413 0.211495
v 0.041125 0.094319 0.206360
v 0.037802 0.089285 0.208676
v 0.033574 0.086063 0.208877
v 0.025520 0.079217 0.210286
v 0.028641 0.122004 0.207870
v 0.028742 0.083949 0.202233
v 0.035387 0.088077 0.201829
v 0.039716 0.092808 0.199313
v 0.030957 0.088781 0.196696
v 0.032366 0.092808 0.193474
v 0.036091 0.098144 0.184111
v 0.040118 0.102775 0.172231
v 0.048474 0.108312 0.152297
v 0.017165 0.138515 0.185924
v 0.015251 0.138314 0.183205
v 0.016359 0.130863 0.182601
v 0.017165 0.130964 0.184413
v 0.018372 0.127340 0.182097
v 0.018070 0.131669 0.181493
v 0.019681 0.138917 0.180387
v 0.021594 0.139622 0.182299
v 0.019279 0.131367 0.183306
v -0.034481 0.223384 0.028368
v 0.057534 -0.046223 -0.008178
v 0.055521 -0.064244 0.008032
v 0.050286 -0.061224 0.009944
v 0.032769 -0.087802 0.057160
v 0.037702 -0.092433 0.057463
v 0.060756 -0.062633 0.010146
v 0.029950 -0.096661 0.072967
v 0.026930 -0.091627 0.070148
v 0.043038 -0.091225 0.060282
v 0.035286 -0.081258 0.060885
v 0.052300 -0.055989 0.014776
v 0.042937 -0.080956 0.064208
v 0.029950 -0.085487 0.071859
v 0.053810 -0.046727 -0.004251
v 0.054917 -0.044713 0.000582
v 0.059749 -0.054982 0.016588
v 0.056629 -0.031927 -0.008983
v 0.060052 -0.042599 0.000078
v 0.062770 -0.042901 -0.004554
v 0.061059 -0.044411 -0.007573
v 0.063474 -0.059009 0.013569
v 0.046159 -0.086896 0.063301
v 0.034179 -0.095856 0.076087
v 0.037299 -0.091929 0.078001
v 0.035789 -0.085889 0.076289
v 0.027231 -0.088406 0.086256
v 0.026930 -0.092835 0.089578
v 0.024413 -0.095554 0.088772
v 0.015755 -0.088406 0.096021
v 0.023909 -0.087802 0.081926
v 0.020889 -0.092533 0.081926
v 0.021694 -0.096158 0.085953
v 0.060958 0.367248 0.035617
v 0.044749 0.369966 0.028669
v 0.047668 0.367147 0.020917
v 0.060354 0.361610 0.025247
v 0.034279 0.368757 0.016789
v 0.032869 0.369161 0.019407
v 0.067804 0.354160 0.029374
v 0.073744 0.361610 0.039542
v 0.330162 -0.113474 0.178473
v 0.347578 -0.115286 0.191661
v 0.358250 -0.116091 0.198910
v 0.361672 -0.114480 0.202332
v 0.363686 -0.110856 0.205856
v 0.200896 -0.130589 0.001286
v 0.203010 -0.117501 0.003802
v 0.208748 -0.128978 0.010850
v 0.209956 -0.118206 0.011251
v 0.190426 -0.116796 -0.005661
v 0.203915 -0.106628 0.005614
v 0.188512 -0.100990 -0.004554
v 0.174519 -0.108843 -0.015326
v 0.208949 -0.110655 0.008433
v 0.192741 -0.134616 -0.007171
v 0.180257 -0.131998 -0.013515
v 0.184486 -0.148005 -0.010695
v 0.177539 -0.119413 -0.014420
v 0.171700 -0.114783 -0.017138
v 0.168982 -0.120823 -0.018748
v 0.191935 -0.149012 -0.004453
v 0.182774 -0.168040 -0.009185
v 0.177035 -0.165825 -0.013515
v 0.175726 -0.166529 -0.010393
v 0.191634 -0.169147 -0.002237
v 0.200997 -0.166730 0.003199
v 0.199989 -0.147099 0.000380
v 0.206634 -0.163710 0.007628
v 0.204218 -0.164516 0.009943
v 0.208949 -0.160187 0.014071
v 0.211567 -0.159583 0.011857
v 0.213781 -0.155254 0.017293
v 0.215292 -0.154851 0.014474
v 0.198882 -0.167536 0.005614
v 0.205930 -0.139146 0.007124
v 0.181263 -0.168744 -0.006366
v 0.189721 -0.169449 0.000380
v 0.218715 -0.148005 0.016789
v 0.211164 -0.140253 0.015280
v 0.170089 -0.131998 -0.019051
v 0.159116 -0.130488 -0.017440
v 0.159317 -0.141663 -0.013312
v 0.171498 -0.141461 -0.015829
v 0.163243 -0.155657 -0.019957
v 0.163243 -0.157872 -0.017037
v 0.170492 -0.162301 -0.016735
v 0.169586 -0.163509 -0.014017
v 0.207339 -0.153542 0.021018
v 0.165559 -0.155254 -0.002037
v 0.167169 -0.155556 -0.003345
v 0.209453 -0.154146 0.020112
v 0.372747 -0.092030 0.267972
v 0.380700 -0.101594 0.265053
v 0.377881 -0.086594 0.267167
v 0.383318 -0.093138 0.261831
v 0.386943 -0.095755 0.278543
v 0.351907 -0.084983 0.280154
v 0.343149 -0.079546 0.263039
v 0.346169 -0.080251 0.280859
v 0.341639 -0.087097 0.281866
v 0.349189 -0.081258 0.293544
v 0.347780 -0.091124 0.283577
v 0.197774 -0.253512 0.194682
v 0.209151 -0.232069 0.232032
v 0.221936 -0.263579 0.212400
v 0.200997 -0.270325 0.185017
v 0.220829 -0.234988 0.239280
v 0.058441 0.179187 0.208978
v 0.056125 0.184221 0.209482
v 0.055119 0.198416 0.201829
v 0.038507 0.182409 0.206562
v 0.031560 0.182811 0.203642
v 0.041226 0.199322 0.203139
v 0.033474 0.200631 0.199615
v 0.043742 0.213316 0.195387
v 0.058340 0.214021 0.194883
v 0.036796 0.213316 0.193574
v 0.043541 0.216537 0.191964
v 0.057233 0.220867 0.188440
v 0.066394 0.222578 0.183105
v 0.070723 0.226001 0.177669
v 0.077367 0.229826 0.172635
v 0.029346 0.213618 0.189748
v 0.025319 0.199624 0.196997
v 0.016057 0.199322 0.186729
v 0.018876 0.214927 0.179581
v 0.009613 0.200229 0.172635
v 0.012131 0.215329 0.166393
v 0.018070 0.221672 0.166393
v 0.018876 0.225397 0.159245
v 0.016460 0.228216 0.145553
v 0.009815 0.211302 0.154110
v 0.008808 0.199524 0.159345
v 0.009009 0.219054 0.140519
v 0.006795 0.202141 0.138505
v 0.005989 0.189255 0.155217
v 0.010318 0.226102 0.126626
v 0.016460 0.231639 0.129042
v 0.019279 0.234055 0.118370
v 0.015352 0.229323 0.113538
v 0.025822 0.237780 0.106390
v 0.019178 0.237176 0.125015
v 0.018171 0.230632 0.145452
v 0.004781 0.188047 0.173741
v 0.003170 0.182006 0.161158
v 0.002768 0.181805 0.175050
v 0.005385 0.177677 0.173943
v 0.010621 0.175261 0.169917
v 0.010922 0.173852 0.181493
v 0.011627 0.165193 0.179278
v 0.018876 0.168516 0.185219
v 0.017567 0.169522 0.190856
v 0.022399 0.165495 0.191158
v 0.021694 0.166301 0.199414
v 0.023909 0.169019 0.202233
v 0.023708 0.173550 0.203944
v 0.016460 0.170832 0.198911
v 0.018775 0.175563 0.202435
v 0.012232 0.174556 0.195186
v 0.014647 0.181503 0.196696
v 0.021795 0.165999 0.185219
v 0.009211 0.176167 0.185421
v 0.022098 0.161771 0.187534
v 0.022098 0.164892 0.184212
v 0.017466 0.164388 0.183205
v 0.008003 0.179992 0.189447
v 0.009513 0.185127 0.191460
v 0.024614 0.182711 0.201125
v 0.412212 -0.093440 0.209179
v 0.413118 -0.086191 0.208574
v 0.421171 -0.092131 0.208475
v 0.413319 -0.096359 0.204547
v 0.413419 -0.088406 0.203138
v 0.025621 0.140528 0.182400
v 0.027836 0.139320 0.175856
v 0.039112 0.138414 0.179078
v 0.025721 0.137307 0.196192
v 0.025721 0.134387 0.173238
v 0.032164 0.135495 0.199615
v 0.034078 0.138112 0.190453
v 0.029346 0.133582 0.174446
v 0.034883 0.136300 0.173440
v 0.041024 0.137105 0.176158
v 0.039312 0.137005 0.201528
v 0.029346 0.132877 0.183205
v 0.028440 0.127541 0.177165
v 0.025721 0.125125 0.184312
v 0.026829 0.129051 0.191058
v 0.023104 0.122608 0.194279
v 0.018876 0.124521 0.183406
v 0.020788 0.127541 0.173741
v 0.018171 0.120293 0.191964
v 0.023406 0.121199 0.201629
v 0.026427 0.125628 0.198507
v 0.030856 0.126132 0.202031
v 0.033675 0.130561 0.195186
v 0.036594 0.125024 0.202132
v 0.041527 0.121903 0.201025
v 0.041326 0.128145 0.196494
v 0.035890 0.132675 0.189548
v 0.044950 0.131971 0.188944
v 0.046259 0.124018 0.191964
v 0.049178 0.126837 0.184615
v 0.050790 0.132373 0.182198
v 0.054313 0.132978 0.183608
v 0.051696 0.138716 0.185017
v 0.047367 0.135192 0.177970
v 0.048877 0.140327 0.191360
v 0.074649 0.239189 0.177567
v 0.083811 0.248351 0.161258
v 0.066697 0.247344 0.178675
v 0.091764 0.246941 0.163070
v 0.075556 0.261237 0.165184
v 0.062166 0.265264 0.167601
v 0.056528 0.252881 0.182802
v 0.100825 0.234357 0.146962
v 0.097301 0.251572 0.150888
v 0.087435 0.251069 0.147566
v 0.082300 0.263251 0.150486
v 0.071126 0.270097 0.152499
v 0.057132 0.260633 0.159446
v 0.047870 0.251774 0.178977
v 0.052300 0.252277 0.180688
v 0.082603 0.263251 0.123203
v 0.062770 0.262345 0.147264
v 0.075556 0.264157 0.120284
v 0.088039 0.258821 0.130451
v 0.093677 0.256505 0.133070
v 0.099919 0.253083 0.135284
v 0.088543 0.258821 0.109008
v 0.055823 0.263754 0.122297
v 0.052300 0.265667 0.143237
v 0.044849 0.267580 0.140418
v 0.036293 0.255096 0.131660
v 0.054515 0.270399 0.145955
v 0.044245 0.265566 0.161560
v 0.037400 0.263351 0.157634
v 0.030856 0.251673 0.173339
v 0.061159 0.269190 0.145955
v 0.026829 0.249861 0.147264
v 0.019479 0.240800 0.159647
v 0.027332 0.245230 0.177768
v 0.020184 0.231840 0.165285
v 0.024715 0.236270 0.182501
v 0.026124 0.216236 0.184312
v 0.020990 0.248451 0.147164
v 0.019883 0.229625 0.161661
v 0.018574 0.245733 0.144042
v 0.030252 0.254089 0.129546
v 0.037501 0.252076 0.114646
v 0.041527 0.255096 0.115551
v 0.027131 0.253787 0.108907
v 0.017264 0.251170 0.126827
v 0.015453 0.244424 0.138808
v 0.029648 0.235062 0.192367
v 0.034179 0.249257 0.186326
v 0.039615 0.234760 0.190353
v 0.037400 0.255801 0.182501
v 0.049178 0.269291 0.165486
v 0.044346 0.244525 0.185118
v 0.060555 0.272815 0.136392
v 0.057635 0.274426 0.148069
v 0.063374 0.276439 0.138607
v 0.061764 0.272815 0.147768
v 0.064783 0.274627 0.129647
v 0.067200 0.277748 0.131961
v 0.066193 0.274828 0.138304
v 0.065790 0.271808 0.137197
v 0.068408 0.273620 0.131156
v 0.068106 0.278553 0.125417
v 0.068206 0.275634 0.125921
v 0.073844 0.282278 0.118773
v 0.069817 0.275231 0.127432
v 0.069817 0.278251 0.127733
v 0.070623 0.276741 0.127129
v 0.069011 0.276137 0.131559
v 0.030957 0.125528 0.209078
v 0.029145 0.121098 0.208475
v 0.029446 0.125427 0.207669
v 0.028138 0.125024 0.208777
v 0.029145 0.125226 0.210891
v 0.034379 0.134286 0.208777
v 0.031460 0.134991 0.210690
v 0.029346 0.135393 0.208877
v 0.031661 0.134689 0.207267
v 0.036293 0.127239 0.207870
v 0.033172 0.123413 0.208777
v 0.034581 0.128246 0.207367
v 0.033876 0.127944 0.209381
v 0.035688 0.127541 0.210790
v 0.038910 0.136300 0.209783
v 0.040621 0.136401 0.206562
v 0.034883 0.134689 0.208374
v 0.036192 0.134991 0.205857
v 0.045756 0.128649 0.204145
v 0.043541 0.124923 0.205555
v 0.043742 0.129152 0.203642
v 0.043138 0.129353 0.205555
v 0.044849 0.128951 0.206964
v 0.047769 0.138917 0.203340
v 0.046058 0.138314 0.206461
v 0.043843 0.136501 0.202435
v 0.042434 0.136199 0.204951
v 0.049984 0.129051 0.198206
v 0.047266 0.125628 0.197904
v 0.048172 0.130058 0.197601
v 0.047367 0.129756 0.199515
v 0.048978 0.128850 0.200924
v 0.051192 0.137810 0.202837
v 0.052904 0.138012 0.199917
v 0.047769 0.137810 0.201730
v 0.049078 0.138515 0.199414
v 0.054515 0.128750 0.196393
v 0.051092 0.126434 0.196796
v 0.053005 0.129756 0.195387
v 0.052098 0.129857 0.197098
v 0.053508 0.129555 0.198709
v 0.056629 0.136803 0.198004
v 0.053709 0.137206 0.196595
v 0.058240 0.135998 0.195487
v 0.054917 0.136501 0.194683
v 0.017365 0.131468 0.195588
v 0.015956 0.131568 0.195991
v 0.016963 0.138917 0.195286
v 0.016359 0.128145 0.196696
v 0.016460 0.131770 0.198206
v 0.018372 0.131165 0.197300
v 0.018070 0.139622 0.198206
v 0.021795 0.138314 0.195186
v 0.020688 0.138112 0.193373
v 0.018272 0.130158 0.191964
v 0.019479 0.126937 0.189849
v 0.020386 0.130461 0.190856
v 0.017969 0.139622 0.192769
v 0.022298 0.140226 0.189447
v 0.017668 0.130461 0.189245
v 0.016560 0.138716 0.187735
v 0.019077 0.130863 0.188944
v 0.020587 0.140025 0.186326
v 0.020184 0.132071 0.175353
v 0.022098 0.139823 0.173641
v 0.023809 0.140528 0.176863
v 0.020889 0.131770 0.177567
v 0.020285 0.127743 0.176158
v 0.018272 0.131165 0.175957
v 0.015150 0.138917 0.176057
v 0.016661 0.138515 0.179883
v 0.018574 0.131367 0.177869
v 0.010822 0.161267 0.126626
v 0.006694 0.171234 0.128337
v 0.006895 0.182308 0.132767
v 0.004278 0.178785 0.147869
v 0.021191 0.147978 0.121189
v 0.013439 0.148884 0.123908
v 0.014043 0.141636 0.121189
v 0.017365 0.140025 0.121089
v 0.015251 0.116668 0.177063
v 0.013238 0.112239 0.187333
v 0.015755 0.122709 0.180890
v 0.014043 0.118581 0.193172
v 0.017869 0.109118 0.203844
v 0.017567 0.118682 0.208172
v 0.019379 0.094319 0.205958
v 0.017567 0.095526 0.197702
v 0.018171 0.090392 0.201326
v 0.020889 0.086567 0.204246
v 0.016057 0.101165 0.182903
v 0.018372 0.110225 0.170520
v 0.015352 0.126233 0.174547
v 0.027635 0.101366 0.181996
v 0.029749 0.107910 0.169010
v 0.017165 0.117574 0.159144
v 0.023003 0.093614 0.193172
v 0.024312 0.088781 0.197702
v 0.014144 0.124219 0.167098
v 0.022198 0.135696 0.199212
v 0.022601 0.129857 0.200420
v 0.020487 0.129555 0.201931
v 0.019580 0.136401 0.201226
v 0.022902 0.126535 0.202031
v 0.021493 0.130158 0.203944
v 0.024111 0.129957 0.202333
v 0.024513 0.136300 0.201125
v 0.021091 0.137105 0.203642
v 0.053105 0.126837 0.191763
v 0.054917 0.127038 0.189748
v 0.056930 0.122105 0.190252
v 0.054313 0.121601 0.193273
v 0.052199 0.130863 0.188440
v 0.056629 0.127239 0.191561
v 0.055622 0.127541 0.192971
v 0.057031 0.120696 0.193978
v 0.058541 0.120796 0.191460
v 0.046964 0.124722 0.193978
v 0.048877 0.125024 0.192266
v 0.051696 0.120293 0.194279
v 0.048877 0.120192 0.197098
v 0.047468 0.126937 0.191864
v 0.050487 0.125226 0.193978
v 0.053306 0.119487 0.195890
v 0.049481 0.125427 0.195286
v 0.051595 0.119890 0.198306
v 0.045253 0.120494 0.202031
v 0.046864 0.120192 0.200018
v 0.047064 0.116668 0.199917
v 0.044245 0.116568 0.202635
v 0.046259 0.121702 0.200420
v 0.048675 0.119890 0.201528
v 0.047064 0.120192 0.203743
v 0.046763 0.116366 0.204548
v 0.049279 0.116366 0.201528
v 0.042030 0.121098 0.206159
v 0.043440 0.121400 0.204548
v 0.043239 0.116970 0.205051
v 0.040722 0.117272 0.207166
v 0.042836 0.124320 0.204448
v 0.045253 0.121098 0.205958
v 0.045353 0.116165 0.206562
v 0.043440 0.116064 0.209280
v 0.044447 0.121299 0.207770
v 0.040823 0.124823 0.207568
v 0.039413 0.118077 0.209179
v 0.036293 0.117071 0.208978
v 0.038407 0.124823 0.207669
v 0.041024 0.128649 0.206663
v 0.041226 0.124722 0.210387
v 0.038910 0.124923 0.211293
v 0.036796 0.116165 0.212501
v 0.039716 0.117071 0.211998
v 0.036393 0.125729 0.206762
v 0.034783 0.119185 0.209581
v 0.031762 0.118682 0.209280
v 0.033876 0.125729 0.206762
v 0.037601 0.130259 0.203944
v 0.036695 0.126132 0.209783
v 0.034279 0.126333 0.210488
v 0.032065 0.118279 0.213005
v 0.035084 0.118581 0.212400
v 0.031762 0.125628 0.205857
v 0.030151 0.119185 0.208877
v 0.027131 0.118682 0.208676
v 0.029246 0.125628 0.205756
v 0.031762 0.130763 0.203139
v 0.031964 0.126031 0.208777
v 0.029648 0.126736 0.209381
v 0.027433 0.118179 0.212400
v 0.030454 0.119085 0.211696
v 0.025016 0.126031 0.204548
v 0.027433 0.126031 0.204548
v 0.025923 0.119487 0.207669
v 0.022902 0.118984 0.207267
v 0.027433 0.131065 0.201931
v 0.027735 0.126434 0.207467
v 0.025319 0.127038 0.208172
v 0.023205 0.118581 0.210991
v 0.026124 0.119487 0.210488
v 0.023909 0.126132 0.201427
v 0.022601 0.119588 0.204648
v 0.019580 0.119185 0.204548
v 0.021493 0.126132 0.201528
v 0.024111 0.130662 0.198507
v 0.024312 0.126535 0.204347
v 0.021997 0.127138 0.205051
v 0.020083 0.118682 0.208172
v 0.023003 0.119487 0.207467
v 0.020990 0.120696 0.198105
v 0.020386 0.118481 0.200320
v 0.017264 0.118077 0.200622
v 0.018775 0.121199 0.198206
v 0.021191 0.125528 0.196997
v 0.021594 0.121501 0.200723
v 0.019580 0.122608 0.201326
v 0.017969 0.118581 0.204145
v 0.020990 0.118481 0.203139
v 0.016158 0.124320 0.195387
v 0.018171 0.124219 0.195085
v 0.017869 0.118279 0.194782
v 0.019580 0.129756 0.195689
v 0.018674 0.123615 0.197601
v 0.016862 0.124219 0.198407
v 0.014647 0.118279 0.195085
v 0.015554 0.117876 0.198709
v 0.018473 0.118179 0.197601
v 0.021191 0.122910 0.189748
v 0.020788 0.119487 0.189748
v 0.017769 0.119387 0.189145
v 0.018876 0.123413 0.189548
v 0.022399 0.126132 0.191561
v 0.020990 0.122407 0.192568
v 0.020688 0.118883 0.192668
v 0.017466 0.118984 0.192668
v 0.018574 0.122507 0.193172
v 0.011627 0.121098 0.186326
v 0.013943 0.122105 0.186527
v 0.017769 0.118380 0.185118
v 0.015150 0.116769 0.184514
v 0.011527 0.126736 0.187634
v 0.014043 0.121501 0.189447
v 0.011828 0.120594 0.189849
v 0.015352 0.116366 0.188138
v 0.017869 0.118279 0.187937
v 0.019279 0.122407 0.182299
v 0.021292 0.117574 0.180285
v 0.017769 0.117172 0.180487
v 0.016560 0.122910 0.182601
v 0.020487 0.127541 0.184111
v 0.019883 0.121803 0.185421
v 0.021896 0.117071 0.183406
v 0.017365 0.122004 0.186628
v 0.018574 0.116266 0.184413
v 0.017769 0.129756 0.178172
v 0.020083 0.129253 0.178473
v 0.021091 0.124722 0.177669
v 0.017969 0.124622 0.177063
v 0.020688 0.134085 0.180890
v 0.019883 0.128649 0.181393
v 0.017466 0.129253 0.181796
v 0.017769 0.123615 0.180587
v 0.020889 0.124118 0.180487
v 0.087737 0.138112 0.132465
v 0.093073 0.142038 0.135184
v 0.097805 0.149287 0.132465
v 0.127705 0.192980 0.102767
v 0.127806 0.175664 0.115652
v 0.135356 0.189053 0.090987
v 0.122269 0.198013 0.084443
v 0.127101 0.191067 0.076389
v 0.126194 0.159455 0.117364
v 0.089650 -0.088507 0.131761
v 0.085019 -0.100487 0.138908
v 0.079481 -0.108541 0.146660
v 0.094381 -0.079647 0.124712
v 0.127906 -0.069680 0.148573
v 0.167572 -0.175490 0.004004
v 0.132739 -0.177301 -0.008479
v 0.149250 -0.192604 0.001488
v 0.053608 -0.014611 -0.093851
v 0.135356 -0.148810 0.038939
v 0.116932 -0.147402 0.024139
v 0.158813 -0.149415 0.032092
v 0.163746 -0.127669 0.025548
v 0.164753 -0.109145 0.019205
v 0.153779 -0.107232 0.014474
v 0.161230 -0.078540 -0.013312
v 0.172405 -0.077130 -0.006466
v 0.181263 -0.075318 0.002996
v 0.104148 -0.129078 0.003803
v 0.092469 -0.111662 0.004608
v 0.080589 -0.102803 0.010549
v 0.071830 -0.097366 0.018300
v 0.136262 -0.101393 0.008937
v 0.139182 -0.075016 -0.018044
v 0.152975 -0.125756 0.014977
v 0.121966 -0.134011 0.010245
v 0.128611 -0.147905 0.016789
v 0.067300 -0.092433 0.027965
v 0.063575 -0.095856 0.047597
v 0.065689 -0.102399 0.062798
v 0.088945 -0.049143 0.037830
v 0.088744 -0.048841 0.059275
v 0.096697 -0.044109 0.074980
v 0.071428 -0.101695 0.080115
v 0.089751 -0.055284 0.019407
v 0.081193 -0.089815 0.020012
v 0.095791 -0.057297 0.010851
v 0.111698 -0.068976 -0.006063
v 0.102637 -0.093742 0.013769
v 0.132135 -0.119615 0.009038
v 0.147538 -0.147905 0.018602
v 0.120960 -0.333750 -0.124255
v 0.106563 -0.340797 -0.114691
v 0.123276 -0.365966 -0.123249
v 0.083811 -0.369288 -0.121637
v 0.114416 -0.396370 -0.125161
v 0.089348 -0.393148 -0.123349
v 0.041527 -0.385698 -0.125665
v 0.035990 -0.370899 -0.116604
v 0.026930 -0.390430 -0.122946
v 0.073441 -0.349959 -0.108349
v 0.034983 -0.362946 -0.095664
v 0.037097 -0.359925 -0.082475
v 0.050790 -0.354086 -0.075629
v 0.037903 -0.357912 -0.068683
v 0.041527 -0.361737 -0.059823
v 0.029446 -0.404524 -0.119122
v 0.048877 -0.404927 -0.123047
v 0.134249 -0.400497 -0.128483
v 0.081395 -0.387107 -0.056299
v 0.062770 -0.403719 -0.060428
v 0.069415 -0.401403 -0.034856
v 0.041024 -0.404826 -0.055494
v 0.045353 -0.403215 -0.029320
v 0.148444 -0.403316 -0.124960
v 0.024715 -0.393048 -0.027305
v 0.149652 -0.366671 -0.123752
v 0.143713 -0.332542 -0.114792
v 0.022702 -0.398585 -0.054890
v -0.004682 -0.401504 -0.041702
v 0.014043 -0.392544 -0.018044
v 0.003271 -0.403014 -0.005459
v -0.022099 -0.401907 -0.033044
v -0.008407 -0.405430 -0.002036
v -0.033777 -0.404826 -0.008781
v -0.018475 -0.404021 -0.098684
v -0.010220 -0.404423 -0.106939
v -0.028542 -0.404625 -0.049756
v -0.028038 -0.403316 -0.068180
v -0.026126 -0.402410 -0.085797
v -0.038005 -0.404927 -0.036769
v -0.037300 -0.405632 -0.058213
v -0.030757 -0.405632 -0.077039
v 0.016661 -0.404423 -0.111067
v 0.002768 -0.381168 -0.110866
v 0.021795 -0.377644 -0.111067
v 0.013540 -0.370093 -0.092744
v -0.002468 -0.372308 -0.088314
v 0.017869 -0.364556 -0.060629
v -0.002769 -0.367476 -0.051467
v 0.022902 -0.371402 -0.051064
v 0.042030 -0.356402 -0.053280
v 0.026124 -0.365160 -0.040998
v 0.005587 -0.358314 -0.029320
v -0.004380 -0.371906 -0.029219
v 0.031360 -0.365261 -0.029320
v 0.045957 -0.354589 -0.044420
v 0.010419 -0.360429 -0.019754
v -0.006293 -0.371302 -0.020560
v -0.001964 -0.375127 -0.011702
v 0.012131 -0.378248 -0.017439
v 0.000050 -0.388819 -0.005157
v 0.050085 -0.362442 -0.033346
v 0.046561 -0.380362 -0.029420
v 0.068710 -0.357509 -0.049555
v 0.060958 -0.379557 -0.035561
v 0.057938 -0.355899 -0.059723
v 0.028440 -0.377845 -0.024789
v 0.075455 -0.368986 -0.051064
v 0.074348 -0.340293 -0.088616
v 0.046763 0.235062 0.190353
v 0.056427 0.237679 0.189447
v 0.049683 0.246136 0.182299
v 0.053105 0.245935 0.187030
v 0.056830 0.244827 0.186527
v 0.069716 0.234357 0.183205
v 0.061663 0.242411 0.182198
v 0.222641 -0.165019 0.058871
v 0.206835 -0.175389 0.027561
v 0.215392 -0.186463 0.046288
v -0.011730 -0.386705 -0.107745
v -0.010622 -0.387510 -0.098583
v -0.018978 -0.383685 -0.080965
v -0.022804 -0.381470 -0.062843
v -0.023105 -0.382980 -0.041300
v -0.017669 -0.382879 -0.025291
v -0.014951 -0.381973 -0.010695
v -0.011226 -0.392242 -0.000426
v 0.240158 -0.342206 0.152801
v 0.243783 -0.367677 0.134176
v 0.246904 -0.338582 0.135183
v 0.232406 -0.337575 0.115048
v 0.237440 -0.368282 0.108303
v 0.219118 -0.385194 0.095718
v 0.219520 -0.368885 0.100450
v 0.219621 -0.338683 0.111021
v 0.163847 -0.159180 0.148572
v 0.163948 -0.392141 0.297068
v 0.051696 -0.099681 -0.003144
v 0.046561 -0.106829 -0.008781
v 0.064682 -0.143576 -0.028615
v 0.041527 -0.113977 -0.014318
v 0.032970 -0.125555 -0.023480
v 0.040017 -0.145488 -0.035963
v 0.209151 -0.339992 0.115551
v 0.374660 -0.099984 0.197903
v 0.378385 -0.116192 0.190956
v 0.389661 -0.107031 0.190352
v 0.352511 0.085862 0.116658
v 0.093677 -0.189987 0.019811
v 0.076763 -0.186362 0.031992
v 0.084717 0.085560 0.143539
v 0.079582 0.060995 0.140519
v 0.088140 0.078412 0.148069
v 0.067904 0.077204 0.131257
v 0.063173 0.056666 0.123807
v 0.053105 0.079520 0.114444
v 0.049883 0.071164 0.112833
v 0.061863 0.036229 0.130855
v 0.077871 0.040558 0.147063
v 0.061059 0.014987 0.136291
v 0.077871 0.019316 0.153406
v 0.087334 0.045290 0.153707
v 0.054616 0.036532 0.120686
v 0.055723 0.055156 0.115551
v 0.087637 0.063613 0.147869
v 0.199687 -0.077835 0.117968
v 0.212070 -0.100890 0.170016
v 0.176935 -0.103306 0.177063
v 0.198277 -0.110151 0.186627
v 0.238246 -0.133609 0.135384
v 0.228984 -0.147905 0.103068
v 0.239957 -0.155153 0.123001
v 0.156901 -0.106829 0.166996
v 0.122168 -0.108541 0.153506
v 0.137269 -0.121326 0.169010
v 0.082905 0.264559 0.085551
v 0.075656 0.266875 0.082128
v 0.066193 0.263955 0.077195
v 0.061360 0.258318 0.073268
v 0.059347 0.251170 0.064912
v 0.028943 0.221773 0.088067
v 0.060052 0.242311 0.061691
v 0.095691 0.259022 0.083336
v 0.097301 0.257713 0.115048
v 0.102637 0.247444 0.112028
v 0.103946 0.248955 0.078403
v 0.097200 0.214826 0.088572
v 0.100523 0.235464 0.064912
v 0.089046 0.232645 0.054946
v 0.078173 0.206067 0.079510
v 0.048474 0.214121 0.073571
v 0.063072 0.209692 0.072463
v 0.074348 0.232343 0.054644
v 0.095388 0.260633 0.043066
v 0.105355 0.262042 0.049711
v 0.108677 0.272009 0.062798
v 0.101329 0.275231 0.072161
v 0.087334 0.278251 0.074879
v 0.078878 0.278150 0.072061
v 0.072737 0.277546 0.066725
v 0.069213 0.273419 0.057261
v 0.098308 0.284291 0.066926
v 0.088744 0.287110 0.070348
v 0.099617 0.305836 0.059577
v 0.102234 0.285097 0.062697
v 0.103241 0.282178 0.056153
v 0.101429 0.303420 0.046288
v 0.093476 0.278956 0.040851
v 0.095288 0.303520 0.038837
v 0.092670 0.309461 0.062396
v 0.079281 0.288117 0.068234
v 0.081193 0.311776 0.058268
v 0.074348 0.287815 0.064409
v 0.076965 0.309763 0.047898
v 0.071630 0.287211 0.046892
v 0.080891 0.307145 0.040449
v 0.077670 0.281573 0.042260
v 0.086932 0.305232 0.037830
v 0.083811 0.279862 0.040348
v 0.070723 0.282278 0.055650
v 0.082100 0.256304 0.040449
v 0.074449 0.261036 0.042462
v 0.069615 0.267580 0.049106
v 0.070723 0.275432 0.046187
v 0.095187 0.327984 0.035817
v 0.088241 0.329495 0.035213
v 0.093577 0.355770 0.047898
v 0.086730 0.355468 0.048402
v 0.083610 0.352750 0.049509
v 0.082200 0.329394 0.038837
v 0.080992 0.348421 0.055248
v 0.079985 0.328588 0.044778
v 0.085119 0.331005 0.058671
v 0.083710 0.347314 0.065315
v 0.095086 0.346408 0.068537
v 0.096295 0.326273 0.062496
v 0.102536 0.324260 0.058066
v 0.100624 0.351039 0.064409
v 0.082100 0.354663 0.054946
v 0.083207 0.361106 0.053234
v 0.100523 0.353958 0.053033
v 0.104449 0.324863 0.045382
v 0.100724 0.360100 0.059073
v 0.099919 0.359697 0.064309
v 0.098510 0.362415 0.073772
v 0.096496 0.367851 0.057966
v 0.097200 0.354563 0.074174
v 0.093777 0.358187 0.076389
v 0.087233 0.356677 0.078001
v 0.081696 0.358187 0.074677
v 0.077569 0.360200 0.072564
v 0.080992 0.354764 0.060583
v 0.099013 0.365536 0.068738
v 0.093677 0.368355 0.068436
v 0.094684 0.365838 0.072061
v 0.093677 0.365033 0.074879
v 0.096899 0.367449 0.065215
v 0.099818 0.367952 0.065617
v 0.091261 0.362717 0.076087
v 0.085422 0.361005 0.075786
v 0.079784 0.361307 0.065819
v 0.080287 0.366140 0.068939
v 0.080891 0.363220 0.073268
v 0.084414 0.367751 0.071255
v 0.079784 0.371576 0.065919
v 0.087233 0.372080 0.068839
v 0.084515 0.372784 0.074275
v 0.089147 0.368657 0.073872
v 0.090053 0.370670 0.069040
v 0.090959 0.373086 0.065617
v 0.088039 0.372583 0.062697
v 0.084515 0.369764 0.060080
v 0.077770 0.369261 0.050013
v 0.080589 0.369966 0.048905
v 0.079180 0.371274 0.053134
v 0.069415 0.384664 0.046691
v 0.115624 -0.188476 0.154916
v 0.113309 -0.164012 0.156023
v 0.085522 -0.191497 0.123505
v 0.092167 -0.214450 0.124512
v 0.121362 -0.213544 0.149076
v 0.111195 -0.245358 0.133975
v 0.091865 -0.244250 0.119277
v 0.072535 -0.243042 0.104477
v 0.063072 -0.215558 0.099847
v 0.055420 -0.194617 0.092095
v 0.083005 -0.159180 0.121994
v 0.080287 -0.146092 0.121189
v 0.052702 -0.154146 0.087966
v 0.044447 -0.143072 0.082128
v 0.078475 -0.131293 0.119680
v 0.041226 -0.125052 0.081624
v 0.046964 -0.108138 0.089276
v 0.115624 -0.137233 0.157935
v 0.115020 -0.119112 0.156325
v 0.080992 -0.113474 0.122800
v 0.053407 -0.091426 0.096122
v 0.083811 -0.096057 0.125518
v 0.114214 -0.100789 0.154815
v 0.116128 -0.149012 0.160251
v 0.084012 -0.086392 0.127028
v 0.053508 -0.080453 0.097028
v 0.054715 -0.069378 0.098236
v 0.084113 -0.076526 0.129243
v 0.059649 -0.063137 0.102967
v 0.083610 -0.069076 0.129243
v 0.061159 -0.055284 0.108605
v 0.082300 -0.060620 0.131861
v 0.114517 -0.092131 0.157131
v 0.113510 -0.083674 0.160251
v 0.107570 -0.074916 0.155419
v 0.103543 -0.066056 0.155117
v 0.116832 0.284493 0.057764
v 0.116631 0.286406 0.063905
v 0.131531 0.290735 0.058469
v 0.121463 0.275835 0.063402
v 0.135054 0.284090 0.062697
v 0.144115 0.299494 0.060684
v 0.131430 0.292145 0.063000
v 0.107369 0.277949 0.066825
v 0.119047 0.279359 0.068839
v 0.133242 0.286607 0.066725
v 0.061663 0.279359 0.042160
v 0.058844 0.279963 0.047697
v 0.049683 0.292849 0.035918
v 0.063474 0.287110 0.043267
v 0.060555 0.284795 0.047496
v 0.210762 -0.195926 0.032394
v 0.208949 -0.178409 0.030985
v 0.176834 -0.175791 0.003300
v 0.175123 -0.193712 0.000278
v 0.173915 -0.211430 -0.002439
v 0.212674 -0.213142 0.034609
v 0.176532 -0.225927 -0.000024
v 0.214587 -0.224418 0.037025
v 0.212573 -0.239821 0.034004
v 0.180056 -0.238915 0.001688
v 0.184687 -0.270728 0.005917
v 0.212775 -0.264687 0.038535
v 0.156398 -0.276768 -0.026803
v 0.147538 -0.238008 -0.030728
v 0.138477 -0.227438 -0.037071
v 0.135155 -0.209820 -0.039386
v 0.139584 -0.191295 -0.031937
v 0.144820 -0.173174 -0.024487
v 0.192036 -0.292775 0.009843
v 0.215896 -0.290460 0.038132
v 0.206936 -0.323279 0.023736
v 0.191835 -0.322273 0.004809
v 0.166666 -0.294688 -0.019755
v 0.176633 -0.321266 -0.014017
v 0.144216 -0.161999 -0.023278
v 0.176633 -0.165925 0.005011
v 0.209050 -0.169953 0.033299
v 0.144820 -0.150925 -0.021970
v 0.176231 -0.156160 0.007326
v 0.149450 -0.144280 -0.017439
v 0.175123 -0.148810 0.007326
v 0.173512 -0.140555 0.010145
v 0.150760 -0.136428 -0.011801
v 0.207640 -0.161395 0.036623
v 0.200896 -0.153341 0.032193
v 0.196264 -0.144683 0.032193
v 0.081797 0.321944 0.039442
v 0.079180 0.323253 0.044978
v 0.101429 0.318018 0.059073
v 0.102133 0.313084 0.052932
v 0.101228 0.308856 0.054744
v 0.100221 0.310266 0.059677
v 0.091463 0.378725 0.077195
v 0.088341 0.379328 0.074477
v 0.084918 0.386175 0.087966
v 0.091160 0.380939 0.075282
v 0.071428 0.382449 0.061993
v 0.074449 0.386477 0.063905
v 0.061159 0.394027 0.067731
v 0.072535 0.382349 0.066120
v 0.106462 0.310568 0.063402
v 0.103140 0.307749 0.063604
v 0.103443 0.306944 0.058771
v 0.106462 0.297077 0.068436
v 0.105858 0.308957 0.058167
v 0.134047 -0.166529 -0.018848
v 0.117134 -0.185255 -0.022372
v 0.096396 -0.170758 -0.021064
v 0.077066 0.362818 0.061791
v 0.075455 0.358690 0.061791
v 0.067401 0.364429 0.066624
v 0.068911 0.367549 0.066725
v 0.076159 0.363019 0.065819
v 0.068408 0.367549 0.070148
v 0.060153 0.370771 0.071859
v 0.059951 0.369261 0.072161
v 0.056629 0.371979 0.072967
v 0.062166 0.370066 0.072967
v 0.081696 0.364026 0.085048
v 0.079481 0.362717 0.084343
v 0.077670 0.365133 0.091390
v 0.081898 0.361811 0.085652
v 0.073944 0.362012 0.085048
v 0.071025 0.363019 0.083235
v 0.066998 0.362516 0.091290
v 0.073139 0.364328 0.085048
v 0.093375 0.366744 0.087162
v 0.090455 0.368254 0.087363
v 0.089046 0.366644 0.088067
v 0.090153 0.368456 0.097330
v 0.093174 0.367549 0.096625
v 0.090657 0.364529 0.088772
v 0.090153 0.364831 0.097129
v 0.088744 0.367348 0.097632
v 0.092469 0.365737 0.106894
v 0.098710 0.364127 0.080316
v 0.095691 0.361509 0.082429
v 0.100019 0.364328 0.091994
v 0.098006 0.359697 0.082027
v 0.082401 0.370268 0.077900
v 0.085019 0.370872 0.079410
v 0.080489 0.367751 0.078705
v 0.078274 0.370368 0.084544
v 0.079683 0.372986 0.084443
v 0.073844 0.374496 0.096827
v 0.081294 0.372986 0.085953
v 0.083005 0.366342 0.080517
v 0.080287 0.369664 0.086557
v 0.084918 0.371073 0.088370
v 0.086227 0.374899 0.086356
v 0.079281 0.380738 0.104276
v 0.088543 0.372483 0.088470
v 0.096899 0.377516 0.086054
v 0.092872 0.378825 0.086860
v 0.098107 0.383255 0.101457
v 0.095590 0.376812 0.090081
v 0.095288 0.376812 0.091691
v 0.092771 0.378321 0.090081
v 0.102939 0.364831 0.066120
v 0.103342 0.370670 0.073268
v 0.106161 0.368657 0.072765
v 0.103845 0.367348 0.074376
v 0.101731 0.363120 0.067530
v 0.109584 0.375301 0.086658
v 0.070522 0.374999 0.072765
v 0.068911 0.372986 0.072161
v 0.059347 0.380134 0.079812
v 0.070119 0.370469 0.072765
v 0.077871 0.370167 0.067832
v 0.077972 0.368959 0.070853
v 0.071126 0.373187 0.075181
v 0.076260 0.368154 0.066322
v 0.075656 0.366140 0.068537
v 0.081696 0.361307 0.060583
v 0.101933 0.368959 0.074174
v 0.072737 0.326474 0.040247
v 0.073139 0.329897 0.040046
v 0.061360 0.327682 0.033804
v 0.074548 0.325467 0.036824
v 0.075052 0.329897 0.036522
v 0.222138 -0.163710 0.060381
v 0.223447 -0.155757 0.095014
v 0.222843 -0.175691 0.078906
v 0.221836 -0.110151 0.047394
v 0.074247 0.342784 0.036221
v 0.080388 0.335434 0.041959
v 0.083408 0.338555 0.047092
v 0.081294 0.350133 0.044476
v 0.044548 0.076399 0.098538
v 0.036393 0.088882 0.081826
v 0.037601 0.097540 0.067832
v 0.041527 0.110729 0.051422
v 0.140390 0.128649 0.143841
v 0.115322 0.103580 0.155217
v 0.101329 0.087171 0.150888
v 0.040923 0.095930 0.067027
v 0.166264 -0.063439 0.132767
vn -0.1418 -0.7729 0.6185
vn 0.0057 -0.7130 0.7012
vn -0.7919 0.3142 0.5237
vn 0.6992 -0.1805 -0.6918
vn 0.7271 -0.2117 -0.6530
vn 0.7918 -0.3756 -0.4816
vn 0.6508 -0.1034 -0.7522
vn 0.7394 -0.1762 -0.6498
vn 0.5792 0.1199 -0.8063
vn 0.4076 -0.1029 -0.9073
vn -0.5682 -0.6918 -0.4455
vn 0.7703 -0.3437 -0.5372
vn -0.0516 0.7505 -0.6589
vn 0.5119 0.8131 0.2772
vn 0.4185 0.9075 0.0369
vn 0.8463 -0.3100 -0.4332
vn 0.7380 -0.2546 -0.6249
vn 0.2234 0.9220 -0.3161
vn 0.7072 -0.3132 -0.6338
vn 0.1676 0.9056 -0.3895
vn -0.4621 0.1366 -0.8762
vn -0.5691 -0.6742 -0.4706
vn -0.5951 -0.5385 -0.5965
vn -0.5666 -0.2847 -0.7732
vn 0.4158 -0.1371 -0.8991
vn -0.5194 -0.0507 -0.8530
vn 0.3076 0.0387 -0.9507
vn -0.2883 0.4669 -0.8360
vn 0.3335 -0.0439 -0.9417
vn 0.2413 -0.0355 -0.9698
vn -0.4399 0.1920 -0.8773
vn 0.7353 -0.3527 -0.5787
vn -0.6121 -0.6098 -0.5035
vn -0.5867 -0.4317 -0.6851
vn -0.2146 0.5824 -0.7841
vn 0.2298 0.9300 -0.2868
vn 0.3582 0.9284 -0.0984
vn 0.6722 -0.2880 -0.6820
vn 0.7276 -0.2402 -0.6426
vn 0.9016 -0.4096 -0.1392
vn 0.8422 -0.4861 -0.2332
vn -0.1697 0.6225 -0.7640
vn 0.3469 -0.3093 -0.8854
vn 0.7363 -0.3404 -0.5848
vn 0.4912 0.8434 0.2177
vn -0.2171 0.5677 -0.7941
vn -0.5581 -0.6915 -0.4587
vn -0.5775 -0.3842 -0.7203
vn 0.4834 -0.4781 -0.7333
vn -0.5668 -0.3156 -0.7610
vn -0.5822 -0.2585 -0.7708
vn 0.5609 -0.5870 -0.5838
vn 0.6569 -0.6985 -0.2839
vn 0.0524 -0.7493 0.6601
vn -0.5044 0.0058 -0.8635
vn 0.7600 -0.3974 -0.5143
vn 0.5385 0.1003 0.8366
vn -0.5494 -0.1572 -0.8206
vn 0.7121 -0.4407 -0.5465
vn 0.4691 -0.0887 0.8787
vn 0.2913 -0.4742 0.8308
vn -0.3186 -0.9368 0.1449
vn 0.5777 -0.8068 0.1241
vn 0.1118 -0.6908 0.7144
vn 0.1451 -0.6567 0.7400
vn 0.7323 -0.5788 0.3587
vn 0.8797 -0.4740 0.0365
vn 0.7360 -0.5031 0.4531
vn 0.4795 -0.1062 0.8711
vn 0.8433 -0.3543 -0.4040
vn -0.3154 -0.9352 0.1608
vn 0.4064 0.9137 -0.0047
vn 0.4410 0.8943 0.0757
vn 0.3943 -0.2670 0.8794
vn 0.2870 -0.4612 0.8396
vn 0.8160 -0.5646 0.1243
vn 0.7349 -0.6120 0.2921
vn 0.1667 -0.6290 0.7593
vn 0.8525 -0.5045 -0.1364
vn 0.7668 -0.6306 0.1196
vn 0.4483 -0.1011 0.8882
vn 0.8099 -0.4908 -0.3212
vn -0.3468 -0.9332 0.0936
vn 0.4574 0.8793 0.1331
vn 0.4834 0.8562 0.1821
vn 0.3423 -0.3636 0.8664
vn 0.3068 -0.3952 0.8658
vn 0.0485 -0.7620 0.6458
vn 0.6434 -0.7380 0.2035
vn 0.8066 -0.5173 -0.2861
vn 0.7944 -0.0253 -0.6069
vn 0.6858 -0.0909 -0.7221
vn -0.5018 0.0611 -0.8628
vn 0.6499 -0.2683 -0.7111
vn -0.5786 -0.2818 -0.7654
vn 0.0903 0.8585 -0.5048
vn 0.5019 0.8313 0.2389
vn 0.2320 0.9250 -0.3009
vn -0.1359 0.6792 -0.7213
vn 0.7964 -0.4993 -0.3413
vn 0.7981 0.0229 -0.6021
vn 0.8429 0.1770 -0.5081
vn 0.3625 0.9280 -0.0856
vn 0.7875 -0.2058 -0.5810
vn 0.5555 0.1684 0.8143
vn 0.5877 0.3459 0.7314
vn 0.5809 0.3329 0.7428
vn 0.5956 0.3077 0.7420
vn 0.4089 0.9125 0.0147
vn -0.2753 0.4730 -0.8370
vn -0.4683 0.0559 -0.8818
vn 0.1419 0.8887 -0.4360
vn 0.8481 0.2275 -0.4785
vn 0.7764 -0.4066 -0.4815
vn 0.5079 -0.8593 -0.0609
vn 0.4917 -0.8668 0.0828
vn 0.5637 -0.8207 0.0930
vn 0.7321 -0.6759 -0.0844
vn 0.1273 -0.6786 0.7234
vn 0.0496 -0.7544 0.6546
vn -0.3143 -0.9375 0.1496
vn -0.0289 -0.8298 0.5572
vn 0.6302 -0.7019 -0.3320
vn 0.7122 -0.4564 -0.5334
vn -0.5588 -0.1940 -0.8063
vn -0.2756 -0.9328 0.2324
vn 0.3680 -0.3256 0.8710
vn -0.2350 -0.9289 0.2862
vn 0.4377 -0.8278 -0.3510
vn 0.8590 -0.1673 -0.4838
vn 0.8330 0.4524 -0.3186
vn 0.8250 0.3038 -0.4766
vn 0.8513 0.1688 -0.4968
vn 0.3747 0.9244 -0.0717
vn 0.2301 0.9237 -0.3065
vn 0.2972 0.9349 -0.1939
vn 0.6452 -0.6645 -0.3770
vn -0.3763 -0.9241 0.0661
vn -0.4378 -0.8951 -0.0842
vn 0.8663 0.2685 -0.4212
vn 0.1694 0.9066 -0.3866
vn 0.1505 0.8948 -0.4203
vn 0.4706 0.8693 0.1510
vn 0.8144 0.3886 -0.4309
vn 0.3967 0.9179 -0.0092
vn 0.8345 0.4533 -0.3133
vn 0.4617 0.8764 0.1371
vn 0.8837 0.4246 -0.1969
vn 0.8096 -0.3824 -0.4454
vn 0.5090 -0.7491 -0.4240
vn -0.5764 -0.6976 -0.4255
vn -0.4887 -0.8490 -0.2007
vn -0.3148 -0.9362 0.1565
vn 0.4165 -0.8242 -0.3838
vn 0.8540 -0.3266 -0.4050
vn 0.5169 -0.8354 -0.1868
vn -0.3250 -0.9371 0.1274
vn 0.5511 0.7387 0.3881
vn 0.9521 0.3045 0.0287
vn 0.5579 0.7173 0.4174
vn 0.9822 0.1699 0.0804
vn 0.9212 -0.3309 -0.2047
vn 0.9146 -0.3896 -0.1083
vn 0.9001 -0.2735 -0.3393
vn -0.5167 -0.8087 -0.2812
vn -0.4953 -0.8407 -0.2188
vn 0.8663 -0.3954 -0.3053
vn -0.5318 -0.7717 -0.3487
vn -0.0377 -0.8234 0.5661
vn 0.5553 0.1131 0.8239
vn 0.5876 0.3619 0.7237
vn 0.5823 0.6249 0.5201
vn 0.5603 0.7143 0.4194
vn -0.7760 -0.2754 0.5675
vn -0.5880 0.2610 0.7656
vn -0.6276 0.3496 0.6956
vn -0.1448 0.6634 0.7342
vn -0.0952 0.7651 0.6368
vn -0.1785 0.8885 0.4228
vn -0.2352 0.9211 0.3103
vn -0.3496 0.9041 0.2458
vn -0.4274 0.8374 0.3408
vn -0.2368 0.9201 0.3120
vn -0.7270 0.5263 0.4409
vn -0.8362 0.2998 0.4592
vn -0.4407 0.8580 0.2638
vn -0.5413 0.7804 0.3130
vn -0.4960 0.8141 0.3020
vn -0.7892 0.1908 0.5837
vn -0.5436 0.7838 0.3003
vn -0.6874 0.6751 0.2678
vn -0.8028 0.4923 0.3364
vn -0.7238 0.6332 0.2741
vn -0.7617 0.1686 0.6256
vn -0.8397 0.4744 0.2644
vn -0.8216 0.3302 0.4647
vn -0.8049 0.5709 0.1618
vn -0.8853 0.4192 0.2011
vn -0.5131 -0.0657 0.8558
vn -0.6493 0.1645 0.7425
vn -0.7652 0.3977 0.5063
vn -0.3473 -0.1315 0.9285
vn -0.4828 -0.0039 0.8757
vn -0.1577 -0.1109 0.9812
vn -0.5133 0.1373 0.8471
vn -0.6226 0.2548 0.7398
vn -0.8512 0.4460 0.2767
vn -0.8910 0.4324 -0.1384
vn -0.7994 0.5207 -0.2998
vn -0.8876 0.3962 0.2351
vn -0.8374 0.4330 -0.3335
vn -0.8443 0.4639 -0.2683
vn -0.8661 0.3616 0.3452
vn -0.7174 0.1998 0.6674
vn -0.9563 0.2600 -0.1338
vn -0.8701 0.3513 0.3458
vn -0.9786 0.1691 0.1170
vn -0.9494 0.0642 0.3075
vn -0.8171 -0.0476 0.5745
vn -0.8506 0.3024 0.4302
vn -0.8868 0.2620 0.3806
vn -0.5445 -0.3167 0.7767
vn -0.2918 -0.1316 0.9474
vn -0.7670 0.3547 0.5347
vn -0.8746 0.3932 0.2837
vn -0.8471 0.4449 0.2905
vn -0.7163 0.6964 -0.0450
vn 0.0121 0.8235 -0.5672
vn -0.8824 0.4415 -0.1625
vn -0.8183 0.5127 0.2598
vn -0.5045 -0.0677 -0.8608
vn -0.8329 0.5426 0.1090
vn -0.8444 0.4944 0.2063
vn -0.8421 0.3662 0.3959
vn -0.5680 -0.7006 -0.4319
vn -0.5567 -0.6841 -0.4713
vn -0.4464 0.1610 -0.8802
vn 0.1523 0.8970 -0.4149
vn -0.5800 -0.4054 0.7066
vn -0.5600 -0.3309 0.7596
vn -0.6725 -0.0579 0.7379
vn -0.4628 -0.2572 0.8484
vn -0.6918 -0.3351 0.6396
vn -0.8459 -0.0518 0.5308
vn -0.8842 0.2394 0.4010
vn -0.8749 -0.2490 0.4155
vn -0.8658 -0.0033 0.5004
vn -0.8047 0.3281 0.4949
vn -0.9088 -0.1266 0.3976
vn -0.8909 -0.2526 0.3775
vn -0.7573 0.3769 0.5334
vn -0.7757 0.1953 0.6001
vn -0.6849 0.4252 0.5918
vn -0.7214 0.3000 0.6242
vn -0.9357 0.1613 0.3137
vn -0.8657 -0.4860 0.1197
vn -0.9577 0.0351 0.2857
vn -0.8981 0.2134 0.3846
vn -0.9523 0.2810 -0.1186
vn -0.8771 -0.3977 -0.2695
vn 0.6660 0.3670 0.6495
vn -0.8750 0.3644 0.3186
vn -0.8996 0.2463 0.3606
vn -0.9176 -0.0402 0.3955
vn -0.9216 -0.1741 0.3468
vn -0.2979 0.0887 0.9505
vn -0.9523 -0.0703 -0.2970
vn -0.4129 -0.7954 -0.4438
vn -0.2669 -0.9502 0.1611
vn -0.9130 -0.0259 0.4072
vn -0.5324 -0.1321 0.8361
vn -0.6542 0.1237 0.7462
vn 0.1285 -0.2947 0.9469
vn 0.3458 -0.3307 0.8781
vn 0.3378 0.9324 0.1284
vn -0.1730 0.7535 -0.6343
vn -0.7870 0.1914 0.5865
vn -0.8700 -0.0682 0.4883
vn -0.6791 0.4558 0.5754
vn -0.7845 -0.0499 0.6181
vn -0.6874 0.2417 0.6849
vn -0.4530 0.5487 0.7026
vn -0.2990 0.7087 0.6390
vn -0.2794 0.5840 0.7622
vn -0.5346 0.4146 0.7364
vn -0.1749 0.8639 0.4723
vn -0.1580 0.9144 0.3727
vn -0.8612 -0.3171 0.3972
vn 0.0780 0.5575 0.8265
vn -0.3288 0.0690 0.9419
vn -0.0156 -0.8751 0.4836
vn -0.2024 0.0323 0.9788
vn 0.4305 0.3189 0.8444
vn -0.2597 -0.9641 -0.0564
vn -0.5923 -0.0764 0.8021
vn -0.4805 0.4194 0.7702
vn -0.3190 0.8457 0.4279
vn -0.4197 0.7274 0.5429
vn -0.5299 0.0079 0.8480
vn -0.4130 -0.7458 0.5227
vn -0.7925 -0.5637 0.2326
vn -0.8999 -0.0832 0.4281
vn -0.9311 -0.2940 -0.2158
vn -0.5571 -0.8154 -0.1574
vn -0.2172 -0.3313 -0.9182
vn -0.9833 0.1531 -0.0985
vn -0.1842 -0.9779 -0.0989
vn -0.4815 -0.3235 0.8146
vn -0.3331 0.3156 -0.8885
vn 0.0814 -0.9952 0.0539
vn 0.0569 -0.4579 -0.8872
vn 0.3872 -0.5646 -0.7289
vn 0.4065 -0.5218 -0.7500
vn 0.4918 -0.8481 0.1973
vn -0.1277 -0.2877 0.9492
vn 0.1719 -0.3439 0.9231
vn -0.5739 0.4630 0.6754
vn -0.3014 0.5127 0.8039
vn -0.3377 0.6142 0.7133
vn 0.5691 -0.8200 0.0607
vn 0.4503 -0.6057 -0.6560
vn 0.0996 -0.2846 0.9535
vn -0.5832 0.4726 0.6608
vn -0.4537 0.5000 0.7377
vn -0.0615 -0.3169 0.9465
vn 0.3288 -0.9284 0.1733
vn 0.3947 -0.7265 -0.5626
vn -0.2801 -0.5037 0.8172
vn -0.9272 0.0812 0.3657
vn 0.0573 -0.9828 0.1757
vn -0.4016 -0.9019 0.1591
vn -0.8792 -0.2299 -0.4174
vn -0.4709 -0.4237 -0.7738
vn 0.0720 -0.8288 -0.5549
vn 0.4212 -0.7428 -0.5205
vn 0.6116 -0.7460 -0.2634
vn -0.1734 -0.9580 -0.2285
vn 0.8680 -0.3914 -0.3055
vn 0.4582 -0.8816 0.1131
vn -0.2001 -0.9742 0.1042
vn 0.9057 -0.4202 -0.0555
vn 0.8119 -0.5785 -0.0787
vn 0.6384 -0.7320 -0.2380
vn -0.4140 -0.8648 -0.2841
vn 0.7467 -0.5432 0.3840
vn 0.5421 -0.8154 -0.2032
vn -0.5888 -0.2842 -0.7567
vn 0.7829 -0.4297 0.4499
vn 0.5292 -0.5399 0.6545
vn 0.6477 -0.7561 0.0937
vn 0.0315 -0.9879 0.1515
vn 0.2423 -0.4402 0.8646
vn -0.5167 -0.6662 -0.5379
vn -0.1617 -0.9410 0.2974
vn 0.3040 -0.3646 0.8801
vn -0.9524 0.2025 -0.2279
vn -0.3235 0.4185 -0.8486
vn 0.1539 -0.2423 0.9579
vn -0.3713 -0.8079 0.4576
vn 0.2304 -0.0997 0.9680
vn -0.6581 -0.4518 0.6024
vn 0.1225 -0.0004 0.9925
vn -0.6798 -0.4985 -0.5380
vn -0.0646 0.3977 -0.9152
vn -0.8683 -0.2619 -0.4213
vn -0.0283 0.1942 -0.9806
vn -0.7288 -0.1680 0.6638
vn -0.3281 0.0161 0.9445
vn -0.9806 -0.1931 0.0327
vn -0.5450 0.0073 0.8384
vn -0.9586 0.1889 -0.2131
vn -0.3476 0.0956 -0.9328
vn -0.2394 0.9498 0.2012
vn 0.2146 0.1849 0.9590
vn -0.0704 0.4135 -0.9078
vn 0.0383 -0.9850 0.1680
vn -0.7274 -0.6076 -0.3189
vn -0.5729 -0.6889 -0.4440
vn -0.1543 -0.9880 -0.0086
vn -0.6139 -0.5854 -0.5295
vn -0.8803 -0.3378 -0.3331
vn -0.7164 -0.0201 -0.6974
vn -0.8277 -0.4987 -0.2574
vn -0.7204 -0.5542 -0.4169
vn -0.5099 -0.8520 -0.1185
vn -0.6619 -0.6636 -0.3487
vn -0.5686 -0.8222 0.0261
vn -0.2610 -0.9401 0.2195
vn -0.4308 -0.8194 0.3781
vn -0.6961 -0.7174 -0.0280
vn -0.6042 -0.7525 -0.2621
vn -0.4572 -0.8800 0.1288
vn -0.3880 -0.8737 0.2934
vn -0.3645 -0.9078 0.2076
vn -0.7445 -0.5581 0.3664
vn -0.5057 -0.5662 0.6509
vn -0.7644 -0.3353 0.5507
vn -0.6098 -0.2884 0.7382
vn -0.7039 -0.6773 0.2139
vn -0.8958 -0.4390 -0.0697
vn -0.5221 -0.8511 0.0551
vn -0.7370 -0.5703 -0.3628
vn -0.8584 -0.4271 -0.2841
vn -0.5119 -0.4008 -0.7598
vn -0.5464 -0.5696 -0.6140
vn -0.1029 -0.4178 -0.9027
vn -0.0017 -0.2783 -0.9605
vn 0.3758 -0.1709 -0.9108
vn 0.5382 -0.3048 -0.7858
vn 0.7762 -0.0721 -0.6263
vn 0.6357 -0.2037 -0.7446
vn 0.6447 -0.0655 -0.7616
vn 0.3621 0.0041 -0.9321
vn 0.0639 -0.3271 -0.9428
vn -0.2677 -0.4228 -0.8658
vn 0.7520 0.1792 -0.6344
vn 0.6208 0.2302 -0.7494
vn 0.2391 -0.0257 -0.9707
vn 0.3649 0.2866 -0.8859
vn 0.6226 0.4031 -0.6707
vn -0.1950 -0.1959 -0.9610
vn -0.3663 -0.2801 -0.8873
vn -0.1770 -0.6247 -0.7606
vn 0.2645 0.1760 -0.9482
vn 0.5767 0.4881 -0.6551
vn -0.9657 0.0654 -0.2514
vn -0.8324 -0.0771 -0.5489
vn -0.7277 -0.0002 -0.6859
vn -0.6231 -0.4351 -0.6499
vn -0.7387 -0.5663 -0.3654
vn -0.4826 -0.7327 -0.4798
vn -0.5744 -0.6484 -0.4996
vn -0.7112 -0.6227 -0.3262
vn 0.1548 -0.1106 -0.9817
vn 0.4126 0.4168 -0.8100
vn 0.3754 0.4339 -0.8191
vn 0.3941 0.4335 -0.8104
vn 0.4288 0.6656 -0.6108
vn 0.1688 0.7041 -0.6898
vn 0.1277 0.7938 -0.5946
vn 0.2167 0.7561 -0.6176
vn 0.0203 0.9409 -0.3381
vn 0.0871 0.9210 -0.3797
vn -0.1550 0.9784 0.1367
vn -0.2995 0.9519 -0.0652
vn -0.4146 0.8461 0.3350
vn -0.4716 0.8179 0.3295
vn -0.5876 0.6896 0.4233
vn -0.6165 0.7779 0.1216
vn -0.2450 0.8868 -0.3919
vn -0.5720 0.8025 -0.1699
vn -0.4009 0.7587 -0.5135
vn -0.6243 0.6653 -0.4094
vn 0.0145 0.9055 -0.4241
vn -0.2675 0.9290 -0.2559
vn -0.6172 0.7749 -0.1367
vn -0.7175 0.5145 -0.4696
vn -0.0146 0.8372 -0.5468
vn 0.2789 0.8086 -0.5180
vn 0.4666 0.6262 -0.6247
vn 0.5575 0.4498 -0.6977
vn 0.5808 0.3936 -0.7126
vn 0.2890 0.8345 -0.4691
vn 0.1670 0.9220 -0.3492
vn -0.0739 0.9909 -0.1129
vn 0.9955 -0.0779 -0.0534
vn 0.9643 -0.2088 0.1629
vn 0.9768 -0.1535 -0.1494
vn 0.9815 -0.1091 -0.1571
vn 0.9480 -0.2350 0.2148
vn 0.8762 -0.1426 0.4604
vn 0.7965 -0.3022 0.5237
vn 0.5337 -0.1299 0.8356
vn 0.5409 -0.3924 0.7440
vn 0.6094 -0.5039 0.6122
vn 0.6519 -0.4546 0.6069
vn 0.8866 -0.4099 0.2142
vn 0.8418 0.2381 -0.4844
vn 0.5522 -0.3916 0.7360
vn 0.5230 -0.4650 0.7143
vn 0.8405 -0.3761 0.3900
vn 0.9378 -0.2712 0.2166
vn 0.9739 -0.1912 -0.1225
vn 0.8718 0.0807 -0.4831
vn 0.8620 -0.1354 -0.4885
vn 0.5086 0.1631 -0.8454
vn 0.5240 -0.0712 -0.8487
vn 0.5373 0.3940 -0.7457
vn 0.5117 0.4831 -0.7105
vn 0.7927 0.3679 -0.4860
vn 0.7047 0.4968 -0.5065
vn 0.4472 0.6750 -0.5869
vn 0.5313 0.7748 -0.3426
vn 0.7245 0.5209 -0.4514
vn 0.4185 0.8536 -0.3104
vn 0.8675 0.3087 -0.3901
vn 0.9354 0.1110 -0.3356
vn 0.6863 0.5371 -0.4905
vn 0.4619 0.8034 -0.3757
vn 0.1286 0.9608 -0.2456
vn 0.1481 0.9495 -0.2765
vn -0.3650 0.9253 -0.1028
vn -0.1899 0.9787 0.0780
vn -0.5498 0.8232 0.1417
vn -0.5501 0.8052 0.2216
vn -0.6382 0.6703 0.3787
vn -0.4241 0.8048 0.4153
vn 0.2115 0.9765 0.0408
vn 0.3650 0.9131 -0.1817
vn -0.0356 0.9442 0.3275
vn 0.3458 0.9056 0.2455
vn 0.3412 0.8188 0.4616
vn 0.1154 0.9867 0.1145
vn 0.2369 0.9483 -0.2112
vn 0.3783 0.6282 0.6798
vn -0.0499 0.8106 0.5835
vn 0.3294 0.8274 -0.4548
vn 0.8548 -0.1569 -0.4947
vn 0.9257 -0.2799 -0.2545
vn 0.6201 -0.7208 0.3096
vn 0.0789 -0.4976 -0.8638
vn 0.0319 0.5896 -0.8071
vn 0.8892 -0.1135 -0.4433
vn 0.2280 0.5626 -0.7947
vn 0.7489 -0.2517 -0.6130
vn 0.7339 -0.4419 0.5158
vn -0.0596 -0.5030 0.8622
vn 0.4637 -0.8694 0.1709
vn -0.3629 -0.6454 0.6721
vn -0.1015 -0.4595 0.8824
vn 0.0981 -0.9634 -0.2495
vn 0.6144 -0.2891 -0.7342
vn -0.4365 -0.6293 0.6430
vn 0.3374 -0.9402 0.0457
vn -0.6111 -0.2471 0.7520
vn 0.0984 -0.9912 -0.0881
vn 0.5323 0.1698 -0.8293
vn -0.8002 0.0087 0.5997
vn -0.3359 -0.8356 -0.4346
vn 0.3222 0.4077 -0.8544
vn -0.7478 0.1853 -0.6375
vn 0.1904 0.9386 -0.2876
vn 0.2525 0.8219 -0.5106
vn -0.8460 0.1683 0.5059
vn -0.7700 0.1125 0.6281
vn -0.5483 0.4788 0.6857
vn -0.6486 -0.7007 0.2973
vn 0.2828 -0.6226 0.7296
vn 0.6126 -0.6345 0.4713
vn 0.7074 -0.5024 0.4971
vn -0.0315 -0.2246 0.9739
vn 0.7943 0.1699 0.5833
vn 0.8913 -0.4488 0.0640
vn 0.9957 -0.0558 -0.0737
vn 0.4724 0.6692 0.5736
vn -0.0548 0.2072 0.9768
vn 0.2698 0.7947 0.5437
vn 0.5107 0.6940 0.5075
vn 0.6134 0.5448 0.5718
vn 0.7350 0.6111 0.2937
vn 0.9201 0.3581 0.1585
vn 0.7033 0.6086 0.3674
vn 0.7128 0.6757 0.1878
vn 0.6594 0.6973 0.2810
vn 0.8999 0.0912 0.4264
vn 0.5621 0.4094 0.7187
vn 0.4639 0.4898 0.7382
vn 0.1587 0.5590 0.8138
vn 0.2085 0.4785 0.8530
vn 0.2729 0.7182 0.6401
vn 0.1986 0.7481 0.6332
vn 0.1588 0.8968 0.4130
vn -0.2854 0.3021 0.9096
vn 0.0571 0.7338 0.6770
vn -0.8229 0.2907 0.4882
vn -0.5161 0.4833 0.7072
vn -0.8113 0.2034 0.5480
vn -0.6036 -0.0499 0.7958
vn -0.8708 -0.1542 0.4669
vn -0.9598 -0.2808 0.0003
vn -0.2497 -0.0349 0.9677
vn -0.5613 -0.3865 0.7318
vn 0.1186 0.0752 0.9901
vn -0.9194 -0.3161 0.2342
vn -0.5854 0.2525 0.7704
vn 0.2517 0.2062 0.9456
vn -0.6833 0.3216 0.6555
vn -0.2933 0.1312 0.9470
vn -0.6858 0.6987 -0.2038
vn -0.9615 0.2021 -0.1860
vn -0.5395 -0.0730 -0.8388
vn -0.1775 -0.2016 -0.9633
vn -0.8104 0.5593 -0.1743
vn -0.9826 0.0883 -0.1636
vn -0.6148 -0.2118 -0.7597
vn -0.9410 -0.3194 -0.1116
vn -0.0295 -0.4398 -0.8976
vn -0.1992 -0.1017 0.9747
vn -0.9875 -0.1457 -0.0593
vn -0.6013 -0.2040 -0.7725
vn -0.8433 0.4226 -0.3321
vn -0.7919 0.4917 -0.3621
vn -0.6569 -0.1063 -0.7464
vn -0.9559 0.2663 -0.1241
vn -0.7003 0.2419 0.6716
vn -0.7308 0.0936 -0.6761
vn -0.9964 0.0838 -0.0126
vn -0.8874 -0.4451 -0.1201
vn 0.0077 -0.1860 0.9825
vn 0.6080 0.0533 0.7921
vn 0.5878 0.0454 0.8077
vn -0.7808 -0.6200 -0.0769
vn 0.2695 -0.4619 -0.8450
vn 0.4596 -0.5588 -0.6903
vn 0.0850 -0.9869 0.1371
vn 0.3367 -0.4318 0.8368
vn -0.9680 0.2499 0.0210
vn -0.5656 0.0325 -0.8240
vn -0.1322 -0.5774 -0.8057
vn -0.5011 0.6200 0.6038
vn 0.0061 0.6218 0.7832
vn 0.4935 0.5948 0.6346
vn -0.8295 0.4515 0.3288
vn -0.0964 0.6440 0.7589
vn 0.4125 0.7731 0.4819
vn 0.9217 0.3714 0.1118
vn 0.5392 0.2637 -0.7999
vn 0.8241 0.4455 -0.3497
vn 0.4973 0.0653 -0.8651
vn 0.7197 0.5063 -0.4751
vn 0.3001 0.1156 -0.9469
vn 0.6265 0.3254 -0.7082
vn 0.1683 0.0399 -0.9849
vn 0.7140 -0.1586 -0.6819
vn 0.3256 -0.8992 -0.2921
vn 0.5034 -0.8426 -0.1914
vn 0.4046 -0.9079 0.1094
vn 0.1720 -0.9850 0.0103
vn -0.3191 -0.3837 -0.8666
vn -0.2162 -0.4248 -0.8791
vn 0.8782 -0.2445 -0.4110
vn -0.5518 -0.5469 -0.6296
vn -0.5131 -0.6245 -0.5888
vn -0.4971 -0.7288 -0.4709
vn -0.4764 -0.7847 -0.3966
vn -0.5162 -0.6024 -0.6087
vn -0.4308 -0.6842 -0.5885
vn -0.4046 -0.6810 -0.6103
vn -0.4118 -0.6866 -0.5991
vn -0.2084 -0.7444 -0.6344
vn -0.8367 -0.3973 -0.3771
vn -0.2877 -0.7659 -0.5750
vn -0.4546 -0.6415 -0.6179
vn -0.3910 -0.6757 -0.6249
vn -0.3804 -0.7913 -0.4786
vn -0.6259 -0.3723 -0.6853
vn -0.5597 -0.8272 -0.0509
vn 0.3416 -0.6633 -0.6659
vn 0.0661 -0.2524 0.9654
vn 0.5698 -0.3535 0.7419
vn -0.8334 -0.5025 -0.2301
vn -0.8676 -0.3911 -0.3072
vn -0.5176 -0.8281 0.2153
vn -0.1603 -0.9412 -0.2975
vn -0.3012 -0.8833 -0.3593
vn -0.0261 -0.7556 -0.6545
vn 0.2029 -0.8604 -0.4674
vn 0.4090 -0.6452 -0.6454
vn 0.3281 -0.6620 -0.6739
vn 0.0354 -0.4549 -0.8898
vn -0.0581 -0.6313 -0.7734
vn -0.3374 0.0024 -0.9414
vn -0.1343 -0.2451 -0.9602
vn 0.2343 -0.6228 -0.7465
vn 0.7113 -0.6872 -0.1475
vn 0.5944 -0.2983 0.7468
vn 0.2955 -0.5815 -0.7580
vn 0.3490 -0.3272 -0.8781
vn 0.7831 -0.3760 -0.4953
vn 0.7717 -0.3436 -0.5352
vn 0.9306 -0.3577 0.0777
vn 0.9435 -0.1054 0.3141
vn 0.6503 -0.5654 -0.5073
vn 0.6886 -0.1139 0.7162
vn 0.9689 0.0001 0.2475
vn 0.7691 -0.2412 -0.5919
vn 0.9797 -0.1551 0.1270
vn 0.4017 -0.4040 -0.8219
vn 0.5864 -0.6042 -0.5396
vn 0.2934 -0.8666 -0.4037
vn 0.3166 -0.9404 0.1243
vn 0.8660 -0.1024 -0.4895
vn 0.7790 -0.1763 -0.6017
vn 0.1122 -0.0110 -0.9936
vn 0.9117 0.3109 -0.2684
vn 0.2063 -0.4656 -0.8606
vn 0.5925 -0.6486 -0.4778
vn 0.5911 -0.3815 0.7107
vn 0.7818 -0.5049 0.3659
vn 0.5973 0.0107 0.8019
vn 0.7742 -0.3673 0.5155
vn 0.2564 -0.8233 0.5064
vn 0.5886 -0.5493 0.5931
vn 0.5405 -0.4174 0.7305
vn 0.3817 -0.2912 0.8772
vn 0.6089 -0.5794 0.5418
vn 0.4863 -0.7470 -0.4534
vn 0.3340 -0.6176 -0.7120
vn 0.4223 -0.5928 0.6857
vn 0.3143 -0.1045 0.9436
vn 0.1835 -0.3189 -0.9299
vn -0.0705 -0.0415 -0.9966
vn -0.1265 -0.0446 -0.9910
vn -0.3078 0.4155 -0.8559
vn -0.2907 0.5146 -0.8067
vn -0.2531 0.5394 -0.8031
vn -0.1279 0.0611 -0.9899
vn -0.0731 0.9918 0.1048
vn -0.4105 0.7209 -0.5583
vn -0.1073 0.9853 0.1331
vn 0.2816 -0.6491 -0.7066
vn -0.0833 0.1995 -0.9763
vn -0.2088 0.5989 -0.7732
vn -0.3410 0.7588 -0.5549
vn -0.2212 0.9750 0.0199
vn -0.1820 0.9587 0.2185
vn 0.4660 0.1436 0.8731
vn 0.2361 0.6441 0.7276
vn 0.3190 0.1841 0.9297
vn 0.5117 -0.4184 0.7504
vn 0.0418 0.6934 -0.7194
vn 0.5559 0.8038 -0.2118
vn -0.3123 0.9263 -0.2110
vn 0.5901 0.6166 0.5212
vn 0.0154 0.6411 0.7673
vn -0.1818 0.6599 0.7290
vn 0.3582 -0.3830 0.8515
vn 0.6250 -0.2468 0.7406
vn 0.6383 0.0695 0.7667
vn -0.3252 0.9294 -0.1748
vn -0.2149 0.7322 0.6463
vn 0.1918 0.7872 0.5861
vn -0.2180 0.8307 0.5122
vn 0.0192 0.5248 0.8510
vn -0.2624 0.4683 0.8437
vn -0.7024 0.5602 0.4390
vn -0.7076 0.6546 0.2660
vn -0.5356 0.4510 0.7140
vn -0.7394 -0.3481 0.5763
vn -0.9853 0.1684 -0.0295
vn -0.9174 -0.3571 -0.1755
vn -0.5846 -0.7998 0.1363
vn -0.5451 -0.6472 -0.5329
vn -0.6255 -0.4499 -0.6375
vn -0.5431 -0.4768 -0.6911
vn -0.0879 -0.4756 -0.8753
vn -0.1907 -0.3084 -0.9320
vn -0.1800 -0.1962 -0.9639
vn 0.1811 -0.0630 -0.9814
vn 0.5037 -0.1670 -0.8476
vn 0.3467 -0.4329 -0.8321
vn -0.1651 -0.3488 -0.9225
vn -0.3461 -0.8734 -0.3427
vn 0.0728 -0.6423 -0.7630
vn -0.2283 -0.9565 0.1818
vn -0.2205 -0.9022 -0.3707
vn -0.1368 -0.9840 0.1143
vn 0.0904 -0.6332 0.7687
vn 0.0602 -0.5742 0.8165
vn -0.2626 -0.9212 0.2871
vn -0.1488 -0.5155 0.8439
vn 0.1543 0.0040 0.9880
vn 0.2382 -0.0653 0.9690
vn 0.2270 0.2836 0.9317
vn -0.0253 0.1984 0.9798
vn 0.0144 0.1029 0.9946
vn 0.2344 0.3666 0.9003
vn 0.1714 0.3947 0.9027
vn 0.1617 0.3081 0.9375
vn -0.0834 0.7587 0.6461
vn 0.3061 0.8733 0.3790
vn 0.2593 0.8497 0.4591
vn -0.3063 -0.3969 0.8653
vn 0.0119 -0.3102 0.9506
vn -0.3971 -0.7421 0.5399
vn -0.0938 -0.7109 0.6970
vn 0.1964 -0.1186 0.9733
vn -0.0993 -0.3309 0.9384
vn 0.4940 0.2230 0.8404
vn 0.2202 0.2045 0.9538
vn 0.3747 0.4386 0.8169
vn 0.4209 0.4797 0.7699
vn 0.0460 0.2302 0.9721
vn -0.0473 0.5560 0.8298
vn -0.3718 0.2495 0.8942
vn -0.4444 0.5631 0.6967
vn -0.2236 0.8217 0.5243
vn 0.3424 0.7381 0.5814
vn 0.1860 0.9542 0.2342
vn 0.5344 0.8283 0.1681
vn 0.4984 0.8487 -0.1773
vn 0.6384 0.5609 -0.5270
vn 0.8312 0.1898 -0.5226
vn 0.9443 -0.2888 -0.1581
vn 0.6409 -0.3372 -0.6896
vn 0.4447 -0.8699 -0.2133
vn 0.5707 0.7634 -0.3025
vn 0.8243 0.5366 -0.1805
vn 0.6928 0.6087 -0.3867
vn 0.6762 0.0528 -0.7348
vn 0.6455 0.6813 0.3452
vn 0.6807 0.5514 0.4822
vn -0.0711 0.3400 -0.9377
vn 0.2136 0.6200 -0.7550
vn 0.4506 0.1379 -0.8820
vn 0.6633 0.3771 -0.6465
vn 0.3767 0.9047 -0.1991
vn 0.6522 0.7344 -0.1879
vn 0.4550 0.7836 0.4231
vn 0.6356 0.6451 0.4241
vn 0.8163 0.4977 -0.2930
vn 0.5927 0.7625 0.2596
vn 0.6904 0.5776 -0.4356
vn 0.3676 0.5490 0.7507
vn 0.6569 0.1926 -0.7290
vn 0.4492 0.5752 -0.6836
vn 0.3847 0.4515 0.8051
vn 0.2561 0.8756 0.4095
vn 0.4513 -0.0865 -0.8882
vn 0.3602 -0.2531 -0.8979
vn -0.1770 -0.0317 -0.9837
vn -0.5231 -0.5248 -0.6715
vn 0.1427 -0.9768 -0.1595
vn -0.0399 -0.6338 -0.7724
vn 0.4290 -0.3244 0.8431
vn 0.1545 0.0932 -0.9836
vn 0.2418 0.2047 -0.9485
vn 0.5158 0.5773 -0.6330
vn 0.4805 0.1771 -0.8589
vn 0.6866 -0.2080 -0.6967
vn 0.5315 0.0101 -0.8470
vn 0.8812 0.0217 -0.4723
vn 0.9579 -0.0205 -0.2865
vn 0.7164 -0.2985 -0.6306
vn 0.8740 0.4677 0.1321
vn 0.9759 -0.0532 -0.2115
vn 0.9382 0.2418 0.2477
vn 0.5487 0.5568 -0.6237
vn 0.5429 0.7831 -0.3034
vn 0.5903 0.7921 -0.1550
vn 0.7535 0.5718 -0.3244
vn 0.5039 0.8555 0.1193
vn 0.4803 0.8586 0.1793
vn 0.5509 0.7602 -0.3443
vn 0.2452 0.7535 0.6100
vn 0.5666 0.8080 0.1614
vn 0.6152 0.7093 0.3441
vn 0.0620 0.5998 0.7978
vn 0.7984 0.3632 0.4803
vn 0.5281 0.4717 0.7061
vn 0.6881 0.2418 0.6842
vn 0.9141 0.1701 0.3682
vn 0.8684 0.1895 0.4583
vn 0.5466 0.2741 0.7912
vn 0.9893 -0.1248 -0.0758
vn 0.9736 -0.2021 -0.1060
vn 0.2659 0.2973 0.9170
vn 0.1833 0.2687 0.9456
vn -0.4868 0.1521 0.8601
vn -0.5486 0.1762 0.8173
vn -0.6704 0.2787 0.6877
vn -0.9953 -0.0022 0.0965
vn -0.9049 -0.2763 -0.3237
vn -0.5191 -0.6185 -0.5900
vn 0.2056 -0.5487 -0.8104
vn -0.9293 -0.2475 0.2739
vn -0.9406 -0.2827 0.1883
vn -0.9974 -0.0219 0.0682
vn -0.8192 -0.4932 -0.2928
vn -0.7264 -0.4669 -0.5043
vn -0.5258 0.3550 0.7729
vn -0.8493 -0.4817 -0.2158
vn 0.0530 -0.8231 -0.5654
vn -0.5377 -0.7599 -0.3653
vn -0.5284 -0.6855 -0.5008
vn -0.0679 -0.8257 -0.5601
vn -0.0735 -0.6965 -0.7137
vn 0.1574 0.4329 0.8876
vn 0.4617 0.4544 0.7618
vn 0.8301 0.2696 0.4882
vn 0.9630 -0.2423 -0.1177
vn 0.4920 -0.6707 -0.5550
vn 0.6252 -0.5833 -0.5185
vn 0.4347 -0.6362 -0.6375
vn -0.0636 -0.3295 -0.9420
vn -0.4887 -0.4015 -0.7746
vn -0.9094 -0.0876 -0.4066
vn -0.4960 0.1484 -0.8555
vn -0.7920 0.3926 -0.4675
vn -0.9796 0.1934 -0.0553
vn -0.9204 0.3520 0.1703
vn -0.8025 0.5934 -0.0627
vn -0.6753 0.7242 0.1396
vn -0.3350 0.8551 0.3958
vn -0.4043 0.8947 0.1900
vn -0.1927 0.9517 0.2390
vn 0.0241 0.7299 0.6832
vn -0.0034 0.7203 0.6937
vn 0.0071 0.2833 0.9590
vn -0.5986 0.3319 0.7290
vn 0.2053 0.3708 0.9057
vn 0.2288 0.4771 0.8486
vn 0.2397 0.0200 0.9706
vn 0.6074 0.1856 0.7724
vn 0.5220 -0.2398 0.8185
vn 0.2207 -0.4565 0.8619
vn 0.9287 0.0395 0.3688
vn 0.8306 -0.4280 0.3563
vn 0.9338 -0.3490 -0.0793
vn 0.4230 -0.4521 0.7853
vn -0.4023 -0.3604 0.8416
vn 0.7058 -0.5795 0.4074
vn 0.9145 -0.4002 -0.0597
vn 0.9748 -0.1884 -0.1191
vn 0.6962 -0.2871 -0.6579
vn 0.7437 -0.3222 -0.5857
vn 0.7131 -0.4166 -0.5639
vn 0.6178 -0.2691 -0.7388
vn 0.6195 -0.0083 -0.7849
vn 0.5738 -0.4381 -0.6920
vn -0.2040 -0.5584 0.8041
vn -0.1325 -0.8139 0.5658
vn -0.1178 -0.8594 0.4975
vn -0.0730 -0.6674 0.7411
vn 0.1325 -0.7551 0.6421
vn 0.0620 -0.7319 0.6786
vn 0.4641 -0.5204 0.7168
vn 0.2146 -0.4903 0.8447
vn -0.0315 -0.8622 0.5057
vn 0.3112 -0.6495 0.6937
vn 0.1707 -0.6718 0.7208
vn -0.2062 -0.7443 0.6352
vn 0.4123 -0.2834 0.8658
vn -0.1395 -0.8901 0.4339
vn -0.3427 -0.8042 0.4856
vn -0.2492 -0.7919 0.5575
vn -0.3359 -0.8931 0.2991
vn -0.3775 -0.8151 0.4395
vn -0.4598 -0.2802 0.8427
vn -0.6045 -0.3077 0.7347
vn -0.6182 -0.7604 0.1990
vn -0.4131 -0.7095 0.5710
vn -0.5466 -0.4784 0.6872
vn -0.0352 -0.6460 0.7625
vn -0.0935 -0.8522 0.5148
vn -0.2674 -0.7966 0.5421
vn -0.6279 -0.3059 0.7157
vn -0.7505 -0.3300 0.5726
vn -0.3167 -0.8663 0.3863
vn -0.1708 -0.9483 0.2674
vn -0.3098 -0.8037 0.5080
vn -0.1999 -0.5126 0.8350
vn -0.3181 -0.8182 0.4789
vn -0.7048 -0.6041 0.3719
vn -0.7912 -0.2344 0.5649
vn -0.8077 -0.2343 0.5411
vn -0.6742 -0.3661 0.6414
vn -0.7792 -0.3571 0.5150
vn -0.8787 -0.3814 0.2872
vn -0.9083 -0.4148 -0.0545
vn -0.6596 -0.7381 -0.1420
vn -0.4491 -0.8771 0.1701
vn -0.9771 -0.1751 0.1207
vn -0.9534 -0.1814 0.2413
vn -0.8834 -0.4384 0.1655
vn -0.9684 0.0313 0.2475
vn -0.9905 -0.0303 0.1339
vn -0.9444 0.1422 -0.2964
vn -0.9118 0.2251 0.3434
vn -0.6922 0.7196 0.0555
vn -0.7781 0.4716 0.4150
vn -0.9865 -0.1329 0.0960
vn -0.9400 -0.1891 0.2838
vn -0.9311 0.2283 0.2846
vn -0.1980 -0.9185 -0.3423
vn -0.4292 -0.8738 -0.2287
vn -0.9283 -0.1132 0.3542
vn -0.8927 -0.2452 0.3780
vn -0.8208 -0.3165 0.4755
vn -0.3471 -0.9226 -0.1682
vn -0.2379 -0.9658 0.1033
vn -0.2036 -0.8992 0.3872
vn -0.5646 -0.4478 0.6934
vn -0.3786 -0.3557 0.8545
vn -0.5392 -0.4838 0.6894
vn -0.7396 -0.4347 0.5138
vn -0.5284 -0.3485 0.7741
vn -0.4725 -0.1793 0.8629
vn -0.4528 -0.1712 0.8750
vn -0.4056 -0.2950 0.8651
vn -0.1806 -0.2615 0.9482
vn -0.2983 -0.1344 0.9450
vn -0.3158 -0.0635 0.9467
vn -0.3698 -0.2303 0.9001
vn -0.0697 -0.0013 0.9976
vn -0.0647 0.0291 0.9975
vn -0.1514 -0.0071 0.9884
vn -0.2626 0.2309 0.9369
vn 0.0167 0.0097 0.9998
vn 0.0273 0.4040 0.9143
vn 0.1001 0.5433 0.8335
vn -0.2009 0.4186 0.8857
vn -0.2907 0.0192 0.9566
vn -0.0900 -0.4325 0.8971
vn -0.4800 0.2336 0.8456
vn -0.6157 0.5447 0.5694
vn -0.5890 0.5082 0.6284
vn 0.5732 -0.3107 0.7583
vn 0.1629 -0.7981 0.5801
vn 0.0143 0.8141 0.5806
vn -0.2043 0.7718 0.6021
vn -0.2288 0.8481 0.4780
vn 0.2323 0.7629 0.6034
vn 0.2674 -0.7455 0.6106
vn 0.1267 -0.8576 0.4984
vn 0.2157 0.3079 -0.9266
vn 0.2232 0.2016 -0.9537
vn 0.0790 0.9877 -0.1348
vn -0.0786 0.9670 -0.2423
vn 0.0689 0.3674 -0.9275
vn -0.1162 0.9532 -0.2792
vn -0.2918 0.9007 -0.3217
vn -0.7046 0.6185 -0.3479
vn -0.1305 0.1879 -0.9735
vn -0.6391 0.7619 -0.1052
vn -0.1463 0.1177 -0.9822
vn -0.5156 0.6050 -0.6068
vn 0.0063 -0.1412 -0.9900
vn -0.6157 0.7756 0.1391
vn 0.1173 0.3113 -0.9430
vn 0.1061 0.4617 -0.8807
vn 0.4254 0.1770 -0.8875
vn 0.2008 0.4846 -0.8514
vn 0.6220 0.1973 -0.7578
vn -0.4809 0.5326 -0.6965
vn 0.2113 0.4974 -0.8414
vn 0.2573 0.4368 -0.8620
vn 0.1792 0.9240 -0.3378
vn -0.0747 0.9556 -0.2852
vn 0.6227 0.3668 -0.6911
vn 0.4430 0.8870 -0.1305
vn 0.7607 0.3875 -0.5208
vn 0.5724 0.8039 -0.1615
vn 0.8177 0.2721 -0.5073
vn 0.7128 -0.0963 -0.6947
vn 0.9431 -0.0863 -0.3210
vn 0.8195 -0.4874 -0.3013
vn 0.9154 -0.4021 0.0207
vn 0.2190 -0.5301 -0.8192
vn 0.4581 0.2291 -0.8589
vn 0.7231 0.5017 -0.4747
vn -0.9755 0.2050 0.0800
vn 0.8258 -0.0822 0.5579
vn -0.7439 -0.5169 -0.4236
vn 0.7777 -0.1901 -0.5992
vn 0.6209 -0.5628 -0.5457
vn 0.3249 -0.4780 -0.8161
vn 0.5192 -0.6531 -0.5513
vn -0.2505 -0.9006 0.3553
vn -0.3225 -0.2817 -0.9037
vn 0.0663 -0.7958 -0.6019
vn 0.6141 -0.2860 -0.7356
vn 0.1020 0.1348 -0.9856
vn -0.1578 0.0499 -0.9862
vn -0.3834 0.6193 -0.6852
vn -0.3701 0.8014 -0.4699
vn 0.1434 -0.8709 0.4700
vn 0.0911 -0.9213 -0.3781
vn -0.3158 -0.9305 -0.1858
vn -0.1667 -0.7762 0.6080
vn -0.7668 -0.6413 -0.0272
vn -0.3142 -0.6574 0.6849
vn 0.3544 -0.0745 0.9321
vn 0.2031 -0.0982 0.9742
vn 0.3010 -0.2327 0.9248
vn -0.6577 -0.3055 0.6885
vn -0.9538 -0.2855 0.0930
vn -0.6726 -0.0188 -0.7398
vn -0.9129 0.1069 -0.3940
vn 0.3127 -0.1222 0.9420
vn -0.0289 0.6259 -0.7794
vn 0.1654 0.6123 -0.7731
vn 0.0118 0.9431 0.3323
vn -0.3830 -0.2787 -0.8807
vn -0.0841 0.6023 -0.7938
vn -0.0947 -0.2433 -0.9653
vn -0.2834 0.5962 -0.7511
vn -0.4038 -0.6296 -0.6638
vn -0.4088 -0.9058 -0.1115
vn -0.6764 -0.5167 -0.5249
vn -0.4614 -0.8836 0.0796
vn -0.6398 -0.7631 0.0913
vn -0.8287 -0.3555 -0.4323
vn -0.5980 0.0616 -0.7991
vn -0.5604 -0.0125 -0.8281
vn -0.1935 -0.8183 0.5412
vn -0.3147 -0.8265 0.4668
vn -0.4127 0.3193 -0.8531
vn -0.6217 0.2928 -0.7265
vn -0.4184 0.3995 -0.8157
vn -0.3697 0.4583 -0.8083
vn -0.3257 0.4073 -0.8532
vn -0.1663 -0.4791 0.8619
vn -0.7343 -0.6146 0.2883
vn -0.6076 0.3200 -0.7269
vn -0.3742 0.9121 -0.1676
vn 0.9108 -0.1718 0.3754
vn 0.2151 0.9485 0.2324
vn 0.0955 0.9239 -0.3705
vn 0.0245 0.8867 -0.4617
vn 0.1611 0.6690 -0.7256
vn -0.1962 0.6548 -0.7299
vn 0.3853 0.6277 -0.6765
vn -0.0174 0.9976 0.0670
vn -0.2891 0.8012 -0.5239
vn -0.1077 0.8509 -0.5142
vn -0.2747 0.6621 -0.6972
vn -0.0536 0.5062 -0.8608
vn 0.0687 0.7113 -0.6995
vn 0.2805 0.7055 -0.6508
vn 0.5574 0.6078 -0.5656
vn 0.4985 0.5391 -0.6789
vn 0.8930 0.3850 -0.2331
vn 0.8906 0.3194 -0.3236
vn 0.9958 0.0726 -0.0551
vn 0.9898 -0.0694 -0.1247
vn 0.8883 -0.4271 0.1686
vn 0.8954 -0.2038 0.3960
vn 0.8274 0.2277 -0.5134
vn 0.6606 0.4932 -0.5659
vn 0.8545 -0.1742 -0.4893
vn 0.9778 0.1892 0.0905
vn 0.8259 -0.1652 0.5390
vn 0.4176 -0.4555 0.7862
vn 0.3590 -0.7252 0.5876
vn 0.8766 -0.3444 0.3360
vn 0.6150 0.3627 -0.7002
vn 0.9487 0.2268 -0.2202
vn 0.9945 -0.0731 0.0755
vn 0.9218 0.1914 -0.3370
vn 0.3910 0.4495 -0.8032
vn -0.1290 0.4208 -0.8979
vn 0.3196 0.6161 -0.7199
vn -0.2174 0.5855 -0.7810
vn 0.2435 0.8005 -0.5476
vn -0.1627 0.6468 -0.7451
vn 0.2136 0.6315 -0.7454
vn 0.7883 0.5667 -0.2397
vn 0.7895 0.5798 -0.2012
vn 0.8192 0.3816 -0.4282
vn 0.1209 0.1964 -0.9730
vn 0.7710 0.2682 -0.5776
vn 0.4696 0.0078 0.8829
vn 0.4937 0.8488 -0.1894
vn 0.4031 0.2183 -0.8887
vn 0.4294 0.3976 -0.8109
vn -0.0144 0.9834 -0.1809
vn -0.0562 0.4892 -0.8704
vn 0.0728 0.7087 -0.7017
vn -0.3846 0.7917 -0.4746
vn -0.5047 0.5247 -0.6856
vn -0.6931 0.7188 -0.0541
vn -0.8403 0.5036 0.2006
vn -0.8663 0.4197 -0.2710
vn -0.9706 0.1778 0.1620
vn -0.8655 0.1729 -0.4700
vn -0.9981 0.0620 -0.0047
vn -0.9436 -0.3070 -0.1240
vn -0.7794 -0.1392 -0.6109
vn -0.8088 -0.5726 -0.1337
vn -0.8328 -0.1547 -0.5316
vn -0.3205 0.1406 -0.9368
vn -0.5017 0.2744 -0.8204
vn -0.1907 0.4478 -0.8735
vn -0.4327 0.2323 -0.8711
vn 0.0605 0.2119 -0.9754
vn -0.8773 -0.4790 0.0293
vn -0.5573 -0.6997 0.4470
vn -0.8724 -0.4603 0.1643
vn -0.9213 -0.0849 -0.3793
vn -0.4153 -0.6507 0.6357
vn -0.1054 -0.6679 0.7367
vn -0.0774 -0.7629 0.6418
vn 0.1234 -0.9744 0.1879
vn 0.1023 -0.4578 0.8831
vn -0.2490 -0.6735 0.6960
vn 0.2225 -0.7259 0.6508
vn -0.2737 -0.8143 0.5118
vn -0.3201 -0.6720 0.6679
vn -0.3973 -0.7713 0.4973
vn 0.5003 -0.3846 0.7757
vn -0.0813 -0.1240 0.9889
vn 0.3652 -0.4458 0.8172
vn 0.6986 -0.5251 0.4860
vn -0.2840 0.4371 0.8534
vn 0.0898 0.7347 0.6724
vn -0.1832 0.3219 0.9289
vn -0.2925 0.7052 0.6458
vn -0.0113 -0.2141 0.9767
vn -0.1747 -0.2881 0.9415
vn 0.2261 -0.8008 0.5546
vn 0.3467 -0.8297 0.4374
vn 0.2326 -0.5942 0.7700
vn 0.6178 -0.7546 0.2211
vn -0.4574 0.8878 -0.0517
vn -0.6217 0.5543 0.5535
vn -0.4297 0.1598 0.8887
vn -0.6036 0.4994 0.6215
vn -0.6106 0.7484 -0.2591
vn -0.3314 0.3714 -0.8673
vn -0.0052 0.2363 -0.9717
vn 0.4250 0.2329 -0.8747
vn 0.1505 -0.1050 -0.9830
vn 0.4952 -0.2006 -0.8453
vn 0.6299 -0.6954 -0.3459
vn 0.4712 -0.7385 -0.4823
vn 0.5340 -0.8455 0.0065
vn 0.4253 -0.9050 0.0031
vn 0.3965 -0.7500 -0.5295
vn 0.2748 -0.3650 -0.8895
vn 0.9109 -0.4107 0.0406
vn 0.7704 -0.6204 0.1471
vn 0.1361 -0.3486 -0.9273
vn -0.0910 -0.0296 -0.9954
vn -0.3943 0.4211 -0.8168
vn -0.5917 0.7831 -0.1913
vn 0.0432 0.6139 -0.7882
vn -0.1760 0.1326 -0.9754
vn 0.2153 0.3883 -0.8960
vn 0.3505 -0.0479 -0.9353
vn 0.2667 0.4483 -0.8532
vn 0.3715 -0.2066 -0.9052
vn -0.2750 0.2305 -0.9334
vn -0.0612 -0.4760 -0.8773
vn -0.6964 -0.2741 -0.6633
vn -0.6895 0.0424 -0.7230
vn -0.4384 0.5282 -0.7272
vn -0.8425 0.2797 -0.4605
vn -0.5845 0.7597 -0.2849
vn -0.5558 0.7648 0.3257
vn -0.9160 0.3990 -0.0419
vn -0.4162 0.4508 0.7896
vn -0.0198 0.9260 0.3770
vn 0.0188 0.5221 0.8527
vn -0.0688 0.7260 0.6842
vn -0.0791 0.9753 -0.2061
vn 0.2407 0.1035 0.9651
vn 0.1768 -0.0134 0.9842
vn 0.3971 -0.5002 0.7695
vn -0.0237 -0.7584 0.6513
vn 0.3357 -0.5403 0.7716
vn -0.2968 -0.2889 0.9102
vn -0.3904 0.1035 0.9148
vn -0.0448 0.9900 -0.1338
vn 0.0766 0.7609 -0.6443
vn -0.2213 -0.1664 0.9609
vn -0.5974 -0.5218 0.6090
vn -0.4315 -0.7703 0.4696
vn -0.8066 0.1283 0.5769
vn -0.2963 -0.7467 -0.5955
vn 0.1254 -0.9918 -0.0254
vn 0.0788 -0.9322 -0.3532
vn 0.0780 -0.9368 0.3411
vn 0.0692 -0.9861 0.1511
vn 0.5716 -0.7102 -0.4109
vn 0.5620 -0.6798 -0.4713
vn 0.0933 -0.2579 -0.9617
vn 0.2379 -0.8040 -0.5450
vn 0.0543 -0.9695 0.2390
vn 0.5787 -0.7331 0.3573
vn -0.2155 -0.7026 0.6782
vn 0.5797 -0.7647 0.2814
vn 0.2520 -0.7626 -0.5957
vn 0.1286 -0.9876 0.0901
vn -0.1711 -0.7848 0.5957
vn 0.2352 0.5355 0.8111
vn 0.5854 0.5485 0.5970
vn -0.0198 0.4483 0.8937
vn 0.0331 0.6198 0.7841
vn 0.6377 0.5564 0.5326
vn -0.0349 0.4645 0.8849
vn -0.1649 0.5339 0.8293
vn -0.2082 0.5305 0.8217
vn -0.6265 0.4982 0.5994
vn -0.6958 0.6769 0.2403
vn -0.3922 0.1204 0.9120
vn -0.7574 0.1721 0.6299
vn -0.4098 0.4266 0.8062
vn -0.6645 0.7442 0.0672
vn -0.5435 0.2213 0.8098
vn -0.5439 0.7966 0.2639
vn -0.7928 0.3691 0.4851
vn -0.7802 0.1229 0.6133
vn -0.4885 0.7897 0.3712
vn -0.6946 0.1157 0.7101
vn -0.6772 0.0024 0.7358
vn -0.8060 0.1703 0.5669
vn -0.3841 0.8280 0.4085
vn -0.5796 0.1734 0.7962
vn -0.1795 0.8386 0.5143
vn -0.8569 0.3376 0.3896
vn -0.3354 0.7400 0.5830
vn -0.6486 0.2192 0.7289
vn -0.6831 -0.1766 0.7087
vn -0.4641 0.5454 0.6979
vn -0.5190 0.4707 0.7135
vn -0.8830 0.4228 0.2038
vn -0.9051 0.4042 0.1317
vn -0.9536 0.2998 0.0264
vn -0.9125 0.3258 -0.2473
vn -0.6967 0.7163 0.0399
vn -0.7525 0.5638 -0.3404
vn -0.9572 0.1228 -0.2619
vn -0.9130 0.3437 0.2198
vn -0.9402 0.2236 0.2571
vn -0.9668 0.0377 0.2526
vn -0.6976 -0.4848 0.5276
vn -0.4519 -0.8795 0.1492
vn -0.5332 -0.5938 0.6026
vn 0.4999 -0.8475 0.1782
vn 0.4342 -0.9008 -0.0106
vn 0.1527 -0.9620 -0.2262
vn -0.9669 0.0833 0.2413
vn -0.8453 0.1546 0.5114
vn 0.1711 -0.8894 -0.4239
vn -0.8456 0.1661 0.5073
vn -0.0225 -0.9734 0.2278
vn 0.0401 -0.7893 0.6127
vn -0.3950 -0.4527 0.7994
vn -0.2133 0.1761 0.9610
vn -0.0411 -0.2501 0.9673
vn 0.1876 0.1783 0.9659
vn 0.2967 0.3209 0.8995
vn -0.4921 0.2207 0.8421
vn -0.4895 0.2368 0.8392
vn -0.2338 0.4722 0.8499
vn -0.2451 0.3556 0.9019
vn -0.4433 -0.5785 0.6847
vn -0.0221 -0.9460 -0.3234
vn 0.3673 -0.8739 -0.3184
vn 0.6379 -0.7166 -0.2819
vn 0.7138 -0.6960 0.0776
vn 0.6897 -0.7236 0.0287
vn 0.4068 -0.9135 -0.0032
vn -0.9686 -0.0979 -0.2284
vn -0.5797 0.0423 0.8138
vn -0.9942 -0.0688 -0.0830
vn -0.4647 0.2487 0.8498
vn 0.4222 0.5299 0.7355
vn 0.2973 -0.2475 0.9222
vn -0.6931 0.0558 0.7187
vn -0.9933 0.0392 -0.1088
vn 0.2948 -0.5915 0.7504
vn 0.4002 0.0878 0.9122
vn 0.9811 -0.1709 0.0908
vn 0.9773 -0.2092 0.0327
vn -0.5591 0.0462 0.8278
vn -0.9433 0.1577 -0.2921
vn -0.8600 0.4572 -0.2265
vn 0.3680 -0.3884 0.8448
vn 0.9530 -0.2905 0.0866
vn 0.4462 -0.3318 -0.8311
vn 0.3588 -0.0239 -0.9331
vn 0.9364 -0.3431 0.0745
vn 0.7590 -0.1341 -0.6372
vn 0.1547 -0.7237 0.6726
vn 0.2680 -0.6254 0.7328
vn 0.6139 -0.3725 -0.6960
vn -0.9415 0.1453 0.3042
vn 0.0465 -0.8289 0.5575
vn -0.5714 -0.6520 -0.4984
vn -0.8204 0.3215 0.4729
vn -0.4932 0.0410 0.8690
vn 0.4367 0.1322 0.8898
vn 0.3229 -0.2864 0.9021
vn -0.7941 -0.4961 -0.3512
vn -0.5251 -0.7068 -0.4740
vn -0.7329 -0.5690 -0.3728
vn -0.7346 -0.4939 -0.4652
vn -0.5683 -0.7637 -0.3065
vn -0.5690 -0.8058 -0.1642
vn -0.2984 -0.9464 0.1233
vn -0.3768 -0.9123 -0.1601
vn -0.2160 -0.9614 0.1706
vn -0.7337 -0.2000 -0.6494
vn -0.2641 -0.2218 -0.9386
vn -0.6033 -0.7924 0.0897
vn -0.4039 -0.7506 0.5230
vn -0.3133 -0.8056 0.5028
vn -0.6472 -0.0232 -0.7620
vn -0.9623 0.2384 -0.1307
vn -0.4690 0.3151 -0.8250
vn -0.2335 -0.0855 -0.9686
vn -0.6037 -0.0313 -0.7966
vn 0.0241 0.2109 -0.9772
vn 0.0969 0.5667 -0.8182
vn -0.5733 0.7703 0.2791
vn -0.5223 0.8001 0.2951
vn -0.3408 0.9345 0.1029
vn 0.2553 0.6472 -0.7183
vn -0.9712 -0.0130 -0.2379
vn -0.9826 -0.1725 0.0682
vn -0.3607 -0.9105 0.2020
vn -0.1310 -0.9483 -0.2892
vn -0.0834 -0.8905 0.4474
vn 0.3644 -0.9311 0.0151
vn 0.2354 -0.8811 -0.4101
vn -0.3672 -0.7687 -0.5237
vn -0.4140 -0.8066 -0.4219
vn 0.0235 -0.9264 -0.3758
vn -0.4835 -0.7419 -0.4646
vn -0.3566 -0.7525 -0.5537
vn -0.5752 -0.5017 -0.6461
vn -0.3595 -0.8732 -0.3290
vn -0.4274 -0.7877 -0.4437
vn -0.7147 -0.6279 -0.3081
vn -0.1501 -0.7904 -0.5939
vn -0.6683 -0.6593 -0.3446
vn -0.9733 -0.2210 -0.0627
vn -0.9797 -0.1357 -0.1476
vn -0.9359 -0.0939 -0.3396
vn -0.9234 0.0071 -0.3837
vn -0.9238 -0.2265 -0.3088
vn -0.9369 -0.3277 -0.1222
vn -0.9112 -0.3643 -0.1922
vn -0.9770 0.0216 -0.2121
vn -0.9984 0.0328 -0.0459
vn -0.9790 0.1207 0.1644
vn -0.8786 0.2793 0.3873
vn -0.9093 -0.0600 0.4119
vn -0.8686 0.2073 0.4501
vn -0.9367 0.1435 0.3193
vn -0.8869 -0.4040 0.2242
vn -0.8877 0.0858 0.4523
vn -0.7473 0.1359 0.6504
vn -0.8709 0.1398 0.4712
vn -0.6262 0.4739 0.6191
vn -0.8686 0.4609 0.1820
vn -0.9333 0.0953 0.3462
vn -0.9546 -0.1230 0.2712
vn -0.9093 -0.2454 0.3361
vn -0.9668 -0.0374 0.2529
vn -0.7797 -0.5582 0.2837
vn -0.9073 0.1593 0.3890
vn -0.9196 0.0003 0.3929
vn -0.9733 0.0882 0.2118
vn -0.9549 -0.0877 0.2838
vn -0.9588 -0.2065 0.1952
vn -0.8032 -0.3972 0.4439
vn 0.0977 -0.9284 0.3585
vn 0.0182 -0.5559 0.8310
vn -0.4608 -0.8875 0.0066
vn -0.5176 -0.8548 -0.0374
vn -0.7352 0.0969 0.6709
vn -0.5245 -0.8320 0.1810
vn -0.9192 -0.3853 0.0816
vn -0.9403 -0.3234 0.1063
vn -0.9438 -0.3153 -0.0993
vn -0.3517 -0.0692 0.9336
vn -0.3464 0.1779 0.9211
vn -0.8122 0.1745 0.5567
vn -0.9460 -0.1779 0.2710
vn -0.8551 0.3421 0.3895
vn -0.8022 0.5951 0.0485
vn -0.8608 0.4164 0.2925
vn -0.8331 -0.2019 0.5149
vn -0.7731 0.1002 0.6263
vn -0.3436 0.3005 0.8898
vn -0.3367 -0.4043 0.8504
vn 0.2675 -0.2285 0.9361
vn 0.1499 0.0700 0.9862
vn 0.5199 -0.2258 0.8239
vn 0.2549 0.1196 0.9596
vn 0.4112 0.1311 0.9021
vn 0.4112 -0.0800 0.9080
vn 0.5374 -0.0532 0.8416
vn 0.4593 0.0694 0.8856
vn 0.5275 -0.1714 0.8321
vn 0.3285 0.1070 0.9384
vn 0.5391 0.4470 0.7139
vn 0.4437 -0.2764 0.8525
vn 0.3502 0.0641 0.9345
vn 0.0838 0.4719 0.8776
vn 0.1075 0.1049 0.9887
vn 0.3559 0.1820 0.9166
vn 0.3557 -0.6010 0.7157
vn 0.5754 0.0580 0.8158
vn 0.5088 -0.1189 0.8526
vn 0.4031 0.2376 0.8838
vn 0.5811 -0.2925 0.7594
vn 0.2750 -0.4428 0.8534
vn 0.7081 -0.3478 0.6146
vn 0.2634 0.0469 0.9635
vn 0.8207 -0.1705 0.5453
vn 0.6958 -0.7123 0.0922
vn 0.7098 -0.6795 0.1858
vn 0.7504 -0.4062 0.5214
vn 0.6814 -0.7027 0.2046
vn 0.7552 -0.3233 0.5702
vn 0.6693 -0.7251 0.1619
vn 0.8210 -0.2286 0.5232
vn 0.9144 -0.1977 0.3532
vn 0.9452 -0.0841 0.3155
vn 0.8832 -0.2779 0.3778
vn 0.7595 -0.3893 0.5211
vn 0.7830 -0.3971 0.4789
vn 0.8610 -0.0099 0.5086
vn 0.7687 -0.0189 0.6393
vn 0.6170 0.0775 0.7831
vn 0.9308 -0.3165 0.1827
vn 0.5413 -0.8364 -0.0866
vn 0.4103 -0.9021 -0.1338
vn 0.3806 -0.8592 -0.3420
vn 0.7071 -0.7022 0.0833
vn 0.7607 -0.1474 0.6322
vn 0.5677 0.4829 0.6667
vn 0.5652 0.4117 0.7148
vn 0.2430 0.8343 0.4949
vn 0.4109 -0.9111 -0.0314
vn 0.6008 -0.7982 -0.0438
vn 0.4353 -0.8191 -0.3735
vn 0.6898 -0.4771 -0.5445
vn 0.9112 -0.2729 -0.3086
vn 0.9566 -0.1477 -0.2512
vn 0.9730 0.1042 -0.2059
vn 0.6106 -0.7572 -0.2320
vn 0.6789 -0.7326 -0.0492
vn 0.5125 -0.8583 -0.0244
vn 0.7819 -0.5802 -0.2281
vn 0.7967 -0.5561 0.2369
vn 0.8212 -0.3605 0.4423
vn 0.8795 -0.1536 0.4503
vn 0.7976 0.0090 0.6031
vn 0.7887 0.1188 0.6032
vn 0.7679 -0.1465 0.6236
vn 0.6810 0.0242 0.7319
vn 0.5686 -0.7536 0.3296
vn 0.1399 -0.7294 0.6697
vn -0.2231 -0.7373 0.6377
vn -0.1902 -0.6494 0.7362
vn 0.1892 -0.9383 0.2895
vn 0.1051 -0.8621 0.4957
vn 0.1324 -0.3895 0.9115
vn 0.3909 -0.2874 0.8744
vn 0.2399 0.2574 0.9361
vn 0.1929 0.3567 0.9141
vn 0.5067 0.3544 0.7859
vn 0.1380 0.3366 0.9315
vn 0.1192 0.7075 0.6965
vn 0.8817 0.3782 0.2822
vn 0.8393 0.5042 -0.2032
vn -0.2134 0.8594 0.4646
vn -0.3249 0.9020 0.2843
vn 0.3947 0.6190 -0.6791
vn 0.5512 -0.0759 -0.8309
vn 0.9441 -0.2136 -0.2512
vn 0.7665 0.1107 -0.6326
vn 0.9582 0.2785 -0.0651
vn 0.9876 0.1564 -0.0100
vn 0.8983 0.4077 0.1640
vn 0.9248 0.3697 0.0904
vn 0.8017 0.5076 0.3155
vn 0.6485 0.4825 0.5888
vn 0.6814 0.3486 0.6436
vn 0.5655 0.3193 0.7604
vn 0.4545 0.5712 0.6835
vn 0.6325 0.2083 0.7460
vn 0.4642 0.4335 0.7724
vn 0.6817 0.1840 0.7081
vn 0.5065 0.3055 0.8063
vn 0.5805 0.3217 0.7481
vn 0.7529 0.1895 0.6303
vn 0.7478 0.0263 0.6634
vn 0.5951 -0.1496 0.7896
vn 0.4891 -0.4299 0.7589
vn 0.4349 -0.7557 0.4897
vn 0.5092 -0.3226 0.7979
vn 0.4024 -0.5858 0.7035
vn 0.4779 0.1197 0.8702
vn 0.1659 -0.1681 0.9717
vn 0.1298 -0.6848 0.7170
vn 0.4278 -0.7880 0.4427
vn 0.7493 -0.2746 0.6025
vn 0.4083 -0.3041 0.8607
vn 0.4487 0.3972 0.8006
vn -0.0025 -0.1069 0.9943
vn 0.3816 0.3091 0.8711
vn 0.5660 0.5787 0.5871
vn -0.3457 0.2730 0.8978
vn -0.3535 0.1842 0.9171
vn -0.2326 -0.0072 0.9725
vn 0.1475 -0.5340 0.8325
vn -0.2303 0.0823 0.9696
vn 0.3160 -0.3839 0.8676
vn -0.0530 0.3089 0.9496
vn 0.4363 -0.6410 0.6314
vn 0.6299 0.4561 0.6287
vn 0.1451 -0.2392 0.9601
vn 0.2623 -0.6008 0.7551
vn -0.2582 -0.2227 0.9400
vn 0.3996 -0.0779 0.9134
vn 0.6108 -0.4010 0.6827
vn 0.6270 -0.3814 0.6793
vn 0.5373 -0.3200 0.7804
vn 0.5921 -0.7759 -0.2175
vn 0.6104 -0.6029 0.5138
vn 0.8215 -0.4304 0.3739
vn 0.9238 0.3370 -0.1818
vn 0.7101 -0.4663 -0.5276
vn 0.4334 0.8440 -0.3159
vn 0.6982 -0.1172 -0.7063
vn 0.2883 -0.0501 -0.9562
vn 0.2770 0.5429 -0.7928
vn 0.0185 0.9227 0.3850
vn -0.3373 0.5115 -0.7904
vn -0.1737 0.8210 -0.5439
vn -0.3318 0.2774 -0.9016
vn -0.4227 0.2862 -0.8599
vn -0.2893 0.8633 -0.4135
vn -0.5177 -0.3226 -0.7924
vn -0.5312 -0.0226 -0.8470
vn -0.6493 -0.3265 -0.6868
vn -0.4446 -0.8800 -0.1669
vn -0.6462 -0.7300 -0.2227
vn -0.3436 -0.8852 0.3136
vn -0.1528 -0.8818 0.4463
vn -0.5057 -0.8570 -0.0994
vn -0.1405 -0.8466 0.5133
vn 0.0735 -0.7019 0.7085
vn 0.0428 -0.7166 0.6962
vn -0.5811 -0.3531 -0.7332
vn -0.5053 -0.8626 -0.0235
vn -0.1266 -0.8407 0.5265
vn -0.6300 -0.3653 -0.6853
vn -0.5167 -0.0120 -0.8561
vn -0.1605 -0.7399 0.6533
vn -0.1778 -0.7423 0.6461
vn -0.5555 -0.6272 0.5459
vn -0.6305 -0.4957 0.5973
vn -0.2122 -0.7585 0.6162
vn 0.1889 -0.7316 0.6551
vn 0.1865 -0.8023 0.5671
vn -0.9545 0.0677 0.2903
vn -0.7420 -0.3423 0.5765
vn -0.9774 0.1485 0.1505
vn -0.9413 -0.3177 0.1140
vn -0.8963 0.0850 -0.4351
vn -0.8526 0.4230 -0.3068
vn -0.1793 -0.4776 0.8601
vn -0.9340 0.2496 -0.2557
vn -0.5331 0.1298 -0.8361
vn -0.6048 0.3365 -0.7218
vn -0.3431 0.4180 -0.8412
vn -0.8087 -0.1070 0.5784
vn 0.1453 -0.1520 -0.9776
vn 0.5425 -0.4442 -0.7130
vn 0.7019 -0.4824 -0.5240
vn 0.6895 -0.7081 -0.1524
vn 0.5796 -0.6169 -0.5325
vn 0.5941 -0.6869 0.4185
vn 0.5972 -0.7747 -0.2076
vn 0.5038 -0.7537 0.4221
vn 0.1517 -0.0911 -0.9842
vn -0.2976 0.1474 -0.9432
vn -0.7471 0.2220 -0.6266
vn -0.9467 0.2203 -0.2349
vn -0.9571 0.1040 0.2703
vn -0.7421 0.0333 0.6695
vn -0.6981 0.0399 0.7149
vn -0.2140 -0.2376 0.9475
vn 0.2880 -0.5875 0.7563
vn 0.2875 -0.5363 0.7935
vn -0.1097 -0.4040 0.9082
vn -0.5941 -0.0034 0.8044
vn -0.3382 -0.2929 0.8943
vn -0.6651 0.0481 0.7452
vn -0.8408 0.4429 0.3114
vn -0.7038 -0.0004 0.7104
vn -0.3949 -0.3805 0.8362
vn 0.2153 -0.6753 0.7054
vn -0.0765 -0.5266 0.8466
vn -0.0745 -0.4906 0.8682
vn -0.7526 0.5461 0.3679
vn -0.6460 0.7524 -0.1288
vn -0.7278 0.6591 -0.1893
vn -0.3605 0.8027 -0.4752
vn -0.4642 0.7054 -0.5357
vn -0.0997 0.7420 -0.6629
vn -0.1154 0.6004 -0.7913
vn 0.2240 0.4062 -0.8859
vn 0.2236 0.6145 -0.7566
vn 0.6131 0.3567 -0.7049
vn 0.5399 0.1518 -0.8279
vn 0.8210 0.1344 -0.5548
vn 0.7406 -0.1719 -0.6496
vn 0.9493 -0.1269 -0.2878
vn 0.8016 -0.5299 -0.2767
vn 0.7235 -0.6079 0.3270
vn 0.4896 -0.2169 -0.8446
vn 0.6403 -0.5618 -0.5238
vn 0.6574 -0.7458 -0.1082
vn 0.4397 -0.7978 0.4127
vn 0.4507 -0.4384 -0.7776
vn 0.1494 0.1359 -0.9794
vn -0.1749 0.3308 -0.9274
vn -0.6065 0.5112 -0.6089
vn -0.8362 0.4987 -0.2280
vn -0.8879 0.3232 0.3275
vn -0.5896 0.1218 -0.7985
vn 0.1056 0.2017 -0.9737
vn 0.1343 0.6183 -0.7744
vn 0.7699 0.0453 -0.6365
vn 0.5216 -0.1451 -0.8408
vn 0.6624 -0.7405 -0.1134
vn 0.3418 -0.9239 -0.1722
vn 0.8031 -0.2062 -0.5590
vn 0.1730 0.7321 -0.6589
vn -0.3316 -0.7809 0.5294
vn -0.5364 0.8325 -0.1389
vn -0.4688 0.8819 -0.0501
vn -0.7925 0.2246 0.5670
vn 0.2682 0.7439 -0.6121
vn 0.7590 -0.1221 -0.6396
vn -0.6968 0.2595 0.6687
vn 0.6603 -0.7322 0.1673
vn -0.0726 -0.7694 0.6346
vn -0.2674 -0.8225 0.5019
vn 0.4214 -0.8959 -0.1404
vn 0.0185 -0.7603 -0.6494
vn -0.6018 -0.6884 0.4049
vn -0.7339 -0.1751 0.6563
vn 0.0014 -0.8166 -0.5771
vn 0.5405 0.4895 -0.6843
vn 0.3842 0.8611 -0.3331
vn -0.2076 0.9108 0.3569
vn -0.2416 0.9291 0.2801
vn 0.3983 0.5878 -0.7042
vn -0.2640 -0.5239 -0.8098
vn -0.8443 0.3414 -0.4131
vn -0.3388 0.9375 0.0794
vn -0.6454 0.2202 0.7314
vn -0.5898 0.4166 0.6918
vn -0.1247 0.9439 0.3057
vn -0.6892 0.0782 0.7203
vn -0.0353 0.9524 0.3027
vn -0.7711 0.0826 0.6313
vn -0.4747 0.8042 0.3576
vn -0.9573 0.2652 0.1149
vn -0.6340 0.5462 -0.5475
vn 0.5595 0.7864 0.2618
vn 0.7801 0.5966 0.1883
vn 0.9066 0.4109 0.0955
vn -0.9723 -0.1102 0.2062
vn -0.9416 0.2428 0.2333
vn -0.9539 0.2131 0.2112
vn -0.9700 0.1569 0.1858
vn -0.3408 0.7097 0.6165
vn -0.8440 0.3078 -0.4393
vn 0.3036 0.9079 0.2890
vn -0.1193 0.7456 -0.6557
vn 0.6012 0.7947 0.0837
vn 0.4342 0.2168 0.8744
vn 0.5129 0.0998 0.8526
vn 0.7526 -0.0743 0.6542
vn 0.9033 0.3960 -0.1649
vn 0.0761 0.6399 -0.7647
vn -0.0499 0.6454 -0.7622
vn 0.4803 0.6182 -0.6222
vn 0.9261 0.3002 -0.2284
vn 0.8443 0.1222 0.5218
vn 0.1108 0.9139 0.3904
vn -0.0463 -0.9439 0.3269
vn -0.4951 -0.8685 0.0248
vn -0.5107 -0.7712 0.3800
vn -0.4339 -0.8640 -0.2554
vn -0.3828 -0.9171 -0.1114
vn -0.2670 -0.9286 -0.2575
vn -0.4438 -0.8632 -0.2406
vn -0.5176 -0.7152 -0.4697
vn -0.4090 -0.7521 -0.5168
vn -0.3219 -0.9005 -0.2923
vn 0.3379 -0.9039 0.2623
vn 0.2010 -0.9785 -0.0463
vn -0.2676 0.0174 0.9634
vn 0.4900 -0.4196 0.7641
vn 0.3512 -0.5019 0.7904
vn 0.1576 -0.2103 0.9649
vn 0.6143 -0.3890 0.6865
vn 0.4974 -0.3052 0.8120
vn 0.5394 -0.3085 0.7835
vn 0.4695 -0.1920 0.8618
vn 0.3002 0.9088 -0.2899
vn 0.4665 0.7626 0.4481
vn 0.1854 0.6429 0.7432
vn 0.2011 0.5645 0.8005
vn 0.7263 0.3642 -0.5830
vn 0.7547 0.1915 -0.6275
vn 0.8843 0.3363 0.3240
vn 0.7645 0.4049 -0.5015
vn 0.8023 0.2226 0.5539
vn 0.8670 0.3717 0.3318
vn 0.5413 0.7450 -0.3897
vn 0.6863 0.5779 0.4416
vn 0.3260 0.9109 -0.2528
vn 0.5824 0.5665 0.5830
vn -0.3274 0.9391 0.1042
vn 0.0514 0.3214 0.9455
vn -0.7700 0.3211 0.5514
vn -0.3788 -0.0387 0.9247
vn -0.4932 -0.8694 -0.0296
vn 0.0684 -0.6942 0.7165
vn -0.8138 -0.5534 0.1774
vn -0.2617 -0.9389 -0.2237
vn 0.1343 -0.7013 0.7001
vn -0.0101 -0.8730 -0.4876
vn -0.6115 -0.1611 -0.7746
vn -0.8765 0.0900 -0.4729
vn -0.9251 -0.1113 0.3630
vn -0.7657 0.4996 -0.4050
vn -0.2933 -0.2206 0.9302
vn -0.3738 -0.1869 -0.9085
vn -0.1741 -0.5574 0.8118
vn -0.3294 -0.9402 -0.0864
vn 0.2161 -0.5754 0.7888
vn -0.4274 -0.3607 -0.8290
vn -0.0990 0.6692 -0.7365
vn -0.3324 -0.9330 -0.1382
vn -0.6425 -0.3202 -0.6962
vn -0.5293 -0.8483 -0.0160
vn 0.1506 -0.7708 0.6190
vn 0.5929 0.1858 0.7836
vn 0.5739 -0.0251 0.8185
vn -0.1116 -0.7387 0.6647
vn -0.2418 -0.4590 0.8549
vn -0.8143 -0.5544 0.1720
vn -0.9155 -0.1896 0.3549
vn -0.2677 -0.2839 0.9207
vn -0.8360 0.2531 0.4868
vn -0.8210 -0.0217 -0.5706
vn -0.8668 0.1737 -0.4674
vn 0.0988 0.4305 -0.8971
vn 0.3725 0.2926 -0.8807
vn -0.7284 0.4877 -0.4811
vn 0.2483 0.9610 0.1218
vn -0.0719 0.0518 0.9961
vn 0.6959 -0.1689 0.6980
vn 0.7560 -0.0781 0.6499
vn 0.6572 -0.0133 0.7536
vn 0.0299 0.5421 -0.8398
vn -0.1024 0.5231 -0.8461
vn -0.4318 -0.8408 -0.3266
vn -0.2223 -0.7713 -0.5964
vn 0.2300 -0.6246 -0.7463
vn 0.2367 0.2097 -0.9487
vn -0.6923 0.4127 -0.5919
vn -0.8907 0.2748 0.3622
vn -0.8918 0.3013 0.3375
vn -0.6823 0.3944 -0.6155
vn -0.8743 0.3759 0.3070
vn -0.6183 0.5031 -0.6038
vn -0.4383 0.7657 -0.4708
vn -0.7569 0.6149 0.2214
vn 0.2866 0.3790 -0.8799
vn 0.3335 0.2210 -0.9165
vn -0.7266 0.6769 0.1176
vn 0.2153 0.8034 -0.5551
vn 0.8135 -0.4809 -0.3269
vn -0.2735 0.8926 -0.3584
vn -0.4168 0.8603 -0.2936
vn 0.4369 -0.0156 -0.8994
vn -0.3785 0.7839 -0.4922
vn 0.3605 -0.0680 -0.9303
vn -0.7068 -0.2808 -0.6493
vn -0.9089 0.1340 0.3949
vn -0.8064 -0.0002 0.5914
vn -0.7150 0.0265 0.6986
vn 0.6296 0.3454 -0.6960
vn 0.2244 0.2060 -0.9525
vn -0.1503 0.0482 -0.9875
vn -0.0794 -0.2973 -0.9515
vn -0.4850 -0.0503 -0.8731
vn -0.3737 -0.5537 -0.7442
vn -0.0382 -0.2123 -0.9765
vn 0.6544 0.0966 -0.7500
vn -0.3751 -0.2294 -0.8981
vn -0.2085 -0.5792 -0.7881
vn 0.4592 -0.4904 -0.7407
vn -0.1186 -0.6209 -0.7749
vn 0.4492 -0.5911 -0.6699
vn 0.9709 -0.1646 -0.1739
vn 0.9550 -0.2629 -0.1376
vn 0.8529 0.5063 0.1274
vn 0.8514 0.2946 0.4339
vn 0.4433 0.5295 0.7233
vn 0.0470 0.4829 0.8744
vn -0.6857 0.3454 0.6407
vn -0.9994 -0.0343 0.0015
vn -0.6923 -0.5443 -0.4738
vn -0.9186 0.2764 -0.2824
vn -0.5120 -0.3346 -0.7912
vn -0.0154 -0.2319 -0.9726
vn -0.0901 -0.2147 -0.9725
vn 0.3891 -0.5831 -0.7131
vn 0.9682 -0.0873 -0.2344
vn 0.6877 -0.5486 -0.4755
vn 0.7161 -0.4033 -0.5697
vn 0.9093 -0.3053 -0.2827
vn 0.8800 -0.4726 -0.0476
vn 0.9707 -0.1532 0.1849
vn 0.9926 -0.0153 -0.1201
vn 0.9372 0.3168 0.1456
vn 0.8453 0.2752 0.4579
vn 0.6539 0.4448 0.6120
vn 0.6426 0.7012 0.3090
vn 0.3360 0.5847 0.7384
vn 0.2024 0.8096 0.5510
vn 0.4353 0.8770 0.2036
vn -0.0635 0.8727 0.4841
vn -0.1174 0.5924 0.7970
vn -0.5014 0.4671 0.7283
vn 0.8901 0.4158 -0.1869
vn 0.7962 0.6050 -0.0074
vn 0.9276 0.1084 -0.3575
vn 0.9109 -0.1967 -0.3629
vn 0.6465 -0.3298 -0.6879
vn 0.1452 -0.4262 -0.8929
vn 0.8443 -0.5048 -0.1796
vn 0.7747 -0.3573 -0.5218
vn 0.1514 -0.9551 -0.2545
vn 0.1336 -0.9887 -0.0681
vn -0.2693 -0.8636 -0.4261
vn -0.5480 -0.8213 0.1584
vn -0.7595 -0.5848 -0.2850
vn -0.0142 -0.7598 -0.6500
vn 0.4614 -0.5479 -0.6978
vn -0.6181 -0.7853 0.0356
vn 0.4388 -0.8793 0.1853
vn -0.5841 -0.7570 0.2929
vn -0.0769 -0.9938 0.0797
vn 0.4793 -0.7847 -0.3931
vn 0.7217 -0.2871 -0.6298
vn 0.8872 0.1283 -0.4432
vn -0.6660 -0.6924 -0.2776
vn 0.8587 0.4396 -0.2635
vn 0.7299 0.6799 -0.0706
vn -0.1210 -0.6157 0.7786
vn -0.5168 -0.8227 0.2367
vn -0.5306 -0.7244 0.4402
vn -0.4501 -0.8624 0.2316
vn -0.3437 -0.5983 0.7238
vn 0.2243 -0.6202 0.7517
vn 0.1628 -0.7528 0.6378
vn 0.4860 -0.6534 0.5804
vn 0.1648 -0.8974 0.4092
vn -0.6635 -0.3393 0.6668
vn -0.5607 -0.2781 0.7799
vn -0.6274 0.2723 0.7295
vn -0.4169 -0.0489 0.9077
vn -0.5996 0.4654 0.6511
vn -0.2150 0.2469 0.9449
vn -0.5612 0.4924 0.6652
vn -0.2740 0.5309 0.8019
vn 0.0787 0.5756 0.8140
vn -0.5579 -0.4466 0.6995
vn -0.7837 0.0223 0.6208
vn -0.7844 -0.3994 0.4745
vn -0.2788 -0.7156 0.6404
vn -0.9313 -0.0740 0.3566
vn -0.9320 -0.3353 0.1379
vn -0.2793 -0.8494 0.4477
vn -0.7239 -0.6583 0.2065
vn -0.5273 -0.6936 0.4908
vn 0.2097 0.9008 0.3801
vn 0.2315 0.9252 0.3006
vn 0.9747 0.2195 -0.0431
vn 0.8520 0.4262 -0.3039
vn -0.4353 0.7199 -0.5406
vn 0.5986 -0.2197 -0.7703
vn 0.7911 -0.5178 -0.3256
vn 0.2107 0.9351 0.2849
vn -0.8032 0.5527 0.2224
vn 0.9626 0.1598 0.2188
vn 0.7830 -0.6220 0.0049
vn 0.8892 0.1296 0.4388
vn 0.6988 -0.6555 0.2864
vn 0.7269 0.2018 0.6564
vn 0.1952 0.9582 0.2094
vn 0.2112 0.9419 0.2613
vn -0.7984 0.6011 0.0346
vn -0.7552 0.6454 -0.1147
vn -0.8480 -0.4648 -0.2547
vn -0.8756 -0.4205 -0.2377
vn -0.7309 0.6364 -0.2463
vn 0.0414 -0.9990 0.0155
vn -0.2349 -0.9342 0.2684
vn -0.5871 0.2963 0.7533
vn 0.4438 -0.6102 0.6562
vn -0.8425 -0.4878 -0.2286
vn -0.8383 -0.5077 -0.1987
vn 0.1355 -0.8929 -0.4294
vn 0.1097 -0.9757 -0.1897
vn -0.1162 -0.6427 -0.7572
vn -0.8927 -0.4125 -0.1815
vn -0.7889 0.4663 0.4004
vn 0.0907 -0.9427 -0.3211
vn 0.1445 -0.8248 -0.5467
vn 0.8033 -0.5167 -0.2961
vn 0.7530 -0.6579 0.0133
vn -0.0174 -0.9896 -0.1427
vn -0.8157 -0.3793 -0.4368
vn -0.8254 -0.3867 -0.4112
vn -0.7191 0.6845 -0.1199
vn -0.7669 0.6414 0.0202
vn 0.2185 0.8648 0.4520
vn 0.1989 0.8864 0.4181
vn 0.9285 0.0607 0.3663
vn 0.8266 0.0271 0.5621
vn 0.9769 0.1723 0.1268
vn 0.6220 -0.7335 0.2741
vn 0.6877 -0.1306 -0.7141
vn -0.0199 -0.5276 -0.8493
vn -0.8743 -0.3318 -0.3543
vn -0.8239 -0.4095 -0.3917
vn 0.9037 0.4120 -0.1164
vn 0.1999 0.8159 0.5425
vn 0.2162 0.8536 0.4739
vn -0.7998 0.5665 0.1987
vn -0.8132 0.4487 0.3707
vn 0.6209 0.0676 0.7809
vn 0.3368 -0.7076 0.6211
vn -0.6838 0.2100 0.6988
vn 0.1733 0.9091 0.3789
vn -0.6453 0.7249 -0.2413
vn -0.8485 -0.3091 -0.4294
vn -0.2843 -0.9531 0.1035
vn -0.3264 0.8231 -0.4647
vn -0.8346 0.5507 0.0083
vn 0.1422 0.9267 0.3478
vn 0.1350 0.9182 0.3725
vn -0.8511 0.4886 0.1920
vn -0.7802 -0.5406 -0.3148
vn -0.7882 -0.5413 -0.2927
vn 0.1991 -0.9534 -0.2268
vn 0.2236 -0.8542 -0.4694
vn 0.8228 -0.5675 0.0317
vn 0.8556 -0.4299 -0.2883
vn 0.1204 0.9404 0.3179
vn 0.9342 0.1969 0.2975
vn 0.8426 0.1903 0.5038
vn 0.9500 0.3081 0.0498
vn -0.7988 0.5863 -0.1350
vn -0.7918 -0.4998 -0.3512
vn 0.0935 -0.9946 -0.0453
vn 0.7237 -0.6169 0.3094
vn 0.6631 -0.1330 -0.7366
vn -0.0240 -0.6108 -0.7914
vn -0.8430 -0.4689 -0.2636
vn 0.6550 0.2186 0.7233
vn -0.7445 0.6068 -0.2785
vn 0.0824 0.9608 0.2647
vn -0.1755 -0.9626 0.2065
vn -0.8402 -0.4281 -0.3329
vn 0.4454 -0.6041 0.6608
vn -0.4438 0.7260 -0.5253
vn -0.8393 0.3935 0.3751
vn 0.1253 0.8896 0.4393
vn 0.8391 0.4994 -0.2156
vn -0.6621 0.2130 0.7185
vn -0.0659 -0.5985 0.7984
vn 0.4108 -0.7399 0.5327
vn -0.5218 -0.1197 0.8447
vn -0.1862 -0.5925 0.7837
vn -0.7094 0.0823 0.7000
vn -0.9416 0.0430 -0.3340
vn -0.8247 0.3735 -0.4247
vn -0.8789 0.3327 -0.3419
vn -0.8269 0.3712 -0.4224
vn -0.8916 0.4527 -0.0084
vn -0.7497 0.6363 0.1816
vn -0.7601 0.6477 0.0531
vn -0.6983 0.6048 0.3829
vn -0.3529 0.7895 0.5021
vn -0.5229 0.7638 0.3783
vn -0.3270 0.8065 0.4926
vn -0.1699 0.9290 0.3287
vn -0.4449 0.8933 -0.0638
vn -0.2073 0.9503 0.2321
vn -0.6163 0.7875 -0.0063
vn -0.1533 0.9712 0.1824
vn -0.4752 0.8689 0.1383
vn -0.7261 0.6875 -0.0115
vn 0.1106 0.8466 0.5206
vn 0.1229 0.9106 0.3946
vn 0.0784 0.9070 0.4137
vn 0.3800 0.6870 0.6194
vn 0.1065 0.6363 0.7641
vn 0.1966 0.7269 0.6579
vn 0.1672 0.7849 0.5966
vn 0.0822 0.9032 0.4212
vn 0.2587 0.7286 0.6342
vn 0.3263 0.8547 0.4037
vn 0.1566 0.9395 0.3046
vn 0.2746 0.8924 0.3582
vn 0.5606 0.7625 0.3230
vn 0.4120 0.6885 0.5969
vn 0.6137 0.6581 0.4362
vn 0.6932 0.5636 0.4492
vn 0.7526 0.5373 0.3807
vn 0.7330 0.5860 0.3454
vn 0.8509 0.5024 0.1537
vn 0.8936 0.4292 0.1318
vn 0.9247 0.3535 -0.1412
vn 0.9081 0.3056 0.2864
vn 0.9320 0.1686 -0.3208
vn 0.7663 0.2692 -0.5834
vn 0.5744 0.2159 -0.7896
vn 0.5873 0.1114 -0.8017
vn 0.5390 0.3062 -0.7847
vn 0.9010 0.3822 -0.2050
vn 0.7573 0.2165 -0.6162
vn 0.5374 0.0574 -0.8414
vn 0.5405 0.2988 -0.7865
vn 0.6051 0.2968 -0.7387
vn 0.5415 0.2109 -0.8138
vn 0.6216 0.0252 -0.7829
vn 0.9108 -0.0855 -0.4038
vn 0.9855 -0.1382 -0.0981
vn 0.8604 0.0141 -0.5094
vn 0.9258 -0.2207 -0.3069
vn 0.9107 -0.2079 0.3569
vn 0.9301 0.0766 0.3593
vn 0.7892 0.3020 0.5347
vn 0.4764 0.4718 0.7419
vn 0.3111 0.5145 0.7991
vn 0.1590 0.6548 0.7389
vn 0.0679 0.6278 0.7754
vn 0.0912 0.6641 0.7421
vn 0.3468 0.6419 0.6838
vn 0.6335 0.4707 0.6141
vn 0.5159 0.5056 0.6915
vn 0.5421 0.4761 0.6924
vn 0.3215 0.5043 0.8014
vn 0.3712 0.2321 0.8991
vn 0.6042 -0.4890 0.6291
vn 0.2413 -0.1989 0.9499
vn 0.7128 -0.6227 0.3226
vn 0.7960 -0.5642 0.2193
vn 0.0557 0.3296 0.9425
vn 0.2296 -0.0245 0.9730
vn -0.4976 0.4472 0.7432
vn -0.4727 0.5000 0.7257
vn -0.1809 0.5709 0.8008
vn -0.3412 0.7053 0.6214
vn -0.6729 0.6174 0.4075
vn -0.9490 0.2460 0.1971
vn -0.9407 0.2555 0.2230
vn -0.9793 -0.1983 0.0416
vn -0.9340 0.3291 0.1387
vn -0.5317 -0.7378 -0.4158
vn -0.5348 0.0098 0.8449
vn -0.2552 -0.7913 0.5557
vn 0.4897 -0.7868 0.3757
vn 0.7501 -0.6152 0.2428
vn -0.9818 -0.1398 0.1283
vn -0.5021 -0.8538 -0.1376
vn -0.3338 -0.7398 -0.5842
vn -0.4137 -0.5959 -0.6883
vn 0.2951 0.6882 0.6628
vn -0.0242 0.4371 0.8991
vn 0.6738 0.5736 0.4657
vn -0.1241 0.8059 0.5789
vn 0.0763 0.0669 0.9948
vn -0.6492 0.4938 0.5785
vn -0.7031 0.7107 -0.0236
vn -0.2722 0.9270 0.2581
vn -0.7985 0.5490 0.2469
vn -0.8622 0.4497 0.2333
vn -0.8326 0.5225 -0.1836
vn -0.6908 0.6460 -0.3247
vn -0.7276 0.5995 -0.3335
vn -0.7686 0.3482 -0.5366
vn -0.6044 0.7489 0.2718
vn -0.7665 0.6370 -0.0816
vn -0.7771 0.6067 -0.1676
vn -0.7691 0.5923 -0.2402
vn -0.9230 0.0874 -0.3747
vn -0.6963 0.5224 -0.4923
vn -0.8972 0.0572 -0.4380
vn -0.6474 0.4486 -0.6162
vn -0.6559 0.0027 -0.7548
vn -0.5057 0.3737 -0.7776
vn -0.4145 -0.1646 -0.8950
vn -0.1413 0.2665 -0.9534
vn -0.2139 -0.2411 -0.9466
vn 0.3118 0.1879 -0.9314
vn 0.0864 -0.2165 -0.9724
vn 0.5410 -0.0114 -0.8410
vn 0.6211 0.1040 -0.7768
vn 0.5577 0.1470 -0.8169
vn 0.5228 0.3064 -0.7955
vn 0.4634 0.2132 -0.8601
vn 0.1123 -0.1924 -0.9749
vn -0.2184 -0.4318 -0.8751
vn -0.4467 -0.0888 -0.8903
vn 0.5525 -0.0884 -0.8288
vn 0.2814 0.1583 -0.9464
vn -0.0229 0.0924 -0.9955
vn -0.2147 0.2082 -0.9542
vn -0.5414 0.2641 -0.7982
vn -0.4558 0.2944 -0.8400
vn -0.6691 0.4039 -0.6238
vn -0.6902 0.4777 -0.5435
vn -0.5233 0.5427 -0.6570
vn -0.3529 0.8237 -0.4438
vn -0.5248 0.8277 -0.1987
vn -0.3811 0.8847 -0.2683
vn -0.2617 0.9501 -0.1695
vn -0.3229 0.9419 -0.0927
vn -0.4708 0.8797 -0.0671
vn -0.5548 0.8014 -0.2235
vn -0.2224 0.9585 -0.1782
vn -0.9050 0.4064 0.1260
vn -0.8455 0.5194 0.1239
vn -0.7594 0.6108 0.2242
vn -0.1380 0.2725 -0.9522
vn -0.1223 0.1117 -0.9862
vn 0.3116 0.3252 -0.8928
vn 0.5446 0.1567 -0.8239
vn 0.4630 0.5567 -0.6897
vn 0.9729 0.1165 -0.1999
vn 0.9647 0.0529 -0.2579
vn 0.8803 -0.3504 0.3198
vn 0.8720 -0.2383 0.4275
vn 0.2899 0.2522 0.9232
vn 0.0608 -0.3477 0.9356
vn -0.9014 -0.0062 0.4328
vn -0.6606 -0.4244 0.6193
vn 0.0670 0.1557 0.9855
vn 0.7867 0.2804 0.5500
vn 0.9210 0.3782 -0.0930
vn -0.1807 0.5761 -0.7972
vn -0.6586 0.0328 -0.7517
vn -0.9177 -0.3087 -0.2500
vn -0.6268 0.4232 -0.6542
vn -0.8658 0.3826 -0.3225
vn -0.9047 -0.1175 -0.4096
vn -0.9360 -0.3076 -0.1712
vn -0.9130 -0.3544 -0.2022
vn -0.9723 -0.1459 -0.1828
vn -0.9329 0.3539 -0.0667
vn 0.0349 -0.1812 0.9828
vn -0.8040 0.1521 0.5749
vn -0.6505 0.2788 0.7065
vn -0.9099 -0.3793 0.1680
vn -0.8999 0.3572 0.2502
vn -0.9431 -0.2632 0.2032
vn -0.7353 -0.5362 0.4146
vn -0.1065 -0.6806 0.7249
vn 0.6831 -0.4512 0.5743
vn 0.7182 -0.4674 0.5155
vn 0.9169 -0.2183 0.3340
vn 0.9876 0.0311 0.1538
vn 0.7611 -0.4712 0.4457
vn 0.9972 -0.0248 0.0699
vn 0.7765 0.6112 -0.1535
vn 0.7071 0.7059 -0.0412
vn 0.1356 0.9901 0.0364
vn 0.4570 0.1842 0.8702
vn 0.9688 0.2447 0.0386
vn 0.8985 -0.2197 0.3800
vn 0.9130 0.2188 0.3444
vn 0.6880 -0.3662 0.6266
vn 0.6377 0.2204 0.7381
vn 0.1424 -0.5311 0.8353
vn 0.0246 0.0919 0.9955
vn -0.5587 -0.1362 0.8181
vn -0.4561 -0.5678 0.6852
vn -0.6826 -0.5304 0.5027
vn -0.7762 -0.3137 0.5469
vn -0.8543 -0.4160 0.3115
vn -0.8714 -0.4395 0.2178
vn -0.9708 0.0416 -0.2364
vn -0.9927 -0.1202 -0.0098
vn -0.8795 -0.3978 0.2612
vn -0.0278 0.5335 0.8454
vn 0.6052 0.5716 0.5542
vn 0.5254 0.4882 0.6968
vn 0.9317 0.0098 0.3631
vn 0.9840 0.1700 0.0539
vn 0.3642 -0.9255 0.1042
vn 0.8160 -0.5680 -0.1070
vn 0.3761 -0.8824 -0.2828
vn 0.2493 -0.9335 -0.2578
vn 0.1667 -0.9192 -0.3568
vn 0.1542 -0.9741 -0.1655
vn -0.1993 -0.9525 -0.2304
vn -0.0556 -0.9887 0.1392
vn 0.1730 -0.9491 -0.2631
vn -0.1811 -0.9651 -0.1891
vn -0.7325 -0.6762 -0.0779
vn -0.7059 -0.6882 -0.1677
vn -0.7539 -0.6142 -0.2333
vn -0.5039 -0.4536 0.7351
vn 0.1560 -0.0390 0.9870
vn -0.0764 0.9804 0.1817
vn 0.2693 0.5821 0.7673
vn -0.9541 -0.1577 -0.2547
vn -0.3670 0.9294 -0.0389
vn -0.9459 0.3067 0.1059
vn -0.6020 0.7954 -0.0694
vn -0.1324 0.9710 -0.1992
vn 0.2814 0.9414 -0.1861
vn -0.9368 0.3427 0.0708
vn -0.9402 -0.1499 0.3058
vn -0.9859 0.1546 -0.0640
vn -0.8871 -0.4074 0.2168
vn -0.9433 -0.2357 -0.2339
vn -0.8881 -0.4505 -0.0911
vn -0.5422 -0.0956 -0.8348
vn -0.6780 -0.1507 -0.7195
vn -0.9901 0.1401 0.0024
vn -0.9534 0.1487 -0.2625
vn -0.5475 0.1252 -0.8274
vn -0.1207 0.2397 -0.9633
vn 0.4594 0.2193 -0.8607
vn 0.9592 0.0013 -0.2828
vn 0.8871 -0.0159 0.4613
vn 0.9125 -0.3131 0.2631
vn 0.9718 -0.1138 -0.2063
vn 0.9886 0.1417 0.0520
vn 0.7974 0.2940 -0.5270
vn 0.7405 0.5575 -0.3754
vn 0.7255 0.6756 -0.1311
vn 0.5645 -0.1158 -0.8173
vn 0.6644 0.0484 -0.7458
vn 0.1994 0.1077 -0.9740
vn 0.0872 -0.0563 -0.9946
vn -0.2313 -0.0333 -0.9723
vn -0.1307 0.0765 -0.9885
vn -0.6259 0.2531 -0.7377
vn -0.1612 0.4243 -0.8911
vn -0.7020 0.5076 -0.4995
vn -0.1740 0.7027 -0.6899
vn 0.2938 0.4218 -0.8578
vn -0.6517 0.7167 -0.2482
vn 0.2687 0.7127 -0.6480
vn 0.2596 0.8959 -0.3606
vn -0.1707 0.8733 -0.4563
vn 0.9137 -0.2842 -0.2904
vn 0.9307 -0.2574 -0.2598
vn 0.7720 -0.5181 -0.3684
vn 0.6849 -0.2695 0.6770
vn 0.7026 -0.6070 -0.3713
vn -0.0140 -0.9916 0.1288
vn 0.3812 -0.6937 0.6111
vn -0.5012 -0.4456 0.7418
vn 0.2756 -0.8512 0.4466
vn -0.0384 -0.9898 0.1369
vn -0.4291 -0.3655 0.8260
vn -0.2235 -0.1404 0.9645
vn 0.2982 -0.8482 0.4377
vn -0.0792 -0.9968 -0.0132
vn -0.2454 -0.1946 0.9497
vn 0.4754 -0.6016 0.6419
vn 0.3437 -0.7385 0.5800
vn 0.3305 -0.0618 0.9418
vn 0.9611 -0.0249 0.2751
vn 0.4488 -0.2951 -0.8435
vn 0.5115 -0.6368 -0.5769
vn 0.7616 0.0552 -0.6457
vn 0.2208 -0.6554 -0.7223
vn 0.6881 0.4562 -0.5643
vn 0.7387 0.5370 -0.4074
vn -0.0243 0.9985 -0.0492
vn 0.0329 0.9907 0.1321
vn -0.8168 0.2631 0.5133
vn -0.7493 0.4522 0.4838
vn -0.9753 0.0988 0.1974
vn -0.5796 0.4964 -0.6462
vn -0.8486 0.2340 0.4745
vn 0.0296 0.9831 0.1808
vn 0.5262 0.3192 -0.7882
vn 0.0355 -0.6682 -0.7431
vn -0.6817 -0.7315 0.0097
vn 0.7826 0.4813 -0.3948
vn 0.7184 0.6830 -0.1319
vn 0.8247 0.3843 -0.4150
vn 0.0326 0.9544 0.2969
vn 0.6556 0.7324 -0.1836
vn 0.6774 0.5880 -0.4420
vn 0.7269 0.1866 -0.6609
vn 0.1733 0.9692 0.1748
vn -0.9305 0.1543 0.3321
vn -0.6296 0.6722 0.3894
vn -0.8978 -0.3905 0.2038
vn 0.7520 -0.0797 -0.6543
vn 0.7346 -0.0479 -0.6768
vn 0.2326 -0.6004 -0.7651
vn 0.4813 -0.3229 -0.8150
vn -0.0912 -0.7439 -0.6621
vn -0.8273 -0.5601 -0.0435
vn -0.7994 -0.5582 0.2223
vn -0.8714 -0.0774 0.4845
vn -0.8294 -0.1629 0.5344
vn -0.9045 -0.3831 0.1873
vn -0.8819 -0.2791 0.3799
vn -0.8111 -0.1435 0.5670
vn 0.3418 -0.4324 -0.8344
vn -0.9462 -0.3013 0.1182
vn -0.7223 -0.6915 -0.0104
vn -0.2346 -0.5186 -0.8222
vn 0.2640 -0.3773 -0.8876
vn -0.2116 -0.5879 -0.7807
vn -0.9801 0.0457 0.1932
vn -0.8503 -0.3530 0.3905
vn -0.9307 -0.3293 -0.1593
vn -0.9710 -0.1927 0.1416
vn -0.9917 -0.1137 -0.0595
vn -0.9801 -0.1198 -0.1580
vn -0.9101 -0.3355 -0.2431
vn -0.9291 -0.3340 -0.1589
vn -0.8587 -0.4832 -0.1708
vn -0.8673 -0.4965 0.0350
vn -0.5356 -0.8142 0.2243
vn -0.3058 -0.9483 -0.0847
vn -0.9845 0.1037 0.1417
vn 0.5752 0.0072 -0.8180
vn -0.4529 0.2905 -0.8429
vn 0.4829 0.6911 -0.5377
vn 0.4080 0.9103 0.0697
vn -0.2324 0.8374 -0.4948
vn -0.7679 0.6396 -0.0344
vn 0.3915 0.9153 0.0941
vn -0.3322 0.6589 0.6749
vn -0.5229 0.6602 0.5392
vn -0.4287 -0.1554 -0.8900
vn -0.4124 -0.3263 -0.8506
vn -0.4994 -0.4877 -0.7161
vn -0.3953 0.1056 -0.9125
vn -0.4223 0.4037 -0.8116
vn -0.3871 0.5099 -0.7682
vn -0.5771 -0.6423 -0.5044
vn 0.4379 -0.8469 -0.3018
vn 0.4682 -0.7205 -0.5116
vn -0.1603 -0.8211 -0.5478
vn 0.1433 -0.6393 -0.7555
vn 0.5821 -0.6891 -0.4317
vn -0.8090 0.1496 0.5685
vn -0.9716 0.2346 0.0319
vn -0.6922 0.3174 0.6482
vn -0.8822 0.4627 -0.0876
vn -0.8417 0.3134 -0.4397
vn -0.6596 0.3667 -0.6561
vn -0.6337 0.7728 -0.0350
vn -0.3357 0.9354 -0.1113
vn -0.4609 0.7656 -0.4489
vn -0.0984 0.9401 -0.3263
vn -0.1916 0.9814 0.0100
vn 0.0034 0.9805 -0.1963
vn -0.7381 0.6089 -0.2906
vn -0.0283 -0.5942 -0.8038
vn 0.1359 0.2841 -0.9491
vn 0.4534 -0.6283 -0.6322
vn 0.4724 -0.7777 0.4147
vn 0.2366 -0.8417 0.4854
vn 0.2066 -0.1467 0.9674
vn 0.2480 -0.1906 0.9498
vn 0.2442 0.4449 0.8617
vn 0.5909 0.0935 0.8013
vn -0.1157 0.4221 -0.8991
vn 0.0812 0.9948 -0.0608
vn 0.8715 0.4789 -0.1054
vn 0.2723 0.2091 0.9392
vn 0.5271 -0.7026 0.4781
vn 0.7780 -0.3793 0.5008
vn 0.8254 -0.1564 0.5424
vn 0.8724 0.4705 -0.1325
vn 0.9744 0.1276 -0.1851
vn 0.9923 0.0097 -0.1237
vn 0.7788 0.6152 -0.1226
vn 0.5578 0.8293 0.0334
vn -0.8299 0.5578 0.0126
vn -0.7644 0.6380 -0.0932
vn -0.8645 0.4973 -0.0731
vn -0.8250 0.3109 -0.4719
vn -0.5170 0.1744 -0.8380
vn -0.7452 0.4453 -0.4964
vn -0.0518 -0.1288 -0.9903
vn 0.4542 -0.4150 -0.7884
vn 0.4542 -0.3264 -0.8290
vn -0.9164 0.4000 0.0163
vn 0.8677 0.0371 -0.4957
vn 0.7633 0.6285 -0.1495
vn 0.3117 0.8774 0.3648
vn 0.6515 0.1162 0.7497
vn -0.3596 -0.2646 0.8948
vn 0.4859 -0.8598 0.1568
vn 0.9083 0.2057 -0.3644
vn -0.5200 0.5897 0.6179
vn 0.0366 0.8420 0.5382
vn 0.5340 0.7878 0.3070
vn 0.8116 0.5822 0.0480
vn -0.8399 0.2115 0.4998
vn -0.6139 0.5370 0.5786
vn -0.9430 0.0445 0.3297
vn -0.9287 -0.0883 0.3602
vn -0.9009 0.2456 0.3579
vn 0.9453 0.2456 -0.2147
vn 0.9048 -0.0958 -0.4150
vn 0.7121 -0.4267 -0.5575
vn 0.3901 -0.7217 -0.5718
vn -0.0962 -0.8869 -0.4518
vn -0.9070 -0.3897 0.1596
vn -0.9629 -0.2670 0.0398
vn -0.9419 -0.3302 0.0612
vn -0.9029 -0.0026 0.4298
vn -0.8162 -0.5349 0.2183
vn -0.7584 -0.3093 0.5738
vn -0.5513 0.0492 0.8328
vn -0.4754 0.2335 0.8482
vn 0.1260 0.5771 0.8069
vn -0.3919 0.4545 0.7999
vn -0.4924 0.5808 0.6482
vn -0.4402 0.5819 0.6838
vn -0.0053 0.5760 0.8174
vn 0.4940 0.4783 0.7261
vn 0.8113 0.2533 0.5269
vn 0.9837 -0.1104 0.1417
vn 0.8471 -0.5076 -0.1574
vn -0.0078 0.7496 0.6619
vn 0.4879 -0.8365 -0.2496
vn 0.6055 -0.6952 -0.3874
vn 0.1670 -0.9240 -0.3440
vn -0.2770 -0.9281 -0.2489
vn -0.7249 -0.6889 -0.0018
vn 0.9136 -0.3149 -0.2574
vn 0.9984 -0.0008 -0.0563
vn 0.8569 0.4414 0.2663
vn 0.5498 0.6679 0.5017
vn -0.6761 -0.7332 -0.0733
vn -0.9544 0.0712 -0.2901
vn -0.9714 0.1493 -0.1847
vn -0.9607 0.1813 0.2101
vn -0.7350 0.6778 0.0156
vn -0.9959 0.0389 -0.0811
vn -0.9776 0.0876 -0.1912
vn -0.7277 -0.6395 0.2481
vn -0.7437 -0.6643 0.0754
vn -0.8412 0.1828 -0.5090
vn -0.9621 0.1310 -0.2391
vn -0.7131 0.7010 0.0096
vn -0.7251 0.6796 -0.1113
vn -0.0886 0.9696 0.2279
vn 0.1499 0.8983 0.4130
vn -0.1820 0.9653 0.1874
vn 0.3886 0.8736 0.2929
vn -0.6910 0.7228 0.0081
vn 0.2538 0.9574 0.1377
vn 0.0867 0.9588 0.2707
vn -0.6599 0.7460 0.0891
vn -0.0017 0.7526 0.6584
vn 0.0242 0.9850 0.1708
vn 0.1556 0.9290 0.3359
vn 0.1121 0.9434 0.3121
vn -0.1808 0.9629 0.2005
vn -0.1005 0.9603 0.2603
vn 0.3993 0.8543 0.3329
vn 0.2387 0.6965 0.6767
vn 0.0642 0.5579 0.8274
vn 0.3119 0.6059 0.7318
vn 0.5073 0.5621 0.6532
vn 0.2202 0.9297 0.2954
vn 0.0379 0.9291 0.3678
vn 0.6769 0.7207 0.1498
vn 0.3623 0.8870 0.2864
vn 0.7279 0.6653 0.1657
vn 0.9355 0.2930 -0.1973
vn 0.9780 0.1537 -0.1414
vn 0.9962 0.0348 0.0804
vn 0.6465 -0.7608 0.0570
vn 0.5857 -0.7730 -0.2440
vn 0.6898 -0.6829 -0.2404
vn 0.7529 -0.6581 0.0044
vn 0.7843 -0.6067 -0.1293
vn -0.8240 -0.5501 -0.1357
vn -0.6582 -0.5003 -0.5626
vn -0.0643 -0.9227 -0.3802
vn -0.7500 -0.5260 -0.4009
vn -0.0493 -0.9867 0.1547
vn -0.6797 -0.7059 0.1994
vn 0.0491 -0.8661 -0.4974
vn -0.6141 -0.5988 -0.5142
vn 0.5336 -0.6932 -0.4845
vn -0.6857 -0.7279 -0.0029
vn -0.1064 -0.9855 0.1322
vn -0.0703 -0.9914 -0.1105
vn -0.7268 -0.5114 -0.4585
vn -0.6653 -0.6250 -0.4083
vn -0.1064 -0.8453 0.5236
vn -0.6504 -0.7550 0.0838
vn -0.0440 -0.3988 0.9160
vn 0.5748 -0.6008 0.5556
vn 0.7057 -0.6972 0.1263
vn 0.0812 -0.8376 0.5402
vn 0.4809 -0.5459 0.6861
vn 0.6062 -0.3451 0.7165
vn -0.0629 -0.4066 0.9114
vn 0.1806 -0.4752 0.8612
vn 0.2265 -0.7330 0.6414
vn 0.5344 -0.8374 0.1148
vn 0.8432 0.5175 0.1455
vn 0.6662 0.7319 0.1435
vn 0.3623 0.9173 0.1650
vn 0.7056 0.5276 0.4731
vn 0.4361 0.6182 0.6539
vn 0.1589 0.5895 0.7920
vn -0.3434 0.6858 0.6417
vn -0.7646 0.5829 0.2751
vn -0.9414 0.3113 -0.1296
vn -0.9678 0.1492 -0.2029
vn -0.9945 0.0341 -0.0990
vn -0.9984 0.0557 -0.0045
vn -0.8472 0.5290 -0.0498
vn -0.9474 0.1660 -0.2737
vn -0.9334 0.1053 -0.3432
vn 0.2873 0.7012 0.6526
vn -0.0471 -0.3988 0.9158
vn -0.5749 -0.1368 -0.8067
vn 0.2378 0.7260 0.6453
vn 0.5089 0.1442 0.8487
vn 0.3610 0.1046 0.9267
vn 0.3622 -0.5485 0.7537
vn -0.0313 -0.6357 0.7713
vn 0.4531 0.0979 0.8861
vn 0.1380 -0.6619 0.7368
vn 0.7129 0.1840 0.6767
vn 0.4813 -0.0388 0.8757
vn 0.6902 0.3550 0.6305
vn 0.5872 -0.5703 0.5744
vn 0.3417 -0.5019 0.7946
vn 0.9320 0.3304 -0.1492
vn 0.7841 0.6154 -0.0803
vn 0.9198 0.3865 -0.0682
vn 0.4561 0.1271 0.8808
vn 0.4699 -0.3192 0.8230
vn 0.9736 0.0092 -0.2281
vn 0.6654 -0.5993 0.4451
vn 0.4706 -0.8625 -0.1862
vn 0.0640 0.1973 0.9782
vn 0.0724 -0.4958 0.8654
vn 0.4662 -0.6144 0.6365
vn 0.1562 -0.7593 0.6317
vn 0.2422 0.0203 0.9700
vn -0.0417 -0.0870 0.9953
vn -0.5297 -0.3411 0.7766
vn -0.2552 -0.9049 0.3407
vn -0.6103 -0.7797 -0.1399
vn -0.5930 -0.1527 -0.7906
vn -0.9495 -0.2646 0.1685
vn -0.3520 -0.2848 0.8916
vn -0.5046 -0.2073 -0.8381
vn -0.0914 0.4623 -0.8820
vn -0.2349 0.6644 -0.7095
vn -0.7894 0.3390 -0.5118
vn 0.0081 0.3670 -0.9302
vn 0.6081 0.5283 -0.5926
vn 0.7600 0.4840 -0.4337
vn 0.9447 0.3239 -0.0504
vn 0.8996 0.0216 0.4362
vn 0.6488 -0.2993 0.6996
vn -0.6747 0.1251 -0.7274
vn -0.8812 -0.4667 0.0756
vn 0.4045 0.8481 -0.3421
vn 0.6810 0.6961 0.2276
vn -0.0029 0.3917 -0.9201
vn 0.4655 0.1693 0.8687
vn 0.7014 0.3761 0.6055
vn 0.6295 0.6022 -0.4910
vn 0.8862 0.4628 0.0222
vn 0.9189 0.2755 -0.2824
vn 0.6360 0.3158 -0.7041
vn 0.8341 0.4497 -0.3194
vn 0.5074 0.4739 -0.7197
vn -0.0516 0.2596 -0.9643
vn 0.8984 0.1871 0.3973
vn 0.9819 0.1882 0.0215
vn 0.4659 -0.0831 0.8809
vn 0.2333 -0.1833 0.9550
vn 0.8921 -0.1325 0.4319
vn 0.2112 0.6694 -0.7123
vn 0.6336 0.7258 -0.2679
vn 0.9449 0.3255 -0.0350
vn 0.7871 0.6002 0.1424
vn 0.8071 0.2547 0.5326
vn 0.9515 -0.0044 0.3077
vn 0.5419 0.7867 0.2956
vn 0.5265 -0.4350 0.7304
vn 0.4249 -0.6552 0.6246
vn 0.1282 -0.7067 0.6958
vn 0.5512 0.3878 0.7388
vn 0.2987 -0.1488 0.9427
vn 0.0060 -0.5196 0.8544
vn 0.1208 -0.0054 0.9927
vn 0.2579 0.5208 0.8138
vn 0.3803 0.9193 -0.1013
vn 0.2846 0.8721 0.3980
vn 0.0708 0.9970 0.0302
vn 0.0264 0.8431 -0.5371
vn -0.2226 0.8727 -0.4345
vn 0.1865 -0.1264 0.9743
vn 0.1115 0.5354 0.8372
vn 0.1813 0.7145 0.6758
vn 0.0656 0.8983 0.4345
vn -0.0484 0.9926 0.1112
vn -0.0688 0.9968 0.0414
vn 0.3124 -0.3788 0.8712
vn 0.4649 -0.1804 0.8668
vn -0.3506 0.4198 -0.8371
vn -0.4292 -0.0765 -0.9000
vn -0.0682 -0.8369 0.5431
vn 0.9312 0.0841 0.3547
vn 0.6447 0.3743 0.6665
vn 0.2702 0.6221 0.7348
vn 0.6689 0.2946 0.6825
vn 0.2905 0.5064 0.8119
vn 0.2041 0.5802 0.7885
vn 0.7265 -0.6071 -0.3219
vn 0.0046 -0.9339 -0.3576
vn -0.2344 -0.6771 -0.6976
vn -0.9011 -0.4211 -0.1034
vn 0.5126 -0.3354 -0.7904
vn -0.9406 -0.3258 -0.0957
vn -0.3862 0.7381 -0.5532
vn -0.7127 0.5697 0.4093
vn -0.7436 0.6347 0.2101
vn 0.3440 0.9170 0.2020
vn 0.3391 0.8936 0.2942
vn 0.9861 0.1185 -0.1163
vn 0.8682 0.3067 -0.3900
vn 0.3490 0.9189 0.1840
vn 0.9875 0.0514 0.1490
vn -0.7284 0.6850 0.0173
vn -0.9043 -0.4064 -0.1309
vn -0.0066 -0.9951 -0.0990
vn 0.7212 -0.6924 0.0213
vn 0.6591 -0.6801 0.3208
vn 0.9240 0.0945 0.3704
vn 0.7842 0.1691 0.5971
vn 0.3120 0.9451 0.0966
vn -0.4945 0.4264 0.7574
vn -0.6697 0.6861 -0.2842
vn -0.9395 -0.3093 -0.1469
vn -0.2993 -0.8732 0.3847
vn 0.3290 0.9318 0.1532
vn 0.4294 -0.5889 0.6847
vn -0.9100 -0.3804 -0.1648
vn -0.0783 -0.9907 0.1115
vn -0.7065 0.6943 -0.1367
vn -0.4443 -0.7217 0.5309
vn -0.3999 -0.9110 -0.1012
vn 0.4406 -0.8844 0.1538
vn -0.4515 -0.1568 0.8784
vn 0.4322 -0.7722 0.4657
vn -0.3780 -0.0904 0.9214
vn 0.5884 -0.6009 0.5410
vn -0.5651 -0.1315 0.8145
vn 0.6199 -0.4156 0.6655
vn -0.7638 0.0008 0.6454
vn -0.7201 0.0943 0.6875
vn -0.8796 0.3067 0.3637
vn -0.7731 0.3175 0.5491
vn -0.9810 0.1342 0.1400
vn -0.7300 0.4989 0.4672
vn -0.7052 0.6912 0.1578
vn -0.9496 0.2991 -0.0935
vn -0.3401 0.7763 0.5308
vn -0.8221 0.4319 0.3710
vn -0.1651 0.8901 0.4248
vn -0.8485 0.5264 0.0551
vn -0.9950 0.0384 0.0919
vn -0.9671 0.0358 -0.2519
vn -0.8295 0.2389 0.5048
vn -0.5141 0.0809 0.8539
vn -0.6782 0.5717 0.4616
vn -0.6060 0.7801 0.1555
vn 0.0147 0.7683 0.6399
vn -0.5566 0.1972 0.8071
vn -0.0237 0.8882 0.4589
vn -0.5723 0.6926 -0.4390
vn -0.7165 0.4076 -0.5662
vn -0.3645 0.6683 -0.6485
vn -0.5266 0.7639 -0.3730
vn -0.1945 0.9772 -0.0856
vn -0.0359 0.9864 -0.1607
vn 0.3422 0.7430 0.5752
vn 0.1508 0.9476 0.2815
vn -0.0875 0.8537 -0.5133
vn 0.0132 0.6565 -0.7542
vn 0.2305 0.7880 -0.5709
vn 0.5262 0.3541 -0.7731
vn -0.5629 0.8108 0.1605
vn -0.3414 -0.9038 0.2581
vn -0.6006 0.1128 0.7916
vn -0.0735 0.6476 -0.7584
vn 0.4405 0.3154 -0.8405
vn -0.0221 0.4772 -0.8785
vn -0.3455 0.6278 -0.6975
vn -0.1759 0.9615 -0.2112
vn -0.5143 0.8119 -0.2763
vn -0.6903 0.4227 -0.5873
vn -0.8502 0.5261 0.0194
vn -0.4406 0.7226 0.5327
vn -0.8003 0.2287 0.5542
vn -0.7554 0.5293 0.3863
vn -0.5052 0.8216 0.2639
vn -0.7850 0.6117 0.0977
vn -0.3546 0.9130 -0.2017
vn -0.9555 0.0357 0.2927
vn -0.9820 0.1415 -0.1254
vn -0.8289 0.5554 0.0662
vn -0.7627 0.3553 -0.5404
vn -0.6673 0.6565 -0.3518
vn -0.4462 0.6442 -0.6213
vn -0.5825 0.6111 -0.5359
vn -0.8597 0.1674 0.4827
vn 0.0348 0.4417 -0.8965
vn 0.8014 -0.1692 -0.5738
vn 0.7158 -0.3315 -0.6146
vn -0.6436 0.6439 -0.4137
vn -0.5418 0.7980 -0.2638
vn -0.6096 0.7688 0.1931
vn -0.8821 0.3275 -0.3385
vn -0.5561 0.6379 0.5328
vn -0.9656 0.2600 -0.0096
vn -0.6582 0.1171 0.7437
vn -0.8854 0.1895 0.4244
vn -0.7330 0.2448 0.6347
vn -0.8319 0.5527 0.0499
vn -0.7409 0.5724 -0.3513
vn -0.5211 0.8142 -0.2561
vn -0.5678 0.6700 0.4782
vn -0.6146 0.5660 -0.5495
vn -0.8449 0.3332 -0.4184
vn -0.8323 -0.2737 -0.4821
vn -0.5384 0.8340 0.1206
vn -0.9546 0.2974 -0.0148
vn -0.9121 0.1044 0.3964
vn -0.8609 -0.3452 0.3737
vn -0.8355 -0.5223 -0.1706
vn -0.4728 0.6135 -0.6326
vn -0.3172 0.6541 -0.6867
vn -0.6032 0.4198 -0.6781
vn -0.3239 0.2383 -0.9156
vn 0.5259 -0.0007 -0.8506
vn 0.5561 -0.1567 -0.8162
vn 0.4735 -0.0352 -0.8801
vn 0.6607 -0.3120 -0.6827
vn -0.5427 -0.1114 -0.8325
vn -0.2661 -0.8749 -0.4048
vn 0.3551 -0.7354 -0.5771
vn -0.3370 -0.9155 -0.2196
vn -0.8693 0.0513 0.4917
vn -0.7400 0.1694 0.6510
vn -0.7365 0.1718 0.6542
vn -0.8697 0.0496 0.4910
vn -0.9523 -0.1055 0.2862
vn -0.9496 -0.1070 0.2948
vn -0.9624 -0.2277 0.1482
vn -0.9577 -0.2362 0.1644
vn -0.6350 0.2463 0.7322
vn -0.6406 0.2487 0.7265
vn -0.9641 0.0269 0.2641
vn -0.8952 0.1781 0.4087
vn -0.8864 0.0965 0.4527
vn -0.9737 0.0259 0.2263
vn -0.6955 0.0376 0.7175
vn -0.7306 -0.0141 0.6827
vn -0.4303 0.0787 0.8992
vn -0.3259 0.0682 0.9429
vn -0.1290 0.0919 0.9874
vn -0.1746 0.0991 0.9796
vn -0.1197 0.1025 0.9875
vn -0.1274 0.1044 0.9863
vn -0.9972 0.0456 0.0594
vn -0.9606 0.2150 0.1763
vn -0.9732 0.1840 0.1380
vn -0.9975 -0.0555 -0.0432
vn -0.9555 0.2324 0.1820
vn -0.9528 0.2372 0.1892
vn -0.9185 -0.3224 -0.2290
vn -0.8282 -0.4503 -0.3336
vn -0.6457 -0.6115 -0.4574
vn -0.5719 -0.6544 -0.4946
vn -0.4630 -0.7226 -0.5133
vn -0.4070 -0.7441 -0.5298
vn 0.5092 0.5999 0.6172
vn 0.8161 0.5767 -0.0375
vn 0.8718 0.4773 -0.1101
vn 0.7213 0.1698 0.6715
vn 0.3955 0.8289 -0.3955
vn 0.9749 0.1240 -0.1850
vn 0.6918 0.0803 0.7176
vn 0.9774 -0.0460 0.2064
vn 0.7353 -0.6109 0.2936
vn 0.9052 -0.0561 0.4212
vn 0.3608 0.4106 0.8374
vn 0.7331 -0.4136 0.5399
vn 0.5970 -0.2642 -0.7575
vn 0.7968 0.1975 -0.5711
vn 0.3526 0.7113 -0.6080
vn 0.7345 -0.5809 -0.3508
vn 0.3421 -0.7109 -0.6145
vn 0.5077 -0.8507 0.1362
vn 0.4996 -0.0637 -0.8639
vn 0.3855 0.7142 -0.5842
vn 0.1167 -0.6614 -0.7409
vn -0.4868 -0.6412 -0.5931
vn -0.5110 -0.7609 -0.3999
vn 0.2407 -0.9695 -0.0455
vn -0.2989 -0.3298 -0.8955
vn 0.0220 -0.1568 -0.9874
vn 0.5131 0.1092 -0.8513
vn -0.7999 -0.2583 -0.5417
vn -0.2506 0.5455 -0.7998
vn -0.1093 0.4741 -0.8736
vn -0.0361 -0.7784 -0.6267
vn 0.6719 -0.6987 -0.2456
vn -0.0810 -0.9929 -0.0874
vn -0.6027 -0.7854 -0.1415
vn -0.1130 -0.9768 -0.1819
vn -0.4757 -0.1236 -0.8709
vn -0.8549 -0.2750 -0.4399
vn -0.4769 0.3755 -0.7947
vn -0.2293 0.6489 -0.7256
vn -0.5505 0.6315 -0.5461
vn -0.9205 0.1994 -0.3360
vn -0.3100 0.4924 -0.8133
vn -0.9613 0.2675 0.0658
vn -0.8170 -0.3667 0.4450
vn -0.5224 -0.7677 -0.3710
vn -0.7214 -0.3664 0.5876
vn -0.4239 -0.8982 -0.1161
vn -0.6081 -0.3123 0.7299
vn -0.6186 0.5687 -0.5421
vn -0.1770 0.7048 0.6870
vn -0.6376 0.7316 -0.2414
vn -0.8910 0.3575 0.2797
vn -0.5254 0.0022 0.8509
vn -0.5017 0.4729 0.7243
vn 0.1134 0.5974 0.7939
vn 0.3141 0.5647 0.7632
vn -0.1395 0.6618 0.7366
vn 0.5796 0.6048 0.5461
vn -0.1729 0.9665 0.1895
vn 0.4660 0.2256 0.8555
vn -0.0934 0.7292 0.6779
vn 0.0901 0.7749 0.6256
vn -0.0831 0.9018 0.4241
vn 0.3821 0.8198 0.4266
vn 0.0109 0.9934 -0.1142
vn -0.7249 0.3681 0.5822
vn -0.1373 0.9830 0.1216
vn 0.3996 -0.0677 0.9142
vn 0.4174 -0.2832 0.8635
vn 0.7479 0.6606 0.0651
vn 0.0126 0.9936 -0.1124
vn 0.7865 0.5991 -0.1500
vn 0.7585 -0.0784 -0.6470
vn 0.6520 0.6424 -0.4029
vn 0.5415 0.8032 -0.2481
vn 0.4977 0.0078 0.8673
vn 0.5376 -0.1294 0.8332
vn 0.5513 -0.8341 0.0178
vn 0.1580 -0.7858 -0.5979
vn -0.9540 -0.0555 0.2946
vn -0.7972 -0.4847 -0.3599
vn -0.6426 -0.6769 -0.3591
vn -0.7602 0.2268 0.6088
vn -0.7745 0.5031 0.3835
vn -0.8539 0.1163 0.5074
vn -0.8939 0.2888 0.3428
vn -0.6205 0.7841 0.0173
vn -0.7519 -0.2772 0.5982
vn -0.2733 -0.3643 0.8903
vn -0.8742 -0.0413 0.4838
vn -0.7661 -0.1072 0.6337
vn -0.4840 -0.6301 0.6071
vn -0.5783 0.2903 0.7624
vn -0.4710 0.3537 0.8081
vn -0.6179 0.3505 0.7038
vn -0.6362 0.7639 -0.1081
vn -0.8451 -0.1667 0.5079
vn -0.1651 0.3036 0.9384
vn -0.6618 -0.0655 0.7469
vn 0.1135 -0.3971 0.9107
vn -0.1344 0.4355 0.8901
vn -0.1536 0.6023 0.7833
vn 0.5441 0.7450 0.3859
vn -0.7263 0.2513 0.6398
vn -0.1909 0.9492 0.2502
vn 0.2632 0.4886 0.8318
vn 0.0326 0.6296 0.7762
vn -0.2205 0.9707 0.0951
vn 0.0609 0.5025 0.8624
vn -0.1867 0.2279 0.9556
vn -0.2251 -0.4175 0.8804
vn 0.2800 -0.4802 0.8313
vn 0.4054 0.5468 0.7326
vn -0.8193 0.4176 0.3928
vn 0.1632 0.6318 0.7578
vn 0.8699 0.3573 0.3401
vn 0.8306 0.5532 0.0631
vn 0.5133 0.6428 0.5686
vn 0.7072 0.6920 -0.1454
vn 0.1865 0.9385 0.2906
vn 0.8412 0.3784 0.3863
vn 0.7090 0.0804 0.7006
vn 0.8857 0.3642 0.2879
vn 0.6845 0.0792 0.7247
vn 0.6767 -0.4682 0.5682
vn 0.6320 0.2699 0.7265
vn 0.7765 -0.4582 -0.4326
vn 0.9745 0.0686 -0.2138
vn 0.9549 0.1153 -0.2738
vn 0.7833 0.6094 -0.1227
vn 0.8115 0.5606 -0.1646
vn 0.4746 0.7804 -0.4071
vn 0.7476 -0.6642 0.0047
vn 0.5271 -0.0979 0.8441
vn 0.6779 0.7269 -0.1104
vn 0.8399 0.5249 -0.1380
vn 0.2761 -0.3618 -0.8904
vn 0.3844 0.4855 -0.7852
vn 0.3443 -0.5232 -0.7795
vn 0.7643 -0.0005 -0.6448
vn 0.5435 -0.3027 -0.7829
vn 0.8171 -0.1660 -0.5520
vn 0.8758 -0.2540 -0.4104
vn 0.8200 -0.3051 -0.4843
vn 0.0255 -0.5723 -0.8196
vn 0.5845 -0.3068 -0.7512
vn 0.8244 -0.4653 0.3223
vn 0.1080 -0.4764 -0.8726
vn 0.6812 -0.4133 -0.6043
vn -0.6052 -0.4520 -0.6553
vn -0.6956 -0.3621 -0.6205
vn -0.4356 -0.5320 -0.7261
vn 0.1878 -0.5207 -0.8328
vn -0.4937 -0.8685 -0.0456
vn -0.9773 -0.2102 -0.0273
vn -0.3880 -0.6241 -0.6782
vn -0.5716 -0.5495 -0.6093
vn -0.3154 -0.8760 -0.3648
vn 0.1481 -0.9383 0.3126
vn -0.6284 -0.3666 -0.6861
vn -0.8551 -0.3007 -0.4224
vn -0.5676 0.3039 -0.7652
vn -0.6009 -0.3128 -0.7356
vn -0.8518 -0.3926 -0.3467
vn -0.5954 -0.6200 0.5110
vn -0.9789 -0.0313 -0.2021
vn -0.4321 -0.4059 -0.8053
vn -0.0520 -0.0800 -0.9954
vn 0.0056 -0.1841 -0.9829
vn 0.8971 0.1298 -0.4224
vn 0.7885 -0.0148 -0.6149
vn -0.0933 0.5603 -0.8230
vn -0.1286 0.7079 -0.6945
vn -0.9408 -0.2773 -0.1947
vn -0.9019 -0.2016 -0.3820
vn -0.6926 0.6276 -0.3555
vn -0.4591 0.7492 0.4775
vn 0.2761 0.5049 -0.8178
vn 0.8954 0.4435 0.0387
vn -0.8674 -0.0338 0.4965
vn -0.8058 -0.5914 -0.0290
vn -0.2460 -0.8918 0.3798
vn -0.3521 -0.9204 0.1701
vn 0.6180 -0.7629 -0.1901
vn -0.0138 -0.7102 0.7039
vn -0.8348 -0.4813 0.2674
vn 0.5392 -0.8410 -0.0441
vn -0.7842 0.2487 0.5684
vn -0.6755 0.6136 -0.4089
vn -0.9661 -0.0244 -0.2570
vn -0.6100 0.6787 -0.4089
vn -0.8930 0.2305 -0.3866
vn -0.4392 0.5523 -0.7086
vn -0.6330 0.2767 -0.7230
vn -0.8146 -0.2506 -0.5231
vn -0.2447 0.4233 -0.8723
vn -0.6086 0.5642 0.5579
vn 0.8736 0.1533 0.4619
vn 0.6591 -0.1842 0.7291
vn 0.9555 -0.0421 0.2919
vn 0.9565 0.2658 0.1201
vn 0.9754 -0.0850 0.2034
vn 0.7558 -0.4860 0.4388
vn 0.9951 0.0936 -0.0329
vn 0.8524 0.3862 -0.3525
vn 0.9751 -0.1218 0.1852
vn 0.1622 -0.2138 -0.9633
vn 0.0782 -0.1831 -0.9800
vn 0.9903 -0.0915 0.1047
vn 0.1558 -0.9865 -0.0508
vn -0.9182 -0.3125 -0.2433
vn -0.9858 -0.1300 -0.1059
vn -0.2584 -0.2259 0.9393
vn -0.1325 -0.0160 0.9910
vn 0.2533 -0.8380 0.4833
vn 0.3598 -0.8818 0.3049
vn 0.0959 0.0464 0.9943
vn 0.2994 -0.8969 0.3255
vn -0.0962 -0.9570 0.2735
vn -0.3880 -0.9033 0.1831
vn -0.6222 -0.4391 0.6481
vn -0.4936 0.4928 0.7166
vn 0.2098 0.8425 0.4962
vn 0.3039 0.8256 0.4754
vn 0.2790 0.3220 0.9047
vn 0.3581 -0.1779 0.9166
vn -0.3481 -0.2069 0.9143
vn -0.2691 0.5131 0.8150
vn -0.3522 -0.0514 0.9345
vn 0.3502 -0.1456 0.9253
vn 0.7266 -0.4713 0.5000
vn 0.7095 -0.5275 0.4673
vn 0.5879 -0.6892 0.4235
vn -0.1871 -0.9009 0.3916
vn -0.0542 0.9397 0.3376
vn 0.1322 -0.8723 -0.4708
vn 0.5859 -0.7612 -0.2780
vn 0.5207 -0.8151 -0.2541
vn 0.2025 -0.7228 -0.6607
vn 0.1867 -0.7771 -0.6010
vn 0.1172 -0.9118 -0.3935
vn 0.0420 -0.9590 -0.2804
vn 0.0194 -0.9868 -0.1610
vn -0.0246 -0.2231 0.9745
vn -0.9777 -0.1313 -0.1639
vn -0.9258 -0.2712 -0.2633
vn -0.2956 -0.3333 0.8953
vn 0.1599 -0.9644 -0.2106
vn 0.1301 -0.1524 -0.9797
vn 0.3056 -0.2098 -0.9288
vn 0.9583 -0.2795 0.0593
vn 0.9231 -0.2315 0.3070
vn -0.5503 -0.8085 0.2085
vn -0.1514 -0.4029 -0.9026
vn -0.0339 -0.7738 -0.6326
vn -0.8971 -0.1747 -0.4058
vn -0.8843 -0.1621 -0.4378
vn -0.1114 -0.8986 -0.4243
vn 0.6804 -0.6366 -0.3630
vn -0.2354 -0.9407 -0.2445
vn -0.8825 -0.1228 -0.4541
vn 0.5849 -0.8074 -0.0779
vn -0.6141 0.7826 0.1017
vn -0.6634 0.6971 0.2720
vn 0.3934 0.7444 0.5395
vn -0.5456 0.8377 -0.0242
vn -0.9207 -0.0921 -0.3792
vn -0.7040 0.5711 0.4222
vn 0.3909 0.7318 0.5583
vn -0.1373 0.9186 -0.3705
vn 0.3549 0.6989 0.6209
vn 0.9725 0.2135 -0.0930
vn 0.6344 -0.2071 -0.7447
vn 0.9906 -0.0604 0.1229
vn 0.9178 -0.1872 0.3503
vn 0.4434 -0.8784 0.1781
vn 0.8067 -0.2194 0.5487
vn 0.3888 0.7617 0.5182
vn 0.3914 0.7936 0.4658
vn 0.6285 -0.1558 0.7621
vn 0.1655 -0.8356 0.5238
vn -0.6129 0.2761 0.7403
vn -0.4777 0.8661 -0.1476
vn -0.8982 -0.0893 -0.4304
vn -0.4929 -0.8701 0.0058
vn -0.4450 -0.7943 0.4136
vn -0.2216 -0.9437 0.2456
vn -0.2774 -0.9139 0.2964
vn -0.5407 -0.6758 0.5009
vn -0.0888 -0.9800 0.1780
vn -0.0365 -0.9905 0.1329
vn -0.7523 -0.2384 0.6142
vn -0.7102 -0.3302 0.6217
vn -0.1976 0.9703 0.1394
vn -0.1795 0.9408 0.2874
vn -0.2387 0.9683 0.0738
vn -0.5463 0.8306 -0.1074
vn -0.7376 0.6286 -0.2467
vn 0.7192 0.0382 -0.6937
vn 0.6576 0.0159 -0.7532
vn 0.7586 -0.0266 -0.6510
vn 0.8136 -0.0034 -0.5814
vn 0.5738 0.1059 -0.8121
vn 0.6568 0.4844 -0.5778
vn 0.4754 0.5032 -0.7217
vn 0.2771 0.4077 -0.8701
vn 0.8039 0.2593 -0.5353
vn 0.5881 0.0146 -0.8086
vn 0.4601 -0.0092 -0.8878
vn 0.5038 -0.0795 -0.8602
vn 0.5048 0.0618 -0.8610
vn 0.2806 0.1417 -0.9493
vn 0.1870 0.0678 -0.9800
vn 0.5768 -0.1381 -0.8052
vn 0.3192 -0.6844 -0.6555
vn 0.1820 -0.6321 -0.7532
vn -0.4214 -0.9058 0.0434
vn 0.4121 -0.7441 -0.5258
vn 0.5892 -0.6426 -0.4899
vn 0.6469 -0.0550 -0.7606
vn 0.7174 -0.6082 -0.3399
vn 0.1709 -0.8582 0.4841
vn 0.2973 -0.7885 0.5384
vn 0.7828 -0.5734 -0.2417
vn 0.5612 -0.5647 0.6050
vn 0.8621 -0.4160 -0.2892
vn 0.0643 -0.9153 0.3976
vn 0.7630 0.0508 -0.6444
vn -0.3124 -0.9401 0.1365
vn -0.1812 -0.9084 0.3769
vn 0.9562 0.1873 0.2251
vn 0.9591 0.1418 -0.2448
vn 0.1492 -0.1412 -0.9787
vn -0.1297 -0.2286 -0.9648
vn -0.1933 -0.2201 -0.9561
vn 0.1731 -0.0628 -0.9829
vn -0.4450 -0.1954 -0.8740
vn -0.7984 -0.5882 -0.1285
vn 0.0123 -0.5192 -0.8546
vn -0.5322 -0.8438 -0.0686
vn -0.1008 -0.6711 0.7345
vn 0.2301 -0.4113 0.8820
vn -0.2809 -0.9334 -0.2231
vn 0.7300 -0.4809 0.4857
vn -0.5929 -0.0198 0.8050
vn 0.3514 -0.8723 0.3401
vn 0.1946 0.8688 0.4553
vn 0.9684 0.2097 -0.1349
vn 0.5231 -0.1235 0.8432
vn 0.9626 0.2228 0.1542
vn -0.1297 0.9726 0.1929
vn -0.1438 0.9858 0.0869
vn -0.8191 0.0753 0.5687
vn 0.1711 0.3434 0.9235
vn 0.2677 -0.6771 0.6855
vn -0.7803 -0.3902 0.4888
vn -0.6328 -0.5983 0.4916
vn -0.0354 -0.7025 0.7108
vn -0.7055 -0.5335 0.4666
vn 0.0122 -0.7474 0.6643
vn 0.4028 -0.1528 0.9025
vn 0.1690 0.2804 0.9449
vn 0.1852 0.3879 0.9029
vn -0.2820 0.3366 0.8984
vn -0.3388 0.3178 0.8856
vn -0.1125 0.3487 0.9305
vn -0.3268 0.3846 0.8633
vn -0.0877 0.5906 0.8022
vn 0.1662 0.5273 0.8333
vn -0.2690 0.3611 0.8929
vn 0.0566 0.4223 0.9047
vn 0.2610 0.3705 0.8914
vn 0.4610 0.3768 0.8034
vn 0.5771 0.2826 0.7662
vn 0.5768 0.2944 0.7620
vn -0.4126 0.6352 0.6530
vn -0.5330 0.3564 0.7674
vn -0.7316 0.4060 0.5477
vn -0.6471 0.5711 0.5051
vn -0.9095 0.3290 0.2540
vn -0.8668 0.4294 0.2535
vn -0.8419 0.4607 0.2811
vn -0.8956 0.4058 0.1821
vn -0.8090 0.5561 0.1907
vn -0.9621 0.2408 0.1280
vn -0.9731 0.2207 0.0666
vn -0.9132 0.3663 0.1786
vn -0.9951 0.0593 0.0794
vn -0.9735 0.2256 -0.0368
vn -0.8418 0.5388 0.0335
vn -0.7997 0.5950 0.0809
vn -0.7662 0.6189 -0.1730
vn -0.7595 0.5562 -0.3373
vn -0.8249 0.3277 -0.4605
vn -0.9611 0.1587 -0.2259
vn -0.9800 0.1880 0.0650
vn -0.9210 0.3539 0.1627
vn -0.9984 0.0564 -0.0076
vn -0.9804 -0.0881 0.1764
vn -0.6905 -0.7215 0.0524
vn -0.9176 -0.3158 0.2413
vn -0.7774 -0.5785 0.2468
vn -0.7838 -0.1474 0.6033
vn -0.6179 -0.6500 0.4424
vn -0.6391 -0.7685 0.0321
vn -0.9740 -0.2201 -0.0537
vn -0.8861 -0.2839 0.3663
vn -0.6723 -0.1002 0.7335
vn -0.4826 -0.0042 0.8758
vn -0.6934 -0.5362 0.4813
vn -0.4872 0.0618 0.8711
vn -0.8271 -0.3660 0.4265
vn -0.5806 0.3260 0.7460
vn -0.7518 -0.5462 0.3693
vn -0.7612 -0.6257 0.1705
vn -0.8676 0.4942 0.0551
vn -0.7479 -0.2177 0.6271
vn -0.4606 -0.2027 0.8642
vn -0.9076 -0.1405 0.3957
vn -0.7547 0.2927 0.5872
vn -0.3869 0.3361 0.8587
vn 0.0398 -0.4798 0.8765
vn 0.4452 0.6819 0.5804
vn 0.9630 -0.1089 0.2464
vn 0.4391 -0.8614 -0.2552
vn 0.6003 0.3753 -0.7062
vn 0.1058 -0.9928 0.0555
vn 0.1111 -0.7920 0.6003
vn -0.1205 -0.9648 0.2338
vn -0.0573 -0.9589 -0.2778
vn 0.0212 -0.1849 0.9825
vn 0.0923 -0.9635 -0.2512
vn 0.0201 -0.9881 -0.1527
vn -0.4446 0.3751 0.8134
vn -0.3654 0.1014 0.9253
vn -0.4104 -0.0859 0.9078
vn 0.1913 -0.9657 -0.1758
vn -0.6404 0.7610 0.1037
vn -0.6838 0.6347 0.3599
vn -0.5773 0.8133 0.0719
vn -0.6809 0.7176 0.1465
vn -0.6345 0.7515 0.1810
vn -0.4197 0.8705 0.2572
vn -0.0179 0.4398 0.8979
vn -0.4239 0.8745 0.2357
vn -0.4552 0.8684 0.1965
vn -0.5916 0.7276 0.3472
vn -0.1535 0.8187 0.5533
vn -0.0991 0.9035 0.4169
vn 0.2839 0.6792 0.6769
vn 0.4347 0.6730 0.5984
vn 0.4813 0.6596 0.5773
vn -0.0722 0.9352 0.3466
vn 0.4881 0.7048 0.5148
vn 0.4648 0.7537 0.4646
vn 0.3430 0.5641 0.7511
vn -0.1849 0.3679 0.9113
vn -0.6461 -0.1371 0.7509
vn -0.5393 -0.7523 0.3784
vn -0.2725 0.1695 0.9471
vn -0.1673 -0.9854 -0.0330
vn 0.7238 0.1837 0.6651
vn 0.5146 0.5976 0.6149
vn 0.4936 0.4020 0.7712
vn 0.4680 0.5473 0.6938
vn 0.5713 0.5676 0.5929
vn -0.1744 0.8973 0.4056
vn 0.0936 0.6376 0.7646
vn 0.8516 0.3799 0.3612
vn 0.5714 0.7437 0.3470
vn 0.5080 0.8078 0.2990
vn 0.7433 0.6309 0.2225
vn -0.0164 0.9995 0.0253
vn 0.1652 0.9007 0.4018
vn 0.1323 0.6117 0.7799
vn -0.4089 0.6547 0.6358
vn 0.3567 0.9327 -0.0530
vn 0.1029 0.9739 -0.2021
vn 0.1142 0.9929 0.0342
vn 0.5039 0.8544 0.1269
vn 0.3146 0.9036 0.2908
vn 0.7315 0.6452 0.2205
vn 0.2935 0.9550 0.0422
vn -0.2156 0.9725 -0.0877
vn 0.3721 0.7318 -0.5709
vn -0.3399 0.9098 -0.2380
vn -0.4497 0.8768 -0.1701
vn -0.4498 0.6772 -0.5823
vn -0.5268 0.8428 0.1101
vn -0.6072 0.7863 0.1141
vn -0.7360 0.6482 0.1952
vn 0.8358 -0.4730 -0.2787
vn -0.5327 0.8373 0.1231
vn -0.9758 0.2176 0.0237
vn -0.8274 0.4793 0.2926
vn -0.9764 0.1690 0.1344
vn -0.9025 0.2359 0.3603
vn -0.6990 0.3522 0.6223
vn -0.6030 0.7522 0.2655
vn -0.9854 0.1576 0.0650
vn -0.7907 0.5500 0.2689
vn -0.1856 0.9810 0.0573
vn -0.1934 0.9792 -0.0609
vn -0.5231 0.8360 -0.1658
vn -0.5841 0.7528 -0.3036
vn -0.8027 0.5857 -0.1119
vn -0.9691 0.2199 0.1116
vn -0.4515 0.2115 0.8669
vn -0.3282 0.5459 0.7709
vn 0.1247 0.2514 0.9598
vn -0.2158 0.7221 0.6572
vn 0.0717 0.8901 0.4500
vn 0.2702 0.4572 0.8474
vn -0.7847 -0.2408 -0.5712
vn -0.2397 0.9638 0.1163
vn -0.1355 0.9853 0.1042
vn 0.8030 0.3900 0.4507
vn -0.8024 -0.2892 -0.5220
vn -0.0238 0.9772 0.2111
vn 0.8380 0.2966 0.4580
vn 0.5567 -0.8305 0.0203
vn 0.5658 -0.8236 -0.0391
vn -0.7339 0.5913 -0.3342
vn -0.2929 -0.6649 -0.6870
vn 0.4495 0.4910 -0.7462
vn 0.6140 -0.7755 -0.1471
vn 0.4990 0.7736 0.3906
vn 0.9517 -0.1415 0.2725
vn 0.8976 0.1767 0.4038
vn 0.9294 -0.3691 -0.0010
vn -0.0552 -0.9868 -0.1521
vn -0.0245 -0.1256 -0.9918
vn -0.9845 -0.0412 -0.1703
vn -0.2204 -0.2106 0.9524
vn 0.9621 -0.2727 -0.0031
vn -0.0944 -0.0123 0.9955
vn -0.9913 0.1317 -0.0008
vn -0.0445 -0.0327 -0.9985
vn 0.7111 -0.5099 -0.4842
vn -0.4135 -0.9101 -0.0268
vn -0.5311 -0.0742 -0.8440
vn -0.9271 0.1599 0.3389
vn 0.2679 -0.2750 0.9234
vn 0.6020 -0.1905 0.7754
vn 0.8741 -0.4418 -0.2021
vn -0.9194 0.2222 0.3244
vn -0.2384 -0.1575 -0.9583
vn 0.7922 -0.3857 -0.4729
vn -0.2135 -0.9720 0.0984
vn -0.4845 -0.2099 -0.8492
vn -0.9503 -0.0205 0.3106
vn 0.2517 -0.1917 0.9486
vn 0.9635 -0.1825 -0.1959
vn 0.5614 -0.0503 0.8260
vn -0.1926 -0.1809 -0.9645
vn -0.9225 -0.0613 0.3811
vn 0.8194 -0.3479 -0.4555
vn -0.3364 -0.9002 -0.2766
vn -0.3860 0.1085 -0.9161
vn -0.9776 -0.0299 0.2083
vn 0.1704 -0.5188 0.8377
vn 0.4172 -0.3163 0.8520
vn 0.9049 -0.1824 -0.3846
vn -0.9201 0.0309 0.3904
vn -0.4186 0.2329 -0.8778
vn 0.7290 -0.6436 -0.2332
vn -0.5813 -0.8132 -0.0273
vn -0.3201 -0.1329 -0.9380
vn -0.9435 0.2829 0.1726
vn 0.0580 -0.1965 0.9788
vn 0.2730 -0.1106 0.9556
vn -0.9152 0.2412 0.3230
vn 0.8728 -0.4333 -0.2246
vn -0.3553 0.0031 -0.9347
vn 0.2270 -0.3554 -0.9067
vn -0.8690 -0.0500 -0.4922
vn -0.9392 0.0746 -0.3352
vn -0.2002 -0.9792 -0.0323
vn -0.4686 -0.0885 0.8790
vn 0.8064 -0.4704 0.3584
vn -0.2219 0.0726 0.9724
vn 0.9057 -0.3754 0.1970
vn 0.3182 -0.4211 -0.8494
vn -0.4043 -0.3359 0.8507
vn 0.1634 -0.9756 -0.1466
vn 0.9258 -0.2444 0.2885
vn -0.1959 -0.0685 0.9782
vn 0.9770 -0.1734 0.1243
vn -0.8072 -0.3026 -0.5068
vn -0.8129 -0.2216 -0.5385
vn 0.3308 -0.2430 -0.9119
vn 0.4801 -0.2920 -0.8271
vn 0.4184 -0.2424 -0.8753
vn 0.5099 -0.2964 -0.8075
vn 0.9165 -0.3083 0.2549
vn 0.7713 -0.2258 0.5951
vn 0.2010 -0.9707 -0.1314
vn -0.7723 -0.3842 -0.5059
vn -0.8377 -0.3316 -0.4338
vn -0.3525 -0.3601 0.8638
vn -0.4808 -0.3891 0.7858
vn -0.8449 -0.2621 -0.4663
vn -0.9606 -0.1108 -0.2549
vn -0.9945 0.0442 -0.0952
vn -0.9832 0.1593 -0.0892
vn -0.5539 -0.0817 -0.8286
vn -0.5950 0.1769 -0.7840
vn -0.5108 -0.1910 -0.8382
vn -0.2152 -0.4257 -0.8789
vn -0.9895 -0.0774 -0.1218
vn -0.9987 -0.0489 -0.0161
vn -0.8448 0.5176 0.1359
vn -0.8525 0.4898 0.1825
vn -0.8822 -0.1057 0.4589
vn -0.7612 0.3903 0.5179
vn -0.8785 -0.0840 0.4702
vn -0.9157 -0.3896 -0.0986
vn -0.8881 -0.4391 -0.1357
vn -0.7858 -0.6130 -0.0823
vn -0.6599 -0.6305 -0.4086
vn -0.6520 -0.6420 -0.4034
vn -0.8000 0.0440 0.5983
vn -0.1406 -0.8375 -0.5280
vn -0.3075 -0.8633 -0.4001
vn -0.7214 -0.6032 -0.3401
vn -0.3075 -0.7807 -0.5440
vn -0.3333 -0.7141 -0.6157
vn -0.9657 -0.2595 0.0034
vn -0.0052 -0.1834 -0.9830
vn 0.1424 -0.3139 -0.9387
vn -0.9020 -0.4003 -0.1614
vn -0.9908 -0.1195 -0.0628
vn 0.1833 -0.9829 -0.0160
vn -0.2458 -0.2131 0.9456
vn 0.9568 -0.1868 0.2228
vn 0.9939 -0.0014 0.1106
vn -0.2031 0.0523 0.9778
vn -0.9587 -0.0776 0.2735
vn 0.0924 -0.1439 -0.9853
vn 0.2492 0.0028 -0.9684
vn -0.7480 0.0188 0.6634
vn -0.4829 0.6927 -0.5357
vn 0.8737 0.4820 -0.0658
vn 0.2035 0.5317 0.8221
vn 0.4702 0.2624 0.8427
vn 0.9527 0.2847 0.1067
vn -0.9954 -0.0341 0.0900
vn 0.1455 -0.1871 -0.9715
vn 0.3723 -0.1965 -0.9071
vn -0.8128 0.0561 0.5799
vn -0.4159 0.6787 -0.6053
vn 0.7954 0.5868 -0.1517
vn 0.8778 0.4700 0.0928
vn 0.0844 0.7082 0.7009
vn 0.3592 0.5725 0.7370
vn -0.8711 0.4802 0.1023
vn -0.0400 0.1694 -0.9847
vn -0.0442 0.0607 -0.9972
vn -0.9512 0.2676 0.1534
vn -0.2468 0.8238 -0.5103
vn 0.8935 0.4395 -0.0919
vn 0.1392 0.5478 0.8250
vn 0.0867 0.2239 0.9707
vn 0.9894 0.1253 -0.0732
vn -0.9487 0.3055 0.0818
vn -0.0297 -0.0672 -0.9973
vn 0.0013 -0.0679 -0.9977
vn -0.9085 0.3401 0.2428
vn -0.2184 0.8824 -0.4166
vn 0.9545 0.2150 -0.2067
vn 0.9998 0.0201 -0.0031
vn 0.2396 0.2632 0.9345
vn 0.3489 0.4666 0.8127
vn 0.6473 -0.2304 -0.7266
vn 0.6654 -0.3022 -0.6826
vn -0.9305 0.1445 -0.3365
vn -0.7454 0.2277 -0.6265
vn 0.2517 0.8356 -0.4882
vn 0.8450 0.2014 0.4954
vn -0.3855 0.5209 0.7616
vn -0.6122 0.2512 0.7497
vn 0.5939 -0.0129 0.8045
vn 0.6447 -0.4677 -0.6047
vn 0.6773 -0.4253 -0.6003
vn -0.8934 0.0836 -0.4413
vn -0.7405 0.1159 -0.6620
vn 0.3481 0.6721 -0.6535
vn 0.7961 0.2864 0.5330
vn -0.4346 0.6213 0.6520
vn -0.5598 0.3953 0.7282
vn 0.6289 0.0871 0.7726
vn 0.7119 -0.3580 -0.6042
vn 0.6694 -0.4459 -0.5942
vn -0.9094 0.0900 -0.4061
vn -0.7270 -0.0354 -0.6857
vn 0.1797 0.7513 -0.6350
vn 0.8239 0.2485 0.5094
vn -0.4162 0.6241 0.6613
vn -0.5972 0.4467 0.6662
vn 0.5771 0.1947 0.7931
vn -0.7332 -0.0518 -0.6780
vn 0.6821 -0.3759 -0.6273
vn 0.7055 -0.4059 -0.5810
vn -0.8861 0.0905 -0.4546
vn 0.1721 0.7508 -0.6377
vn 0.8334 0.2441 0.4958
vn -0.4261 0.6101 0.6680
vn -0.6274 0.4408 0.6419
vn 0.5332 0.2296 0.8142
vn 0.6578 -0.4172 -0.6271
vn 0.6704 -0.4233 -0.6094
vn -0.9213 0.0190 -0.3885
vn -0.7686 -0.0015 -0.6397
vn 0.1960 0.6874 -0.6993
vn 0.8480 0.2840 0.4474
vn -0.3921 0.6661 0.6345
vn -0.5701 0.3949 0.7204
vn 0.6301 0.1623 0.7594
vn 0.5425 -0.4257 -0.7242
vn 0.5714 -0.6530 -0.4971
vn -0.9354 0.1568 -0.3169
vn -0.7413 0.0038 -0.6712
vn 0.2092 0.8293 -0.5182
vn 0.9134 0.1939 0.3580
vn -0.2979 0.7354 0.6086
vn -0.4201 0.6786 0.6025
vn 0.6841 0.3516 0.6390
vn -0.7790 0.3404 -0.5266
vn 0.5263 -0.0138 -0.8502
vn 0.5708 0.0225 -0.8208
vn 0.3464 0.9273 -0.1419
vn 0.8705 -0.0026 0.4922
vn -0.3804 0.3353 0.8619
vn -0.8432 0.2258 -0.4879
vn -0.5071 0.1452 0.8495
vn 0.8599 -0.0419 0.5087
vn 0.7048 0.0452 -0.7080
vn 0.7884 -0.0805 -0.6099
vn -0.6974 0.2492 -0.6719
vn -0.5467 0.5395 -0.6403
vn 0.5715 0.8140 0.1036
vn 0.7123 -0.0848 0.6968
vn 0.6289 -0.0319 0.7768
vn -0.7312 0.2103 0.6490
vn -0.5307 0.3170 0.7860
vn -0.7673 -0.1089 -0.6319
vn 0.4976 0.5909 -0.6351
vn 0.4234 0.6806 -0.5979
vn -0.5703 -0.1319 -0.8108
vn -0.2422 0.9692 -0.0454
vn 0.5171 0.3551 0.7788
vn -0.6066 -0.2404 0.7578
vn -0.4295 -0.6165 0.6599
vn 0.6686 0.4580 0.5858
vn 0.5256 0.3466 -0.7769
vn 0.5625 0.5096 -0.6510
vn -0.7483 0.0981 -0.6561
vn -0.8242 0.3384 -0.4541
vn 0.3843 0.9232 -0.0025
vn 0.8031 0.0501 0.5937
vn 0.8821 0.1724 0.4385
vn -0.4842 0.0519 0.8734
vn -0.4760 -0.4021 0.7821
vn -0.6126 0.3947 -0.6848
vn 0.7294 0.2458 -0.6385
vn 0.8024 0.2743 -0.5301
vn -0.6447 0.1370 -0.7521
vn 0.3550 0.9185 0.1744
vn 0.6661 -0.0257 0.7454
vn -0.6836 0.1540 0.7134
vn -0.7158 -0.1764 0.6757
vn 0.7078 0.0049 0.7064
vn 0.6029 -0.7910 0.1038
vn 0.6876 -0.6691 0.2822
vn 0.5349 -0.7151 0.4500
vn 0.0912 0.8582 0.5052
vn -0.5533 0.3430 0.7591
vn 0.4101 0.8744 0.2591
vn 0.0381 0.9989 0.0289
vn 0.1446 0.9839 -0.1052
vn -0.2626 0.3986 0.8787
vn 0.5031 -0.6362 -0.5850
vn 0.4931 -0.6648 -0.5611
vn 0.2868 -0.9203 -0.2659
vn 0.4889 -0.6975 -0.5239
vn 0.2617 0.5383 0.8011
vn 0.3730 -0.2843 -0.8832
vn 0.2557 -0.2592 -0.9314
vn 0.3389 -0.2287 -0.9126
vn -0.4303 -0.2908 0.8546
vn 0.0230 -0.9611 0.2753
vn 0.6224 -0.6791 -0.3892
vn 0.6882 -0.7237 0.0518
vn 0.9998 -0.0194 -0.0106
vn 0.5522 -0.5549 -0.6222
vn 0.2614 -0.4294 -0.8645
vn 0.2110 -0.6914 -0.6910
vn 0.5556 -0.5990 -0.5766
vn 0.5046 -0.6152 -0.6057
vn 0.5885 0.2500 -0.7689
vn 0.2152 0.4647 -0.8589
vn -0.0797 0.6510 -0.7549
vn -0.3313 0.7198 -0.6100
vn -0.0544 -0.3884 -0.9199
vn -0.1971 -0.6903 -0.6962
vn 0.4871 -0.1658 -0.8575
vn 0.0599 -0.3861 -0.9205
vn -0.1141 -0.8041 -0.5834
vn -0.6733 0.6450 -0.3615
vn -0.7667 0.6209 0.1631
vn -0.8354 0.3082 0.4551
vn -0.8753 0.4743 -0.0941
vn -0.8821 0.4295 0.1933
vn -0.7473 0.3725 0.5502
vn -0.8256 -0.0104 0.5641
vn -0.8282 0.3258 -0.4559
vn -0.4504 0.2949 -0.8427
vn -0.7329 0.1415 -0.6654
vn -0.4645 -0.4109 -0.7845
vn -0.1640 -0.0855 -0.9827
vn 0.1365 -0.0697 -0.9882
vn 0.3201 -0.6965 -0.6422
vn -0.1212 0.2501 -0.9606
vn -0.4612 0.2328 -0.8562
vn -0.0481 0.1388 -0.9891
vn -0.0853 0.2804 -0.9561
vn -0.2165 -0.6645 -0.7153
vn 0.0361 -0.6860 -0.7267
vn -0.1335 0.1526 -0.9792
vn -0.3628 0.6645 -0.6533
vn -0.3492 0.0332 -0.9365
vn -0.3399 0.7258 -0.5980
vn -0.3782 0.8865 -0.2665
vn -0.3468 0.9290 -0.1292
vn -0.3584 0.9311 0.0674
vn -0.2208 0.9604 0.1702
vn -0.3302 0.9438 -0.0155
vn -0.2289 -0.7636 -0.6038
vn 0.0729 -0.7703 -0.6336
vn -0.0902 -0.6143 -0.7839
vn 0.7250 -0.4990 0.4747
vn 0.3863 -0.9213 -0.0440
vn 0.5945 -0.5242 0.6097
vn -0.1319 -0.9871 0.0908
vn -0.0006 -0.7046 0.7096
vn 0.3033 -0.7042 -0.6420
vn 0.1976 -0.7299 0.6544
vn 0.4041 0.2220 -0.8874
vn 0.5339 0.6114 -0.5841
vn -0.0952 -0.9856 0.1399
vn 0.1260 -0.9914 0.0366
vn 0.6460 -0.5105 0.5675
vn 0.5756 -0.6244 0.5279
vn -0.4733 -0.8452 0.2484
vn 0.0987 -0.7545 0.6488
vn -0.8654 -0.4035 0.2971
vn -0.6982 -0.5966 -0.3957
vn -0.3172 -0.6985 -0.6415
vn -0.5324 -0.8434 0.0726
vn -0.7924 -0.5440 -0.2760
vn -0.8518 -0.3556 -0.3847
vn -0.8575 -0.4050 0.3172
vn -0.8802 -0.4708 0.0592
vn -0.6804 -0.7317 -0.0406
vn -0.2576 -0.8359 -0.4847
vn -0.3769 0.5167 -0.7687
vn -0.3257 0.7333 -0.5968
vn -0.2614 0.9165 -0.3028
vn -0.4311 0.8542 -0.2906
vn -0.1418 0.9624 0.2317
vn -0.3645 0.9295 -0.0566
vn -0.1709 0.9850 0.0245
vn -0.3907 0.8743 -0.2881
vn -0.2031 0.9575 -0.2046
vn -0.2852 0.9584 -0.0106
vn -0.7147 0.6985 -0.0359
vn 0.1840 0.7226 0.6663
vn -0.1278 0.9653 0.2279
vn 0.0964 0.7480 0.6567
vn -0.6332 0.7508 0.1881
vn -0.0525 0.5819 0.8116
vn 0.4653 0.1473 0.8728
vn 0.3824 0.3111 0.8700
vn 0.2826 0.5299 0.7995
vn 0.2830 0.0561 0.9575
vn 0.3088 0.6798 0.6653
vn 0.5276 0.1657 0.8332
vn -0.1928 0.9705 0.1448
vn 0.3719 0.0349 0.9276
vn 0.5889 0.1067 0.8011
vn -0.4118 0.9104 -0.0395
vn 0.0223 0.2383 0.9709
vn 0.3069 0.1822 0.9342
vn -0.2775 0.5669 0.7756
vn -0.2401 0.4996 0.8323
vn 0.4974 0.3411 0.7977
vn 0.6239 0.0455 0.7802
vn 0.4923 0.3565 0.7941
vn 0.9214 -0.0980 -0.3759
vn 0.9010 -0.1763 -0.3964
vn 0.8978 -0.0466 -0.4378
vn -0.6503 0.5315 -0.5428
vn -0.7504 0.6170 -0.2369
vn -0.7688 0.5621 -0.3049
vn -0.7905 0.6048 -0.0967
vn -0.8137 0.5571 0.1660
vn -0.8059 0.5879 0.0701
vn -0.5227 0.6814 0.5123
vn -0.0951 0.3060 0.9473
vn 0.9536 0.2129 0.2128
vn 0.9666 0.1300 -0.2207
vn 0.9849 0.1228 -0.1217
vn 0.4872 0.5332 -0.6916
vn 0.7394 0.2010 -0.6426
vn -0.0735 -0.0269 -0.9969
vn -0.1019 0.2878 -0.9522
vn -0.0676 0.5929 -0.8025
vn -0.8874 -0.4076 0.2152
vn -0.8827 0.3111 0.3523
vn 0.0181 0.6845 -0.7288
vn 0.0556 0.5409 -0.8392
vn 0.1131 0.5246 -0.8438
vn 0.1650 0.5307 -0.8313
vn 0.1768 0.5447 -0.8198
vn 0.1940 0.5690 -0.7991
vn -0.7416 0.4220 -0.5215
vn -0.6207 -0.7786 -0.0924
vn -0.1742 -0.8827 0.4364
vn 0.8537 -0.4455 0.2695
vn 0.5458 0.3047 -0.7805
vn 0.5118 -0.7864 0.3459
vn 0.1681 -0.7105 0.6834
vn -0.6692 0.0487 0.7415
vn -0.6920 0.1415 0.7079
vn -0.7380 0.0717 0.6709
vn -0.6877 -0.0442 0.7247
vn -0.7364 0.1221 0.6654
vn -0.6760 0.0041 0.7369
vn -0.5877 0.0713 0.8059
vn -0.7420 0.2359 0.6276
vn -0.6999 0.2465 0.6704
vn -0.7236 0.1971 0.6615
vn -0.7238 0.1974 0.6611
vn -0.6584 0.2661 0.7040
vn -0.7739 0.2379 0.5870
vn -0.7440 0.2183 0.6315
vn -0.6957 0.2285 0.6810
vn 0.6351 0.2298 0.7374
vn 0.1735 0.8309 0.5286
vn 0.0691 0.7863 0.6140
vn 0.0443 0.8565 0.5143
vn 0.9456 0.2671 -0.1858
vn 0.9378 0.1246 -0.3239
vn 0.8793 0.2879 -0.3794
vn -0.1649 0.4435 0.8810
vn -0.3581 0.3007 0.8839
vn -0.3261 0.5485 0.7699
vn 0.2787 0.8560 0.4354
vn -0.2149 0.8968 0.3868
vn -0.6267 0.7744 0.0864
vn -0.7322 0.6538 -0.1907
vn -0.8241 0.3086 -0.4750
vn -0.7439 0.2135 -0.6333
vn -0.6724 -0.0736 -0.7365
vn 0.6344 0.6193 0.4627
vn 0.5718 0.8202 0.0159
vn 0.8928 0.4482 0.0440
vn 0.9939 0.0632 0.0904
vn 0.7026 -0.0892 -0.7060
vn 0.8331 -0.4271 -0.3514
vn 0.3571 -0.5897 -0.7244
vn 0.4574 -0.1495 -0.8766
vn -0.3852 0.0181 -0.9226
vn 0.0977 -0.0993 -0.9903
vn -0.2639 -0.5027 -0.8232
vn 0.4185 -0.2401 -0.8759
vn 0.8336 -0.1624 -0.5280
vn 0.9367 -0.3498 0.0157
vn 0.5247 0.3766 0.7635
vn 0.0475 0.5460 0.8364
vn -0.4245 0.5379 0.7283
vn -0.7984 0.4294 0.4220
vn -0.9771 0.1763 0.1190
vn 0.4566 0.4341 0.7766
vn 0.1121 0.3673 0.9233
vn 0.8004 0.0507 0.5973
vn 0.6290 0.6257 0.4614
vn 0.7884 0.2306 -0.5703
vn 0.9446 -0.0917 -0.3153
vn 0.4346 -0.0510 -0.8992
vn 0.4643 -0.1215 -0.8773
vn 0.0735 0.1640 0.9837
vn -0.4039 0.3477 0.8461
vn -0.6932 0.2719 0.6675
vn -0.8138 0.3003 0.4975
vn -0.9740 0.2114 -0.0814
vn -0.7046 0.4851 -0.5178
vn -0.6454 0.0431 -0.7627
vn -0.4415 0.0270 -0.8969
vn -0.1579 -0.0771 -0.9844
vn -0.1124 -0.0462 -0.9926
vn -0.8044 0.4090 0.4309
vn -0.0511 -0.2709 -0.9612
vn -0.5549 -0.0996 -0.8259
vn -0.9101 0.0591 -0.4103
vn -0.5851 -0.2551 -0.7698
vn 0.4269 0.1223 -0.8960
vn -0.1914 0.1817 -0.9646
vn 0.2588 0.5064 -0.8226
vn -0.1484 0.4126 -0.8987
vn -0.8060 0.1642 -0.5687
vn -0.4161 0.4028 -0.8153
vn -0.9980 -0.0442 -0.0449
vn -0.8786 0.3499 0.3249
vn -0.7236 -0.1052 0.6821
vn -0.6991 -0.4629 0.5451
vn 0.2118 -0.4427 0.8713
vn 0.1273 -0.1331 0.9829
vn 0.8804 -0.0390 0.4726
vn 0.9523 -0.0953 0.2900
vn -0.8750 0.1879 -0.4463
vn -0.7538 0.5957 -0.2773
vn 0.8808 0.2522 -0.4008
vn 0.9471 0.0320 -0.3192
vn 0.9602 0.1798 -0.2140
vn 0.9640 -0.1851 0.1910
vn 0.8915 0.3750 0.2541
vn 0.4578 0.6776 -0.5756
vn 0.5415 -0.5286 0.6537
vn -0.2166 -0.5790 0.7860
vn 0.1027 -0.4862 0.8678
vn -0.5405 -0.5208 0.6607
vn -0.9933 -0.1116 -0.0296
vn -0.8699 -0.3211 0.3744
vn 0.0448 0.4974 0.8664
vn 0.7515 0.3970 0.5270
vn 0.8489 0.4729 0.2360
vn 0.8093 0.4718 0.3497
vn 0.4752 0.8400 0.2621
vn 0.2044 0.9710 -0.1242
vn -0.3999 -0.3734 0.8370
vn -0.1750 0.2497 0.9524
vn -0.8646 -0.3564 0.3542
vn -0.4622 0.2562 0.8490
vn -0.6912 0.5428 0.4771
vn -0.7284 0.6295 0.2706
vn -0.4628 0.7059 0.5362
vn -0.0604 0.9635 0.2608
vn -0.4744 0.6527 0.5908
vn -0.3985 0.8338 0.3821
vn 0.3125 0.9070 0.2823
vn -0.2378 0.9549 -0.1781
vn -0.2089 0.9117 -0.3537
vn 0.2442 0.7528 -0.6113
vn -0.8672 -0.4265 -0.2571
vn 0.6168 0.2898 -0.7319
vn 0.1345 0.3095 0.9413
vn -0.5431 0.8091 -0.2243
vn -0.6823 -0.1782 0.7090
vn -0.7341 -0.0653 0.6759
vn -0.7076 -0.0864 0.7013
vn -0.6412 -0.1606 0.7504
vn -0.6189 -0.2493 0.7448
vn -0.6200 -0.1457 0.7709
vn -0.6063 -0.1316 0.7842
vn -0.6274 -0.1095 0.7710
vn -0.6772 -0.0670 0.7328
vn -0.7299 -0.0023 0.6836
vn -0.7458 -0.0651 0.6630
vn -0.7390 -0.0633 0.6707
vn -0.7408 -0.1152 0.6617
vn -0.7257 -0.1276 0.6760
vn -0.7175 -0.0263 0.6960
vn -0.7191 -0.0904 0.6890
vn -0.7113 -0.0456 0.7014
vn -0.7224 0.0644 0.6885
vn -0.7065 0.0268 0.7072
vn -0.7000 -0.0120 0.7140
vn -0.7031 -0.0348 0.7102
vn -0.6975 -0.0481 0.7150
vn -0.7052 -0.0619 0.7063
vn -0.7356 0.0266 0.6769
vn -0.7102 -0.1150 0.6945
vn -0.7035 -0.0261 0.7102
vn -0.7123 0.0023 0.7019
vn -0.7334 -0.1029 0.6720
vn -0.7375 -0.0784 0.6708
vn -0.7469 -0.1772 0.6409
vn -0.7385 -0.2948 0.6064
vn -0.7385 -0.3011 0.6033
vn -0.7181 -0.2275 0.6577
vn -0.7302 -0.2576 0.6329
vn -0.7381 -0.1835 0.6492
vn -0.7348 -0.3116 0.6025
vn 0.0085 0.3230 -0.9464
vn -0.2370 0.8887 0.3925
vn -0.0742 0.3298 -0.9411
vn 0.4076 -0.8981 -0.1649
vn 0.6812 -0.7118 -0.1713
vn 0.7201 0.6848 -0.1121
vn -0.3623 0.8502 0.3820
vn 0.2729 0.0996 0.9569
vn 0.0765 -0.1768 0.9813
vn 0.3257 -0.0651 0.9432
vn -0.1033 -0.6435 -0.7584
vn -0.7915 -0.4655 0.3960
vn -0.6587 0.5565 -0.5064
vn 0.3625 0.8197 -0.4434
vn -0.3945 0.5945 0.7007
vn -0.6745 -0.0093 0.7382
vn -0.6583 -0.0942 0.7469
vn -0.6627 -0.1003 0.7421
vn -0.6714 -0.0639 0.7383
vn -0.6853 -0.0372 0.7273
vn -0.6942 0.0236 0.7194
vn -0.6987 -0.0506 0.7136
vn -0.6974 -0.0070 0.7166
vn -0.7209 0.0025 0.6931
vn -0.7125 -0.0661 0.6986
vn -0.7410 -0.0621 0.6686
vn -0.7616 0.0017 0.6480
vn -0.7324 -0.1000 0.6735
vn -0.6940 -0.1305 0.7080
vn -0.6908 -0.0716 0.7195
vn -0.6896 -0.0770 0.7201
vn -0.6761 -0.1080 0.7288
vn -0.6564 -0.1165 0.7454
vn -0.7521 -0.1114 0.6496
vn -0.7575 -0.0916 0.6464
vn -0.7693 -0.0875 0.6328
vn -0.7697 -0.1135 0.6283
vn -0.7495 -0.1548 0.6436
vn -0.7725 -0.1568 0.6154
vn -0.6590 -0.0859 0.7472
vn -0.6700 -0.1701 0.7226
vn -0.6502 -0.2845 0.7045
vn -0.6721 -0.0540 0.7385
vn -0.6899 -0.1470 0.7088
vn -0.6930 -0.1404 0.7071
vn -0.6943 -0.2333 0.6808
vn -0.6825 -0.3516 0.6407
vn -0.6829 -0.3475 0.6426
vn -0.6629 -0.2954 0.6880
vn -0.6941 -0.2564 0.6727
vn -0.6798 -0.3618 0.6380
vn -0.5644 -0.2520 -0.7861
vn -0.9693 -0.0946 0.2268
vn 0.7594 0.0590 0.6480
vn 0.9961 -0.0531 -0.0704
vn 0.8724 -0.4720 -0.1270
vn -0.0224 -0.2089 0.9777
vn 0.5352 -0.4943 0.6850
vn -0.9635 0.0045 -0.2677
vn -0.3639 0.4364 0.8229
vn 0.4851 0.8369 -0.2535
vn -0.6197 -0.2047 -0.7577
vn 0.6195 0.7791 -0.0966
vn -0.7311 0.6410 0.2335
vn -0.2693 -0.2806 0.9213
vn 0.6093 0.5158 0.6023
vn -0.7645 0.0864 0.6388
vn -0.2652 -0.8584 -0.4391
vn 0.1352 -0.8421 0.5222
vn 0.8544 -0.1406 -0.5002
vn -0.0326 0.1472 -0.9886
vn 0.0414 0.1486 -0.9880
vn 0.0362 0.1915 -0.9808
vn 0.3802 0.7179 -0.5832
vn -0.8636 -0.4974 -0.0825
vn -0.6650 -0.6869 -0.2931
vn 0.0476 0.8155 -0.5768
vn 0.5980 0.1369 0.7897
vn 0.4903 0.2132 0.8451
vn -0.0587 0.6999 -0.7118
vn -0.6222 -0.7827 0.0156
vn -0.8893 0.4286 0.1594
vn 0.3825 0.2996 0.8740
vn 0.4710 0.8819 0.0208
vn -0.9777 -0.0048 -0.2101
vn -0.4432 0.3001 0.8447
vn 0.4628 -0.6156 0.6379
vn 0.5111 -0.6387 0.5752
vn -0.8604 0.0094 -0.5095
vn -0.6370 -0.0693 0.7677
vn 0.3047 0.9076 0.2889
vn 0.9433 0.2856 0.1689
vn -0.2472 0.9504 -0.1886
vn -0.9933 0.0601 -0.0991
vn -0.1980 0.9727 0.1215
vn 0.9628 0.2612 0.0698
vn -0.1397 -0.9746 0.1752
vn -0.2090 -0.9744 0.0831
vn -0.9578 0.2197 0.1855
vn 0.1805 -0.1174 0.9765
vn 0.4242 0.8879 -0.1779
vn -0.9406 0.0573 0.3348
vn 0.2347 0.2352 0.9432
vn 0.4452 -0.7996 0.4030
vn -0.4265 0.7790 -0.4597
vn 0.7100 0.6783 0.1892
vn -0.9819 -0.1432 -0.1240
vn -0.9302 -0.2990 -0.2131
vn -0.3761 0.8467 -0.3764
vn -0.4568 0.2334 0.8584
vn 0.7178 0.6300 0.2963
vn 0.1663 -0.6989 0.6956
vn 0.3104 -0.7738 0.5521
vn -0.6994 -0.6526 0.2915
vn -0.1599 0.8937 -0.4191
vn -0.3682 0.4026 0.8381
vn 0.8861 -0.0309 0.4625
vn 0.9003 0.3891 -0.1952
vn -0.4875 0.8409 -0.2353
vn 0.2473 0.3929 0.8857
vn 0.8602 -0.4806 0.1706
vn 0.0961 -0.8449 0.5262
vn -0.9366 0.0326 0.3488
vn 0.9503 0.0200 -0.3107
vn -0.2051 0.9326 -0.2969
vn 0.9450 -0.0430 -0.3243
vn 0.0386 -0.8522 0.5218
vn 0.4076 -0.7730 0.4862
vn 0.3643 0.4090 0.8367
vn 0.2591 0.8997 -0.3513
vn -0.6081 0.0062 -0.7939
vn -0.7495 0.4887 0.4466
vn -0.5206 -0.8327 0.1885
vn 0.1697 0.9841 0.0520
vn 0.6153 0.0558 0.7863
vn 0.4557 0.0270 0.8897
vn -0.6717 0.1671 -0.7218
vn -0.6463 -0.7293 0.2246
vn -0.9121 0.0407 -0.4079
vn -0.8862 0.0797 0.4564
vn -0.5684 -0.5113 0.6446
vn -0.3442 0.7762 0.5282
vn -0.9389 -0.0161 -0.3437
vn -0.0421 -0.7208 -0.6918
vn 0.1686 0.6838 -0.7099
vn 0.9993 -0.0021 -0.0373
vn 0.9995 0.0033 -0.0319
vn 0.9993 0.0003 -0.0378
vn 0.9249 -0.3792 -0.0284
vn -0.7628 -0.1026 0.6385
vn -0.7862 -0.2007 0.5845
vn -0.7780 -0.0853 0.6224
vn -0.7238 -0.0763 0.6858
vn -0.8891 -0.4321 0.1508
vn -0.4463 -0.8076 -0.3855
vn -0.9914 -0.0313 -0.1269
vn -0.4588 -0.6358 -0.6207
vn 0.7601 -0.4388 0.4792
vn -0.0504 0.0461 0.9977
vn 0.5301 -0.6079 0.5912
vn 0.0082 -0.8207 -0.5713
vn 0.2432 0.5121 0.8238
s 1
usemtl 'Standard'
f 1//1 2//2 3//3
f 4//4 5//5 6//6
f 4//4 6//6 7//7
f 8//8 7//7 6//6
f 7//7 8//8 9//9
f 9//9 10//10 7//7
f 7//7 10//10 4//4
f 4//4 10//10 11//11
f 12//12 4//4 11//11
f 13//13 4//4 12//12
f 4//4 13//13 5//5
f 12//12 14//14 13//13
f 14//14 12//12 15//15
f 6//6 16//16 8//8
f 9//9 8//8 17//17
f 17//17 18//18 9//9
f 18//18 17//17 19//19
f 19//19 20//20 18//18
f 20//20 19//19 21//21
f 21//21 19//19 22//22
f 19//19 17//17 23//23
f 23//23 22//22 19//19
f 17//17 24//24 23//23
f 25//25 24//24 17//17
f 17//17 8//8 25//25
f 25//25 8//8 16//16
f 25//25 26//26 24//24
f 26//26 25//25 27//27
f 27//27 28//28 26//26
f 28//28 27//27 29//29
f 30//30 29//29 27//27
f 29//29 30//30 31//31
f 32//32 29//29 31//31
f 28//28 29//29 32//32
f 31//31 33//33 32//32
f 32//32 33//33 34//34
f 34//34 35//35 32//32
f 35//35 36//36 32//32
f 32//32 36//36 37//37
f 32//32 37//37 28//28
f 38//38 30//30 27//27
f 27//27 39//39 38//38
f 39//39 27//27 25//25
f 25//25 16//16 39//39
f 16//16 40//40 39//39
f 39//39 40//40 41//41
f 41//41 38//38 39//39
f 42//42 31//31 30//30
f 30//30 43//43 42//42
f 42//42 43//43 44//44
f 44//44 45//45 42//42
f 44//44 46//46 45//45
f 46//46 44//44 47//47
f 48//48 47//47 44//44
f 44//44 43//43 48//48
f 49//49 48//48 43//43
f 49//49 38//38 41//41
f 49//49 43//43 30//30
f 30//30 38//38 49//49
f 50//50 48//48 49//49
f 49//49 51//51 50//50
f 52//52 51//51 49//49
f 49//49 53//53 52//52
f 41//41 53//53 49//49
f 53//53 54//54 52//52
f 55//55 51//51 52//52
f 52//52 56//56 55//55
f 56//56 52//52 54//54
f 54//54 57//57 56//56
f 58//58 55//55 56//56
f 56//56 59//59 58//58
f 59//59 56//56 57//57
f 57//57 60//60 59//59
f 59//59 60//60 61//61
f 58//58 59//59 62//62
f 62//62 59//59 61//61
f 53//53 63//63 54//54
f 54//54 63//63 64//64
f 65//65 64//64 63//63
f 63//63 66//66 65//65
f 66//66 63//63 53//53
f 53//53 41//41 66//66
f 65//65 66//66 67//67
f 67//67 66//66 41//41
f 41//41 40//40 67//67
f 68//68 67//67 40//40
f 67//67 68//68 69//69
f 65//65 67//67 70//70
f 70//70 71//71 65//65
f 69//69 72//72 67//67
f 72//72 70//70 67//67
f 72//72 73//73 70//70
f 73//73 74//74 70//70
f 74//74 71//71 70//70
f 75//75 69//69 68//68
f 68//68 76//76 75//75
f 76//76 68//68 40//40
f 40//40 16//16 76//76
f 75//75 76//76 77//77
f 77//77 76//76 16//16
f 77//77 78//78 75//75
f 78//78 77//77 79//79
f 16//16 79//79 77//77
f 79//79 16//16 6//6
f 6//6 80//80 79//79
f 80//80 81//81 79//79
f 78//78 79//79 82//82
f 82//82 83//83 78//78
f 79//79 81//81 84//84
f 82//82 79//79 84//84
f 84//84 85//85 82//82
f 85//85 86//86 82//82
f 83//83 82//82 86//86
f 81//81 80//80 87//87
f 88//88 87//87 80//80
f 80//80 89//89 88//88
f 90//90 89//89 80//80
f 80//80 6//6 90//90
f 5//5 90//90 6//6
f 90//90 5//5 91//91
f 91//91 5//5 92//92
f 5//5 93//93 92//92
f 94//94 92//92 93//93
f 93//93 95//95 94//94
f 13//13 93//93 5//5
f 94//94 95//95 96//96
f 96//96 97//97 94//94
f 92//92 94//94 97//97
f 92//92 98//98 91//91
f 97//97 98//98 92//92
f 98//98 99//99 91//91
f 91//91 100//100 90//90
f 99//99 101//101 91//91
f 102//102 91//91 101//101
f 100//100 91//91 102//102
f 101//101 103//103 102//102
f 104//104 101//101 99//99
f 105//105 101//101 104//104
f 104//104 106//106 105//105
f 107//107 106//106 104//104
f 105//105 108//108 101//101
f 108//108 103//103 101//101
f 104//104 109//109 107//107
f 110//110 109//109 104//104
f 99//99 111//111 104//104
f 104//104 111//111 110//110
f 102//102 103//103 112//112
f 112//112 113//113 102//102
f 100//100 102//102 113//113
f 113//113 114//114 100//100
f 100//100 114//114 115//115
f 115//115 116//116 100//100
f 117//117 100//100 116//116
f 117//117 118//118 100//100
f 90//90 100//100 118//118
f 118//118 89//89 90//90
f 118//118 117//117 119//119
f 119//119 120//120 118//118
f 118//118 120//120 88//88
f 88//88 89//89 118//118
f 116//116 115//115 121//121
f 121//121 122//122 116//116
f 117//117 116//116 122//122
f 122//122 119//119 117//117
f 115//115 123//123 121//121
f 123//123 115//115 114//114
f 121//121 123//123 124//124
f 124//124 125//125 121//121
f 124//124 123//123 126//126
f 126//126 127//127 124//124
f 128//128 125//125 124//124
f 124//124 127//127 128//128
f 123//123 129//129 126//126
f 114//114 129//129 123//123
f 129//129 114//114 130//130
f 131//131 130//130 114//114
f 114//114 132//132 131//131
f 133//133 132//132 114//114
f 133//133 134//134 132//132
f 114//114 113//113 133//133
f 112//112 133//133 113//113
f 135//135 134//134 133//133
f 133//133 112//112 135//135
f 132//132 134//134 136//136
f 136//136 131//131 132//132
f 130//130 137//137 129//129
f 126//126 129//129 138//138
f 139//139 129//129 137//137
f 138//138 129//129 139//139
f 131//131 140//140 130//130
f 131//131 136//136 141//141
f 141//141 140//140 131//131
f 140//140 141//141 142//142
f 142//142 143//143 140//140
f 143//143 144//144 140//140
f 144//144 130//130 140//140
f 144//144 143//143 145//145
f 145//145 146//146 144//144
f 130//130 144//144 146//146
f 146//146 145//145 147//147
f 147//147 148//148 146//146
f 146//146 149//149 130//130
f 149//149 137//137 130//130
f 137//137 149//149 150//150
f 150//150 139//139 137//137
f 139//139 150//150 151//151
f 150//150 152//152 151//151
f 150//150 153//153 152//152
f 150//150 154//154 153//153
f 154//154 150//150 149//149
f 146//146 148//148 155//155
f 155//155 149//149 146//146
f 149//149 155//155 154//154
f 153//153 154//154 156//156
f 156//156 157//157 153//153
f 148//148 147//147 158//158
f 158//158 159//159 148//148
f 159//159 158//158 160//160
f 160//160 161//161 159//159
f 162//162 159//159 161//161
f 148//148 159//159 162//162
f 162//162 155//155 148//148
f 162//162 156//156 154//154
f 154//154 155//155 162//162
f 161//161 163//163 162//162
f 156//156 162//162 163//163
f 163//163 1//1 156//156
f 2//2 157//157 156//156
f 156//156 1//1 2//2
f 1//1 163//163 164//164
f 164//164 165//165 1//1
f 164//164 166//166 165//165
f 166//166 164//164 167//167
f 167//167 168//168 166//166
f 167//167 169//169 168//168
f 170//170 169//169 167//167
f 167//167 171//171 170//170
f 172//172 171//171 167//167
f 167//167 164//164 172//172
f 172//172 164//164 173//173
f 173//173 164//164 163//163
f 173//173 163//163 161//161
f 160//160 173//173 161//161
f 2//2 1//1 174//174
f 174//174 1//1 175//175
f 175//175 176//176 174//174
f 176//176 175//175 177//177
f 173//173 177//177 175//175
f 177//177 178//178 176//176
f 178//178 177//177 160//160
f 160//160 177//177 173//173
f 160//160 158//158 178//178
f 179//179 178//178 158//158
f 176//176 178//178 179//179
f 158//158 147//147 179//179
f 180//180 179//179 147//147
f 147//147 145//145 180//180
f 181//181 180//180 145//145
f 145//145 143//143 181//181
f 143//143 182//182 181//181
f 142//142 182//182 143//143
f 182//182 142//142 141//141
f 141//141 183//183 182//182
f 183//183 184//184 182//182
f 181//181 182//182 184//184
f 180//180 181//181 184//184
f 185//185 184//184 183//183
f 183//183 186//186 185//185
f 185//185 186//186 187//187
f 187//187 186//186 134//134
f 187//187 188//188 185//185
f 189//189 185//185 188//188
f 188//188 190//190 189//189
f 190//190 188//188 112//112
f 112//112 188//188 187//187
f 112//112 103//103 190//190
f 190//190 103//103 191//191
f 108//108 191//191 103//103
f 105//105 191//191 108//108
f 192//192 191//191 105//105
f 99//99 191//191 192//192
f 99//99 193//193 191//191
f 191//191 193//193 190//190
f 189//189 190//190 193//193
f 194//194 189//189 193//193
f 193//193 195//195 194//194
f 195//195 196//196 194//194
f 197//197 195//195 193//193
f 193//193 98//98 197//197
f 98//98 193//193 99//99
f 197//197 98//98 97//97
f 97//97 198//198 197//197
f 96//96 198//198 97//97
f 198//198 96//96 95//95
f 192//192 111//111 99//99
f 192//192 110//110 111//111
f 110//110 192//192 109//109
f 192//192 107//107 109//109
f 107//107 192//192 106//106
f 194//194 196//196 199//199
f 200//200 199//199 196//196
f 196//196 201//201 200//200
f 201//201 202//202 200//200
f 78//78 200//200 202//202
f 75//75 78//78 202//202
f 202//202 203//203 75//75
f 202//202 201//201 203//203
f 75//75 203//203 204//204
f 204//204 69//69 75//75
f 205//205 69//69 204//204
f 204//204 206//206 205//205
f 206//206 204//204 203//203
f 203//203 201//201 206//206
f 201//201 207//207 206//206
f 207//207 201//201 208//208
f 208//208 209//209 207//207
f 210//210 207//207 209//209
f 209//209 211//211 210//210
f 211//211 209//209 212//212
f 212//212 31//31 211//211
f 31//31 212//212 213//213
f 213//213 33//33 31//31
f 213//213 34//34 33//33
f 213//213 212//212 28//28
f 28//28 212//212 209//209
f 28//28 37//37 213//213
f 34//34 213//213 35//35
f 35//35 213//213 36//36
f 213//213 37//37 36//36
f 26//26 28//28 209//209
f 209//209 208//208 26//26
f 214//214 206//206 207//207
f 207//207 210//210 214//214
f 211//211 31//31 42//42
f 42//42 215//215 211//211
f 216//216 215//215 42//42
f 42//42 45//45 216//216
f 216//216 45//45 46//46
f 46//46 47//47 216//216
f 216//216 47//47 48//48
f 48//48 215//215 216//216
f 217//217 215//215 48//48
f 211//211 215//215 217//217
f 217//217 210//210 211//211
f 214//214 210//210 217//217
f 50//50 217//217 48//48
f 217//217 50//50 51//51
f 217//217 51//51 218//218
f 218//218 219//219 217//217
f 217//217 219//219 214//214
f 219//219 218//218 54//54
f 218//218 51//51 55//55
f 55//55 220//220 218//218
f 54//54 218//218 220//220
f 220//220 57//57 54//54
f 220//220 55//55 58//58
f 58//58 221//221 220//220
f 57//57 220//220 221//221
f 221//221 60//60 57//57
f 221//221 61//61 60//60
f 58//58 62//62 221//221
f 62//62 61//61 221//221
f 219//219 54//54 222//222
f 54//54 64//64 222//222
f 222//222 64//64 65//65
f 65//65 223//223 222//222
f 219//219 222//222 223//223
f 223//223 214//214 219//219
f 65//65 205//205 223//223
f 214//214 223//223 205//205
f 205//205 206//206 214//214
f 224//224 205//205 65//65
f 65//65 71//71 224//224
f 72//72 205//205 224//224
f 69//69 205//205 72//72
f 72//72 224//224 73//73
f 73//73 224//224 74//74
f 74//74 224//224 71//71
f 225//225 22//22 23//23
f 21//21 22//22 225//225
f 20//20 21//21 225//225
f 23//23 226//226 225//225
f 226//226 23//23 24//24
f 226//226 24//24 208//208
f 208//208 24//24 26//26
f 18//18 20//20 225//225
f 225//225 226//226 18//18
f 227//227 18//18 226//226
f 227//227 228//228 18//18
f 228//228 227//227 229//229
f 226//226 230//230 227//227
f 208//208 230//230 226//226
f 208//208 201//201 230//230
f 229//229 231//231 228//228
f 11//11 231//231 229//229
f 230//230 201//201 196//196
f 196//196 232//232 230//230
f 232//232 229//229 227//227
f 227//227 230//230 232//232
f 233//233 232//232 196//196
f 233//233 11//11 229//229
f 232//232 233//233 229//229
f 11//11 233//233 234//234
f 234//234 235//235 11//11
f 235//235 234//234 236//236
f 234//234 237//237 236//236
f 237//237 234//234 238//238
f 238//238 234//234 15//15
f 14//14 15//15 234//234
f 13//13 14//14 234//234
f 234//234 233//233 13//13
f 238//238 15//15 12//12
f 235//235 236//236 12//12
f 11//11 235//235 12//12
f 12//12 236//236 237//237
f 237//237 238//238 12//12
f 233//233 196//196 195//195
f 233//233 195//195 13//13
f 13//13 195//195 93//93
f 195//195 197//197 93//93
f 93//93 197//197 198//198
f 198//198 95//95 93//93
f 122//122 239//239 240//240
f 240//240 119//119 122//122
f 241//241 119//119 240//240
f 240//240 189//189 241//241
f 240//240 239//239 189//189
f 241//241 189//189 194//194
f 194//194 242//242 241//241
f 88//88 241//241 242//242
f 199//199 242//242 194//194
f 88//88 242//242 199//199
f 199//199 87//87 88//88
f 81//81 87//87 199//199
f 241//241 88//88 120//120
f 119//119 241//241 120//120
f 239//239 122//122 121//121
f 121//121 243//243 239//239
f 189//189 239//239 243//243
f 243//243 121//121 244//244
f 245//245 244//244 121//121
f 126//126 244//244 245//245
f 244//244 185//185 243//243
f 243//243 185//185 189//189
f 121//121 125//125 245//245
f 128//128 245//245 125//125
f 245//245 128//128 127//127
f 245//245 127//127 126//126
f 185//185 244//244 246//246
f 244//244 126//126 246//246
f 126//126 138//138 246//246
f 184//184 185//185 246//246
f 246//246 247//247 184//184
f 248//248 184//184 247//247
f 184//184 248//248 180//180
f 249//249 248//248 247//247
f 247//247 139//139 249//249
f 139//139 247//247 246//246
f 138//138 139//139 246//246
f 139//139 151//151 249//249
f 249//249 151//151 152//152
f 249//249 152//152 153//153
f 249//249 153//153 250//250
f 248//248 249//249 250//250
f 180//180 248//248 251//251
f 250//250 251//251 248//248
f 251//251 179//179 180//180
f 174//174 250//250 153//153
f 153//153 157//157 174//174
f 179//179 251//251 176//176
f 176//176 251//251 250//250
f 250//250 174//174 176//176
f 174//174 157//157 2//2
f 84//84 252//252 85//85
f 85//85 252//252 86//86
f 83//83 86//86 252//252
f 78//78 83//83 252//252
f 252//252 200//200 78//78
f 252//252 84//84 200//200
f 200//200 84//84 81//81
f 199//199 200//200 81//81
f 228//228 231//231 10//10
f 11//11 10//10 231//231
f 10//10 9//9 228//228
f 9//9 18//18 228//228
f 187//187 135//135 112//112
f 135//135 187//187 134//134
f 136//136 134//134 186//186
f 186//186 183//183 136//136
f 183//183 141//141 136//136
f 253//253 165//165 166//166
f 254//254 253//253 166//166
f 166//166 168//168 254//254
f 254//254 168//168 169//169
f 170//170 254//254 169//169
f 254//254 170//170 171//171
f 254//254 171//171 172//172
f 172//172 253//253 254//254
f 172//172 173//173 253//253
f 173//173 175//175 253//253
f 253//253 175//175 1//1
f 1//1 165//165 253//253
f 105//105 106//106 192//192
f 255//255 256//256 257//257
f 257//257 258//258 255//255
f 256//256 259//259 257//257
f 259//259 260//260 257//257
f 260//260 259//259 261//261
f 262//262 258//258 257//257
f 257//257 260//260 262//262
f 263//263 258//258 262//262
f 264//264 258//258 263//263
f 265//265 256//256 255//255
f 266//266 256//256 265//265
f 267//267 256//256 266//266
f 259//259 256//256 267//267
f 267//267 266//266 268//268
f 268//268 266//266 269//269
f 255//255 258//258 270//270
f 263//263 271//271 264//264
f 272//272 271//271 263//263
f 272//272 273//273 271//271
f 271//271 273//273 274//274
f 259//259 267//267 275//275
f 275//275 267//267 276//276
f 261//261 259//259 275//275
f 271//271 277//277 264//264
f 264//264 277//277 278//278
f 270//270 258//258 278//278
f 278//278 258//258 264//264
f 278//278 277//277 279//279
f 278//278 279//279 280//280
f 270//270 278//278 280//280
f 281//281 280//280 279//279
f 281//281 279//279 282//282
f 282//282 279//279 283//283
f 283//283 279//279 284//284
f 284//284 279//279 277//277
f 283//283 285//285 282//282
f 285//285 286//286 282//282
f 286//286 287//287 282//282
f 288//288 286//286 285//285
f 284//284 289//289 283//283
f 283//283 289//289 285//285
f 285//285 289//289 290//290
f 290//290 288//288 285//285
f 290//290 289//289 291//291
f 292//292 289//289 284//284
f 289//289 292//292 293//293
f 294//294 289//289 293//293
f 291//291 289//289 294//294
f 282//282 295//295 281//281
f 296//296 295//295 282//282
f 282//282 297//297 296//296
f 287//287 297//297 282//282
f 297//297 298//298 296//296
f 296//296 298//298 299//299
f 299//299 295//295 296//296
f 295//295 299//299 300//300
f 301//301 295//295 300//300
f 302//302 295//295 301//301
f 301//301 303//303 302//302
f 304//304 303//303 301//301
f 300//300 304//304 301//301
f 305//305 303//303 304//304
f 302//302 303//303 306//306
f 304//304 300//300 307//307
f 307//307 305//305 304//304
f 307//307 300//300 308//308
f 300//300 299//299 308//308
f 309//309 303//303 305//305
f 309//309 306//306 303//303
f 308//308 310//310 307//307
f 307//307 310//310 311//311
f 311//311 305//305 307//307
f 311//311 310//310 312//312
f 310//310 313//313 312//312
f 314//314 313//313 310//310
f 315//315 314//314 310//310
f 315//315 310//310 308//308
f 316//316 314//314 315//315
f 316//316 315//315 317//317
f 317//317 315//315 318//318
f 318//318 315//315 319//319
f 319//319 315//315 308//308
f 320//320 313//313 314//314
f 314//314 316//316 320//320
f 321//321 313//313 320//320
f 320//320 316//316 322//322
f 322//322 316//316 323//323
f 323//323 316//316 317//317
f 308//308 299//299 319//319
f 319//319 299//299 298//298
f 324//324 322//322 323//323
f 325//325 322//322 324//324
f 320//320 322//322 326//326
f 326//326 322//322 325//325
f 321//321 320//320 327//327
f 327//327 320//320 326//326
f 324//324 328//328 325//325
f 328//328 326//326 325//325
f 329//329 328//328 324//324
f 330//330 326//326 328//328
f 330//330 327//327 326//326
f 330//330 328//328 331//331
f 331//331 328//328 329//329
f 329//329 332//332 331//331
f 331//331 332//332 333//333
f 334//334 330//330 331//331
f 331//331 333//333 334//334
f 334//334 327//327 330//330
f 335//335 336//336 337//337
f 336//336 335//335 338//338
f 337//337 336//336 339//339
f 340//340 337//337 339//339
f 336//336 338//338 341//341
f 341//341 339//339 336//336
f 341//341 338//338 342//342
f 343//343 339//339 341//341
f 343//343 344//344 339//339
f 339//339 344//344 340//340
f 345//345 341//341 342//342
f 338//338 335//335 346//346
f 335//335 268//268 346//346
f 337//337 268//268 335//335
f 268//268 337//337 347//347
f 276//276 268//268 347//347
f 267//267 268//268 276//276
f 348//348 341//341 345//345
f 348//348 345//345 273//273
f 273//273 349//349 348//348
f 348//348 349//349 350//350
f 350//350 341//341 348//348
f 341//341 350//350 343//343
f 351//351 350//350 349//349
f 343//343 350//350 351//351
f 344//344 343//343 351//351
f 351//351 349//349 352//352
f 351//351 353//353 344//344
f 354//354 353//353 351//351
f 351//351 352//352 354//354
f 354//354 352//352 355//355
f 353//353 356//356 344//344
f 357//357 356//356 353//353
f 358//358 349//349 273//273
f 352//352 349//349 358//358
f 354//354 355//355 359//359
f 359//359 355//355 360//360
f 359//359 360//360 361//361
f 361//361 360//360 362//362
f 353//353 354//354 363//363
f 363//363 354//354 359//359
f 363//363 357//357 353//353
f 364//364 357//357 363//363
f 365//365 364//364 363//363
f 363//363 359//359 365//365
f 365//365 359//359 361//361
f 366//366 364//364 365//365
f 361//361 362//362 367//367
f 367//367 365//365 361//361
f 367//367 362//362 368//368
f 369//369 366//366 365//365
f 369//369 365//365 367//367
f 367//367 370//370 369//369
f 369//369 370//370 371//371
f 372//372 366//366 369//369
f 369//369 371//371 372//372
f 371//371 370//370 373//373
f 370//370 374//374 373//373
f 368//368 374//374 367//367
f 367//367 374//374 370//370
f 375//375 371//371 373//373
f 372//372 371//371 375//375
f 376//376 377//377 378//378
f 379//379 377//377 376//376
f 380//380 377//377 379//379
f 381//381 377//377 380//380
f 380//380 382//382 381//381
f 377//377 383//383 378//378
f 381//381 383//383 377//377
f 383//383 384//384 378//378
f 384//384 383//383 385//385
f 384//384 385//385 386//386
f 386//386 378//378 384//384
f 386//386 385//385 387//387
f 385//385 388//388 387//387
f 387//387 388//388 389//389
f 385//385 383//383 390//390
f 388//388 385//385 390//390
f 383//383 391//391 390//390
f 390//390 391//391 392//392
f 393//393 390//390 392//392
f 388//388 390//390 393//393
f 393//393 392//392 394//394
f 394//394 395//395 393//393
f 396//396 393//393 395//395
f 397//397 396//396 395//395
f 398//398 396//396 397//397
f 399//399 397//397 395//395
f 399//399 395//395 394//394
f 400//400 397//397 399//399
f 399//399 401//401 400//400
f 392//392 401//401 394//394
f 394//394 401//401 399//399
f 392//392 391//391 401//401
f 400//400 401//401 402//402
f 402//402 401//401 391//391
f 403//403 400//400 402//402
f 404//404 403//403 402//402
f 405//405 403//403 404//404
f 406//406 405//405 404//404
f 406//406 404//404 407//407
f 407//407 408//408 406//406
f 406//406 408//408 409//409
f 410//410 409//409 408//408
f 409//409 410//410 411//411
f 411//411 410//410 412//412
f 407//407 413//413 408//408
f 414//414 413//413 407//407
f 407//407 415//415 414//414
f 407//407 404//404 415//415
f 416//416 408//408 413//413
f 410//410 408//408 416//416
f 416//416 417//417 410//410
f 410//410 417//417 412//412
f 418//418 413//413 414//414
f 413//413 418//418 419//419
f 419//419 420//420 413//413
f 413//413 420//420 416//416
f 420//420 417//417 416//416
f 421//421 418//418 414//414
f 414//414 422//422 421//421
f 423//423 422//422 414//414
f 415//415 423//423 414//414
f 419//419 418//418 424//424
f 424//424 418//418 421//421
f 419//419 425//425 420//420
f 422//422 426//426 421//421
f 427//427 426//426 422//422
f 427//427 422//422 428//428
f 428//428 422//422 429//429
f 422//422 423//423 429//429
f 429//429 382//382 428//428
f 430//430 382//382 429//429
f 429//429 423//423 431//431
f 430//430 429//429 431//431
f 430//430 431//431 432//432
f 431//431 423//423 432//432
f 432//432 433//433 430//430
f 426//426 434//434 421//421
f 421//421 434//434 424//424
f 434//434 435//435 424//424
f 424//424 435//435 436//436
f 424//424 436//436 419//419
f 437//437 425//425 419//419
f 419//419 436//436 437//437
f 437//437 438//438 425//425
f 439//439 438//438 437//437
f 437//437 436//436 439//439
f 439//439 436//436 440//440
f 402//402 433//433 432//432
f 402//402 432//432 404//404
f 404//404 432//432 415//415
f 391//391 433//433 402//402
f 433//433 391//391 383//383
f 435//435 441//441 436//436
f 436//436 441//441 440//440
f 441//441 442//442 440//440
f 440//440 442//442 439//439
f 443//443 442//442 441//441
f 443//443 444//444 442//442
f 445//445 444//444 443//443
f 444//444 445//445 446//446
f 446//446 445//445 447//447
f 447//447 448//448 446//446
f 446//446 448//448 449//449
f 439//439 442//442 450//450
f 450//450 442//442 444//444
f 451//451 444//444 446//446
f 444//444 451//451 450//450
f 452//452 450//450 451//451
f 451//451 453//453 452//452
f 454//454 450//450 452//452
f 452//452 455//455 454//454
f 453//453 455//455 452//452
f 449//449 456//456 446//446
f 446//446 456//456 451//451
f 451//451 456//456 457//457
f 453//453 451//451 457//457
f 458//458 450//450 454//454
f 439//439 450//450 458//458
f 458//458 438//438 439//439
f 459//459 438//438 458//458
f 454//454 459//459 458//458
f 459//459 460//460 438//438
f 461//461 438//438 460//460
f 425//425 438//438 461//461
f 462//462 425//425 461//461
f 420//420 425//425 462//462
f 462//462 417//417 420//420
f 463//463 460//460 459//459
f 459//459 454//454 463//463
f 463//463 454//454 464//464
f 455//455 465//465 454//454
f 454//454 465//465 464//464
f 466//466 467//467 468//468
f 466//466 469//469 467//467
f 467//467 469//469 470//470
f 471//471 467//467 470//470
f 472//472 467//467 471//471
f 471//471 473//473 472//472
f 472//472 473//473 474//474
f 475//475 472//472 474//474
f 476//476 475//475 474//474
f 476//476 477//477 475//475
f 475//475 477//477 472//472
f 472//472 477//477 467//467
f 468//468 467//467 477//477
f 466//466 478//478 469//469
f 474//474 479//479 476//476
f 476//476 479//479 480//480
f 481//481 476//476 480//480
f 482//482 476//476 481//481
f 482//482 477//477 476//476
f 468//468 477//477 482//482
f 482//482 481//481 483//483
f 468//468 482//482 483//483
f 483//483 484//484 468//468
f 485//485 484//484 483//483
f 484//484 485//485 486//486
f 486//486 485//485 487//487
f 486//486 488//488 484//484
f 486//486 417//417 488//488
f 487//487 417//417 486//486
f 488//488 417//417 462//462
f 462//462 489//489 488//488
f 488//488 489//489 490//490
f 484//484 488//488 490//490
f 490//490 489//489 491//491
f 489//489 492//492 491//491
f 491//491 492//492 493//493
f 493//493 494//494 491//491
f 491//491 494//494 490//490
f 495//495 494//494 493//493
f 490//490 494//494 496//496
f 496//496 497//497 490//490
f 466//466 497//497 496//496
f 496//496 478//478 466//466
f 496//496 498//498 478//478
f 494//494 498//498 496//496
f 494//494 499//499 498//498
f 495//495 499//499 494//494
f 495//495 500//500 499//499
f 493//493 500//500 495//495
f 499//499 500//500 501//501
f 500//500 502//502 501//501
f 501//501 502//502 503//503
f 504//504 503//503 502//502
f 505//505 503//503 504//504
f 504//504 506//506 505//505
f 507//507 506//506 504//504
f 502//502 500//500 508//508
f 508//508 500//500 493//493
f 509//509 508//508 493//493
f 493//493 492//492 509//509
f 504//504 502//502 510//510
f 508//508 510//510 502//502
f 510//510 508//508 511//511
f 511//511 512//512 510//510
f 511//511 513//513 512//512
f 514//514 513//513 511//511
f 511//511 508//508 514//514
f 514//514 508//508 509//509
f 515//515 510//510 512//512
f 515//515 516//516 510//510
f 510//510 516//516 504//504
f 504//504 516//516 507//507
f 509//509 492//492 517//517
f 509//509 517//517 514//514
f 492//492 460//460 517//517
f 460//460 492//492 461//461
f 461//461 492//492 489//489
f 461//461 489//489 462//462
f 517//517 460//460 463//463
f 463//463 514//514 517//517
f 464//464 514//514 463//463
f 514//514 465//465 513//513
f 464//464 465//465 514//514
f 518//518 519//519 520//520
f 521//521 519//519 518//518
f 521//521 518//518 522//522
f 522//522 518//518 523//523
f 522//522 523//523 524//524
f 524//524 523//523 525//525
f 523//523 526//526 525//525
f 520//520 526//526 518//518
f 518//518 526//526 523//523
f 527//527 526//526 520//520
f 528//528 525//525 526//526
f 529//529 528//528 526//526
f 530//530 529//529 526//526
f 530//530 526//526 527//527
f 529//529 531//531 528//528
f 531//531 525//525 528//528
f 532//532 525//525 531//531
f 525//525 532//532 524//524
f 531//531 529//529 533//533
f 533//533 534//534 531//531
f 531//531 534//534 532//532
f 535//535 534//534 533//533
f 535//535 536//536 534//534
f 536//536 537//537 534//534
f 532//532 534//534 537//537
f 535//535 538//538 536//536
f 536//536 538//538 539//539
f 536//536 539//539 537//537
f 537//537 539//539 540//540
f 538//538 541//541 539//539
f 540//540 539//539 541//541
f 542//542 537//537 540//540
f 532//532 537//537 543//543
f 543//543 537//537 542//542
f 524//524 532//532 543//543
f 530//530 544//544 529//529
f 529//529 544//544 545//545
f 529//529 545//545 533//533
f 533//533 546//546 535//535
f 533//533 545//545 546//546
f 527//527 547//547 544//544
f 548//548 547//547 527//527
f 530//530 527//527 544//544
f 520//520 548//548 527//527
f 549//549 548//548 520//520
f 550//550 548//548 549//549
f 551//551 548//548 550//550
f 552//552 548//548 551//551
f 553//553 548//548 552//552
f 554//554 553//553 552//552
f 552//552 555//555 554//554
f 552//552 556//556 555//555
f 551//551 556//556 552//552
f 557//557 555//555 556//556
f 555//555 557//557 558//558
f 555//555 558//558 559//559
f 559//559 558//558 560//560
f 560//560 561//561 559//559
f 560//560 558//558 562//562
f 557//557 562//562 558//558
f 560//560 562//562 563//563
f 562//562 564//564 563//563
f 562//562 565//565 564//564
f 559//559 561//561 566//566
f 559//559 566//566 567//567
f 555//555 559//559 567//567
f 566//566 568//568 567//567
f 567//567 568//568 569//569
f 567//567 570//570 555//555
f 569//569 570//570 567//567
f 571//571 570//570 569//569
f 572//572 570//570 571//571
f 572//572 555//555 570//570
f 569//569 568//568 573//573
f 573//573 574//574 569//569
f 574//574 571//571 569//569
f 575//575 574//574 573//573
f 568//568 576//576 573//573
f 577//577 573//573 576//576
f 578//578 573//573 577//577
f 578//578 579//579 573//573
f 579//579 575//575 573//573
f 580//580 575//575 579//579
f 577//577 581//581 578//578
f 578//578 581//581 582//582
f 582//582 581//581 583//583
f 584//584 579//579 578//578
f 578//578 582//582 584//584
f 583//583 581//581 585//585
f 585//585 586//586 583//583
f 587//587 586//586 585//585
f 586//586 587//587 588//588
f 587//587 589//589 588//588
f 590//590 589//589 587//587
f 591//591 589//589 590//590
f 592//592 589//589 591//591
f 589//589 593//593 588//588
f 592//592 593//593 589//589
f 594//594 591//591 590//590
f 590//590 587//587 594//594
f 594//594 587//587 585//585
f 595//595 591//591 594//594
f 592//592 596//596 593//593
f 593//593 596//596 588//588
f 597//597 596//596 592//592
f 588//588 596//596 598//598
f 594//594 599//599 595//595
f 585//585 599//599 594//594
f 595//595 599//599 600//600
f 600//600 599//599 601//601
f 600//600 601//601 602//602
f 600//600 602//602 603//603
f 603//603 602//602 604//604
f 605//605 602//602 601//601
f 599//599 605//605 601//601
f 577//577 602//602 605//605
f 604//604 602//602 577//577
f 605//605 581//581 577//577
f 604//604 606//606 603//603
f 607//607 606//606 604//604
f 577//577 576//576 604//604
f 604//604 576//576 607//607
f 585//585 581//581 605//605
f 605//605 599//599 585//585
f 596//596 608//608 598//598
f 598//598 608//608 609//609
f 609//609 610//610 598//598
f 610//610 588//588 598//598
f 611//611 588//588 610//610
f 588//588 611//611 586//586
f 612//612 609//609 608//608
f 613//613 612//612 608//608
f 608//608 597//597 613//613
f 596//596 597//597 608//608
f 614//614 612//612 613//613
f 614//614 615//615 612//612
f 616//616 609//609 612//612
f 616//616 612//612 615//615
f 617//617 607//607 576//576
f 618//618 607//607 617//617
f 576//576 568//568 617//617
f 607//607 618//618 606//606
f 606//606 618//618 619//619
f 617//617 568//568 620//620
f 568//568 566//566 620//620
f 620//620 566//566 621//621
f 566//566 622//622 621//621
f 561//561 622//622 566//566
f 620//620 621//621 623//623
f 623//623 621//621 624//624
f 624//624 621//621 625//625
f 625//625 621//621 622//622
f 626//626 622//622 561//561
f 561//561 627//627 626//626
f 561//561 628//628 627//627
f 629//629 627//627 628//628
f 628//628 630//630 629//629
f 628//628 563//563 630//630
f 560//560 563//563 628//628
f 560//560 628//628 561//561
f 629//629 630//630 631//631
f 631//631 630//630 632//632
f 564//564 632//632 630//630
f 630//630 563//563 564//564
f 632//632 633//633 631//631
f 634//634 633//633 632//632
f 635//635 634//634 632//632
f 636//636 634//634 635//635
f 635//635 637//637 636//636
f 637//637 635//635 565//565
f 636//636 637//637 638//638
f 631//631 633//633 639//639
f 640//640 631//631 639//639
f 629//629 631//631 640//640
f 641//641 634//634 636//636
f 639//639 642//642 640//640
f 643//643 642//642 639//639
f 643//643 644//644 642//642
f 642//642 644//644 645//645
f 645//645 646//646 642//642
f 647//647 642//642 646//646
f 648//648 642//642 647//647
f 648//648 640//640 642//642
f 649//649 648//648 647//647
f 649//649 647//647 650//650
f 645//645 644//644 651//651
f 651//651 644//644 521//521
f 521//521 522//522 651//651
f 650//650 647//647 652//652
f 652//652 647//647 653//653
f 653//653 647//647 646//646
f 653//653 646//646 654//654
f 654//654 655//655 653//653
f 654//654 656//656 655//655
f 655//655 656//656 657//657
f 657//657 658//658 655//655
f 659//659 658//658 657//657
f 660//660 658//658 659//659
f 653//653 661//661 652//652
f 662//662 652//652 661//661
f 661//661 579//579 662//662
f 579//579 661//661 580//580
f 662//662 579//579 584//584
f 584//584 663//663 662//662
f 663//663 664//664 662//662
f 662//662 664//664 665//665
f 665//665 664//664 666//666
f 666//666 664//664 667//667
f 667//667 668//668 666//666
f 666//666 668//668 669//669
f 669//669 668//668 670//670
f 670//670 671//671 669//669
f 671//671 650//650 669//669
f 666//666 650//650 665//665
f 669//669 650//650 666//666
f 672//672 671//671 670//670
f 670//670 606//606 672//672
f 606//606 673//673 672//672
f 670//670 668//668 674//674
f 582//582 663//663 584//584
f 674//674 600//600 670//670
f 670//670 600//600 603//603
f 603//603 606//606 670//670
f 675//675 667//667 664//664
f 664//664 663//663 675//675
f 663//663 582//582 676//676
f 675//675 663//663 676//676
f 676//676 582//582 583//583
f 600//600 674//674 595//595
f 595//595 674//674 677//677
f 677//677 591//591 595//595
f 678//678 591//591 677//677
f 677//677 679//679 678//678
f 679//679 680//680 678//678
f 678//678 680//680 592//592
f 592//592 591//591 678//678
f 681//681 680//680 679//679
f 681//681 679//679 675//675
f 676//676 681//681 675//675
f 682//682 680//680 681//681
f 675//675 679//679 683//683
f 683//683 679//679 677//677
f 684//684 682//682 681//681
f 583//583 684//684 676//676
f 684//684 681//681 676//676
f 684//684 611//611 682//682
f 586//586 611//611 684//684
f 586//586 684//684 583//583
f 677//677 674//674 683//683
f 683//683 674//674 668//668
f 668//668 667//667 683//683
f 683//683 667//667 675//675
f 611//611 685//685 682//682
f 610//610 685//685 611//611
f 592//592 680//680 597//597
f 686//686 682//682 685//685
f 597//597 680//680 686//686
f 680//680 682//682 686//686
f 610//610 687//687 685//685
f 687//687 686//686 685//685
f 609//609 687//687 610//610
f 609//609 616//616 687//687
f 687//687 616//616 615//615
f 615//615 614//614 687//687
f 687//687 614//614 613//613
f 613//613 686//686 687//687
f 613//613 597//597 686//686
f 688//688 689//689 690//690
f 690//690 689//689 691//691
f 692//692 688//688 690//690
f 688//688 692//692 693//693
f 693//693 694//694 688//688
f 695//695 694//694 693//693
f 688//688 694//694 696//696
f 697//697 688//688 696//696
f 689//689 688//688 697//697
f 698//698 689//689 697//697
f 699//699 689//689 698//698
f 689//689 699//699 691//691
f 699//699 698//698 700//700
f 699//699 700//700 701//701
f 702//702 699//699 701//701
f 691//691 699//699 702//702
f 702//702 701//701 703//703
f 703//703 691//691 702//702
f 697//697 704//704 698//698
f 698//698 704//704 705//705
f 700//700 698//698 705//705
f 704//704 706//706 705//705
f 707//707 706//706 704//704
f 707//707 704//704 697//697
f 697//697 696//696 707//707
f 708//708 706//706 707//707
f 708//708 709//709 706//706
f 706//706 709//709 710//710
f 705//705 706//706 710//710
f 707//707 696//696 711//711
f 711//711 708//708 707//707
f 712//712 708//708 711//711
f 713//713 708//708 712//712
f 714//714 713//713 712//712
f 715//715 713//713 714//714
f 716//716 713//713 715//715
f 717//717 713//713 716//716
f 715//715 718//718 716//716
f 715//715 714//714 719//719
f 719//719 720//720 715//715
f 715//715 720//720 718//718
f 717//717 721//721 713//713
f 721//721 708//708 713//713
f 721//721 709//709 708//708
f 722//722 714//714 712//712
f 712//712 711//711 722//722
f 723//723 714//714 722//722
f 724//724 714//714 723//723
f 719//719 714//714 724//724
f 724//724 725//725 719//719
f 719//719 725//725 726//726
f 726//726 720//720 719//719
f 725//725 727//727 726//726
f 728//728 727//727 725//725
f 729//729 726//726 727//727
f 720//720 726//726 729//729
f 729//729 718//718 720//720
f 727//727 728//728 730//730
f 722//722 731//731 723//723
f 723//723 731//731 724//724
f 694//694 731//731 722//722
f 711//711 694//694 722//722
f 696//696 694//694 711//711
f 731//731 694//694 695//695
f 732//732 731//731 695//695
f 733//733 731//731 732//732
f 724//724 731//731 733//733
f 732//732 734//734 733//733
f 733//733 734//734 735//735
f 736//736 733//733 735//735
f 728//728 725//725 736//736
f 728//728 736//736 730//730
f 736//736 735//735 737//737
f 730//730 736//736 737//737
f 737//737 735//735 738//738
f 735//735 734//734 738//738
f 738//738 734//734 739//739
f 740//740 733//733 736//736
f 736//736 725//725 740//740
f 733//733 740//740 724//724
f 740//740 725//725 724//724
f 741//741 742//742 743//743
f 741//741 744//744 742//742
f 745//745 744//744 741//741
f 746//746 745//745 741//741
f 743//743 747//747 741//741
f 741//741 747//747 746//746
f 747//747 743//743 748//748
f 749//749 747//747 748//748
f 750//750 747//747 749//749
f 746//746 747//747 750//750
f 749//749 751//751 750//750
f 752//752 751//751 749//749
f 753//753 751//751 752//752
f 754//754 751//751 753//753
f 755//755 751//751 754//754
f 755//755 754//754 756//756
f 756//756 754//754 757//757
f 757//757 754//754 758//758
f 758//758 754//754 753//753
f 759//759 757//757 758//758
f 756//756 757//757 760//760
f 760//760 757//757 759//759
f 756//756 761//761 755//755
f 760//760 761//761 756//756
f 753//753 762//762 758//758
f 763//763 762//762 753//753
f 763//763 764//764 762//762
f 753//753 765//765 763//763
f 752//752 765//765 753//753
f 765//765 766//766 763//763
f 766//766 764//764 763//763
f 765//765 767//767 766//766
f 767//767 765//765 768//768
f 768//768 765//765 769//769
f 768//768 770//770 767//767
f 771//771 770//770 768//768
f 771//771 768//768 772//772
f 773//773 772//772 768//768
f 768//768 769//769 773//773
f 774//774 772//772 773//773
f 773//773 775//775 774//774
f 773//773 769//769 775//775
f 774//774 776//776 772//772
f 774//774 775//775 777//777
f 777//777 778//778 774//774
f 774//774 778//778 779//779
f 779//779 776//776 774//774
f 775//775 769//769 748//748
f 748//748 769//769 749//749
f 780//780 775//775 748//748
f 748//748 743//743 780//780
f 743//743 781//781 780//780
f 780//780 781//781 782//782
f 776//776 783//783 772//772
f 772//772 783//783 771//771
f 776//776 784//784 783//783
f 785//785 783//783 784//784
f 784//784 786//786 785//785
f 787//787 786//786 784//784
f 788//788 786//786 787//787
f 784//784 789//789 787//787
f 790//790 789//789 784//784
f 779//779 778//778 790//790
f 790//790 791//791 789//789
f 789//789 792//792 787//787
f 787//787 792//792 793//793
f 787//787 793//793 788//788
f 792//792 794//794 793//793
f 795//795 793//793 794//794
f 795//795 794//794 796//796
f 796//796 794//794 797//797
f 798//798 797//797 794//794
f 798//798 794//794 792//792
f 799//799 797//797 798//798
f 800//800 799//799 798//798
f 792//792 800//800 798//798
f 801//801 799//799 800//800
f 801//801 501//501 799//799
f 499//499 501//501 801//801
f 801//801 800//800 802//802
f 498//498 801//801 802//802
f 499//499 801//801 498//498
f 498//498 802//802 478//478
f 478//478 802//802 803//803
f 803//803 469//469 478//478
f 804//804 469//469 803//803
f 804//804 470//470 469//469
f 805//805 470//470 804//804
f 471//471 470//470 805//805
f 806//806 471//471 805//805
f 807//807 803//803 802//802
f 802//802 800//800 807//807
f 808//808 803//803 807//807
f 803//803 808//808 804//804
f 804//804 808//808 809//809
f 810//810 805//805 804//804
f 809//809 810//810 804//804
f 473//473 471//471 806//806
f 811//811 808//808 807//807
f 807//807 800//800 811//811
f 811//811 800//800 792//792
f 812//812 808//808 811//811
f 812//812 809//809 808//808
f 811//811 792//792 812//812
f 805//805 813//813 806//806
f 810//810 813//813 805//805
f 814//814 813//813 810//810
f 814//814 815//815 813//813
f 816//816 815//815 814//814
f 814//814 817//817 816//816
f 816//816 817//817 818//818
f 817//817 819//819 818//818
f 819//819 820//820 818//818
f 818//818 820//820 821//821
f 818//818 821//821 816//816
f 820//820 822//822 821//821
f 821//821 822//822 823//823
f 822//822 820//820 824//824
f 821//821 823//823 825//825
f 816//816 821//821 825//825
f 816//816 825//825 815//815
f 823//823 826//826 825//825
f 824//824 820//820 827//827
f 820//820 819//819 827//827
f 827//827 777//777 824//824
f 828//828 819//819 817//817
f 829//829 815//815 825//825
f 825//825 826//826 829//829
f 829//829 830//830 815//815
f 831//831 815//815 830//830
f 813//813 815//815 831//831
f 806//806 813//813 831//831
f 832//832 806//806 831//831
f 833//833 806//806 832//832
f 832//832 831//831 834//834
f 834//834 831//831 830//830
f 833//833 835//835 806//806
f 806//806 835//835 473//473
f 834//834 830//830 764//764
f 764//764 830//830 829//829
f 836//836 764//764 829//829
f 762//762 764//764 836//836
f 836//836 837//837 762//762
f 826//826 837//837 836//836
f 829//829 826//826 836//836
f 838//838 837//837 826//826
f 838//838 839//839 837//837
f 762//762 837//837 758//758
f 758//758 837//837 759//759
f 759//759 837//837 839//839
f 759//759 839//839 760//760
f 760//760 839//839 840//840
f 841//841 840//840 839//839
f 842//842 840//840 841//841
f 842//842 843//843 840//840
f 840//840 843//843 844//844
f 840//840 844//844 761//761
f 840//840 761//761 760//760
f 843//843 842//842 845//845
f 844//844 843//843 846//846
f 845//845 847//847 843//843
f 846//846 843//843 847//847
f 848//848 839//839 838//838
f 839//839 848//848 841//841
f 838//838 849//849 848//848
f 848//848 849//849 850//850
f 851//851 848//848 850//850
f 850//850 845//845 851//851
f 851//851 845//845 842//842
f 852//852 850//850 849//849
f 849//849 853//853 852//852
f 852//852 853//853 782//782
f 854//854 853//853 849//849
f 782//782 853//853 855//855
f 853//853 822//822 855//855
f 854//854 822//822 853//853
f 838//838 854//854 849//849
f 856//856 850//850 852//852
f 852//852 781//781 856//856
f 782//782 781//781 852//852
f 850//850 857//857 845//845
f 856//856 857//857 850//850
f 856//856 781//781 857//857
f 826//826 854//854 838//838
f 854//854 826//826 823//823
f 823//823 822//822 854//854
f 855//855 822//822 824//824
f 824//824 858//858 855//855
f 780//780 855//855 858//858
f 782//782 855//855 780//780
f 777//777 858//858 824//824
f 858//858 775//775 780//780
f 777//777 775//775 858//858
f 857//857 859//859 845//845
f 845//845 859//859 847//847
f 857//857 781//781 742//742
f 860//860 859//859 857//857
f 857//857 742//742 860//860
f 860//860 742//742 744//744
f 743//743 742//742 781//781
f 859//859 861//861 847//847
f 847//847 861//861 862//862
f 862//862 861//861 863//863
f 863//863 861//861 864//864
f 847//847 862//862 846//846
f 846//846 862//862 865//865
f 865//865 862//862 866//866
f 866//866 862//862 863//863
f 861//861 859//859 867//867
f 867//867 859//859 860//860
f 860//860 744//744 867//867
f 864//864 861//861 868//868
f 868//868 861//861 867//867
f 744//744 869//869 867//867
f 867//867 869//869 868//868
f 745//745 869//869 744//744
f 868//868 869//869 870//870
f 869//869 745//745 871//871
f 871//871 745//745 746//746
f 871//871 746//746 872//872
f 872//872 746//746 750//750
f 872//872 750//750 873//873
f 873//873 750//750 751//751
f 873//873 751//751 755//755
f 874//874 873//873 755//755
f 755//755 875//875 874//874
f 761//761 875//875 755//755
f 876//876 869//869 871//871
f 871//871 872//872 876//876
f 872//872 873//873 876//876
f 870//870 869//869 877//877
f 877//877 869//869 876//876
f 877//877 878//878 870//870
f 879//879 878//878 877//877
f 880//880 878//878 879//879
f 870//870 878//878 881//881
f 876//876 882//882 877//877
f 876//876 873//873 882//882
f 877//877 882//882 879//879
f 882//882 873//873 874//874
f 883//883 874//874 875//875
f 884//884 874//874 883//883
f 882//882 874//874 884//884
f 882//882 884//884 879//879
f 884//884 883//883 885//885
f 879//879 884//884 885//885
f 885//885 880//880 879//879
f 885//885 883//883 886//886
f 886//886 887//887 885//885
f 885//885 887//887 880//880
f 881//881 888//888 870//870
f 870//870 888//888 868//868
f 868//868 888//888 864//864
f 864//864 888//888 889//889
f 889//889 890//890 864//864
f 864//864 890//890 863//863
f 890//890 891//891 863//863
f 863//863 891//891 866//866
f 866//866 891//891 892//892
f 892//892 865//865 866//866
f 893//893 865//865 892//892
f 893//893 846//846 865//865
f 844//844 846//846 893//893
f 893//893 875//875 844//844
f 761//761 844//844 875//875
f 883//883 875//875 893//893
f 883//883 893//893 886//886
f 886//886 893//893 892//892
f 892//892 887//887 886//886
f 894//894 887//887 892//892
f 892//892 891//891 894//894
f 406//406 409//409 895//895
f 896//896 406//406 895//895
f 405//405 406//406 896//896
f 405//405 896//896 403//403
f 403//403 896//896 897//897
f 898//898 897//897 896//896
f 896//896 895//895 898//898
f 899//899 897//897 898//898
f 899//899 900//900 897//897
f 403//403 897//897 400//400
f 400//400 897//897 900//900
f 901//901 400//400 900//900
f 902//902 901//901 900//900
f 902//902 900//900 899//899
f 903//903 901//901 902//902
f 903//903 904//904 901//901
f 903//903 905//905 904//904
f 904//904 905//905 906//906
f 906//906 907//907 904//904
f 904//904 907//907 908//908
f 909//909 904//904 908//908
f 910//910 904//904 909//909
f 901//901 904//904 910//910
f 907//907 911//911 908//908
f 912//912 908//908 911//911
f 912//912 909//909 908//908
f 913//913 909//909 912//912
f 914//914 913//913 912//912
f 915//915 913//913 914//914
f 913//913 915//915 916//916
f 913//913 916//916 909//909
f 917//917 915//915 914//914
f 918//918 915//915 917//917
f 917//917 919//919 918//918
f 916//916 915//915 920//920
f 915//915 918//918 920//920
f 909//909 916//916 921//921
f 909//909 921//921 910//910
f 910//910 921//921 398//398
f 920//920 918//918 922//922
f 918//918 923//923 922//922
f 919//919 923//923 918//918
f 924//924 919//919 917//917
f 919//919 925//925 923//923
f 926//926 925//925 919//919
f 919//919 927//927 926//926
f 924//924 927//927 919//919
f 927//927 928//928 926//926
f 928//928 411//411 926//926
f 926//926 411//411 925//925
f 924//924 929//929 927//927
f 929//929 930//930 927//927
f 930//930 928//928 927//927
f 921//921 396//396 398//398
f 481//481 920//920 922//922
f 481//481 922//922 923//923
f 483//483 481//481 923//923
f 931//931 396//396 921//921
f 931//931 932//932 396//396
f 932//932 931//931 933//933
f 933//933 931//931 934//934
f 934//934 935//935 933//933
f 933//933 935//935 936//936
f 933//933 936//936 932//932
f 935//935 937//937 936//936
f 937//937 935//935 480//480
f 480//480 935//935 916//916
f 916//916 935//935 934//934
f 934//934 921//921 916//916
f 931//931 921//921 934//934
f 936//936 937//937 938//938
f 936//936 938//938 932//932
f 932//932 938//938 939//939
f 938//938 940//940 939//939
f 941//941 939//939 940//940
f 942//942 939//939 941//941
f 938//938 943//943 940//940
f 938//938 937//937 943//943
f 939//939 942//942 944//944
f 939//939 944//944 932//932
f 932//932 944//944 945//945
f 944//944 942//942 946//946
f 944//944 947//947 945//945
f 944//944 946//946 947//947
f 947//947 946//946 948//948
f 946//946 949//949 948//948
f 948//948 949//949 950//950
f 948//948 950//950 951//951
f 948//948 951//951 947//947
f 952//952 947//947 951//951
f 953//953 952//952 951//951
f 954//954 952//952 953//953
f 954//954 955//955 952//952
f 955//955 954//954 956//956
f 954//954 957//957 956//956
f 957//957 958//958 956//956
f 956//956 958//958 959//959
f 956//956 959//959 955//955
f 955//955 959//959 960//960
f 959//959 389//389 960//960
f 960//960 389//389 388//388
f 393//393 960//960 388//388
f 961//961 960//960 393//393
f 961//961 955//955 960//960
f 955//955 962//962 952//952
f 962//962 955//955 961//961
f 963//963 962//962 961//961
f 962//962 963//963 952//952
f 952//952 963//963 964//964
f 952//952 964//964 947//947
f 945//945 947//947 964//964
f 945//945 964//964 963//963
f 963//963 396//396 945//945
f 961//961 396//396 963//963
f 961//961 393//393 396//396
f 958//958 957//957 965//965
f 966//966 958//958 965//965
f 965//965 957//957 967//967
f 396//396 932//932 945//945
f 959//959 968//968 389//389
f 968//968 969//969 389//389
f 968//968 966//966 969//969
f 389//389 969//969 387//387
f 969//969 386//386 387//387
f 970//970 386//386 969//969
f 970//970 971//971 386//386
f 386//386 971//971 378//378
f 378//378 971//971 376//376
f 376//376 971//971 972//972
f 971//971 970//970 973//973
f 973//973 974//974 971//971
f 974//974 975//975 971//971
f 971//971 975//975 972//972
f 975//975 974//974 976//976
f 976//976 974//974 977//977
f 977//977 978//978 976//976
f 976//976 978//978 979//979
f 978//978 980//980 979//979
f 979//979 980//980 981//981
f 980//980 448//448 981//981
f 449//449 448//448 980//980
f 982//982 978//978 977//977
f 982//982 977//977 983//983
f 977//977 974//974 983//983
f 983//983 974//974 973//973
f 983//983 984//984 982//982
f 983//983 985//985 984//984
f 983//983 986//986 985//985
f 987//987 986//986 983//983
f 983//983 973//973 987//987
f 987//987 973//973 988//988
f 988//988 966//966 987//987
f 987//987 966//966 989//989
f 989//989 990//990 987//987
f 987//987 990//990 986//986
f 970//970 988//988 973//973
f 969//969 988//988 970//970
f 969//969 966//966 988//988
f 966//966 965//965 989//989
f 965//965 967//967 989//989
f 989//989 967//967 991//991
f 991//991 990//990 989//989
f 967//967 992//992 991//991
f 993//993 992//992 967//967
f 967//967 994//994 993//993
f 993//993 994//994 995//995
f 957//957 994//994 967//967
f 994//994 957//957 954//954
f 953//953 994//994 954//954
f 995//995 994//994 953//953
f 953//953 996//996 995//995
f 995//995 996//996 993//993
f 996//996 997//997 993//993
f 997//997 992//992 993//993
f 950//950 997//997 996//996
f 997//997 950//950 998//998
f 998//998 950//950 949//949
f 998//998 949//949 999//999
f 951//951 950//950 996//996
f 951//951 996//996 953//953
f 999//999 949//949 1000//1000
f 1001//1001 999//999 1000//1000
f 942//942 1001//1001 1000//1000
f 1002//1002 999//999 1001//1001
f 1003//1003 999//999 1002//1002
f 1004//1004 999//999 1003//1003
f 1004//1004 998//998 999//999
f 1004//1004 997//997 998//998
f 1002//1002 1005//1005 1003//1003
f 1003//1003 1005//1005 1006//1006
f 1005//1005 1007//1007 1006//1006
f 1006//1006 1007//1007 1008//1008
f 1006//1006 1008//1008 1009//1009
f 1009//1009 1010//1010 1006//1006
f 1011//1011 1010//1010 1009//1009
f 1008//1008 1012//1012 1009//1009
f 1009//1009 1012//1012 1011//1011
f 1013//1013 1012//1012 1008//1008
f 1008//1008 1007//1007 1013//1013
f 1013//1013 1007//1007 1014//1014
f 1015//1015 1012//1012 1013//1013
f 1015//1015 1016//1016 1012//1012
f 1017//1017 1016//1016 1015//1015
f 1017//1017 506//506 1016//1016
f 1016//1016 506//506 507//507
f 1006//1006 1010//1010 1018//1018
f 1006//1006 1018//1018 1003//1003
f 1003//1003 1018//1018 1019//1019
f 1020//1020 1010//1010 1011//1011
f 1011//1011 1012//1012 1021//1021
f 1021//1021 1012//1012 1016//1016
f 1021//1021 1020//1020 1011//1011
f 1016//1016 1022//1022 1021//1021
f 507//507 1022//1022 1016//1016
f 1022//1022 1020//1020 1021//1021
f 516//516 1022//1022 507//507
f 1023//1023 1022//1022 516//516
f 1023//1023 1020//1020 1022//1022
f 1023//1023 516//516 515//515
f 1019//1019 1024//1024 1003//1003
f 1003//1003 1024//1024 1004//1004
f 1004//1004 1024//1024 1025//1025
f 1025//1025 997//997 1004//1004
f 1025//1025 992//992 997//997
f 1026//1026 312//312 1027//1027
f 1027//1027 1028//1028 1026//1026
f 1026//1026 1028//1028 1029//1029
f 1029//1029 1030//1030 1026//1026
f 1031//1031 1030//1030 1029//1029
f 1029//1029 298//298 1031//1031
f 1029//1029 1028//1028 319//319
f 319//319 298//298 1029//1029
f 319//319 1028//1028 318//318
f 1027//1027 1032//1032 1028//1028
f 1028//1028 1032//1032 318//318
f 1032//1032 317//317 318//318
f 1033//1033 317//317 1032//1032
f 1032//1032 1027//1027 1033//1033
f 1033//1033 1027//1027 1034//1034
f 1033//1033 323//323 317//317
f 1035//1035 323//323 1033//1033
f 1035//1035 1033//1033 1036//1036
f 1036//1036 1033//1033 1034//1034
f 1035//1035 1036//1036 1037//1037
f 1037//1037 1036//1036 1038//1038
f 1034//1034 313//313 1036//1036
f 1034//1034 1027//1027 313//313
f 313//313 1027//1027 312//312
f 1036//1036 313//313 321//321
f 323//323 1035//1035 324//324
f 324//324 1035//1035 1039//1039
f 1037//1037 1039//1039 1035//1035
f 329//329 324//324 1039//1039
f 332//332 1039//1039 1037//1037
f 1039//1039 332//332 329//329
f 333//333 332//332 1037//1037
f 333//333 1037//1037 1038//1038
f 1038//1038 1036//1036 327//327
f 327//327 1036//1036 321//321
f 1038//1038 334//334 333//333
f 327//327 334//334 1038//1038
f 311//311 312//312 1026//1026
f 1026//1026 1030//1030 311//311
f 311//311 1030//1030 305//305
f 305//305 1030//1030 1040//1040
f 1040//1040 1030//1030 1041//1041
f 1042//1042 1040//1040 1041//1041
f 1043//1043 1040//1040 1042//1042
f 1043//1043 309//309 1040//1040
f 305//305 1040//1040 309//309
f 1042//1042 1044//1044 1043//1043
f 1045//1045 309//309 1043//1043
f 1046//1046 1045//1045 1043//1043
f 1043//1043 1044//1044 1046//1046
f 1041//1041 1047//1047 1042//1042
f 1041//1041 1048//1048 1047//1047
f 1030//1030 1049//1049 1041//1041
f 1049//1049 1048//1048 1041//1041
f 1048//1048 1049//1049 287//287
f 1031//1031 1049//1049 1030//1030
f 287//287 1049//1049 297//297
f 1049//1049 1031//1031 297//297
f 1047//1047 1048//1048 1050//1050
f 1047//1047 1050//1050 1042//1042
f 1050//1050 1048//1048 1051//1051
f 1051//1051 1048//1048 286//286
f 286//286 1048//1048 287//287
f 1050//1050 1052//1052 1042//1042
f 1052//1052 1050//1050 1051//1051
f 1052//1052 1051//1051 1053//1053
f 1053//1053 1054//1054 1052//1052
f 1055//1055 1052//1052 1054//1054
f 1054//1054 1056//1056 1055//1055
f 1055//1055 1056//1056 1057//1057
f 1056//1056 1058//1058 1057//1057
f 1058//1058 1056//1056 1059//1059
f 1059//1059 1056//1056 1060//1060
f 1060//1060 1056//1056 1061//1061
f 1061//1061 1054//1054 1053//1053
f 1061//1061 1056//1056 1054//1054
f 288//288 1051//1051 286//286
f 1062//1062 1051//1051 288//288
f 1053//1053 1051//1051 1062//1062
f 1042//1042 1052//1052 1055//1055
f 1059//1059 1063//1063 1058//1058
f 1064//1064 1063//1063 1059//1059
f 1064//1064 293//293 1063//1063
f 294//294 293//293 1064//1064
f 1057//1057 338//338 1055//1055
f 342//342 338//338 1057//1057
f 1057//1057 1058//1058 342//342
f 1055//1055 338//338 1065//1065
f 1066//1066 1065//1065 338//338
f 1066//1066 1067//1067 1065//1065
f 1065//1065 1067//1067 1068//1068
f 1067//1067 1069//1069 1068//1068
f 1070//1070 1069//1069 1067//1067
f 1069//1069 1071//1071 1068//1068
f 1068//1068 1071//1071 1072//1072
f 1071//1071 1073//1073 1072//1072
f 1071//1071 1074//1074 1073//1073
f 1073//1073 1074//1074 1075//1075
f 1076//1076 1075//1075 1074//1074
f 1069//1069 1077//1077 1071//1071
f 1071//1071 1077//1077 1078//1078
f 1078//1078 1077//1077 1079//1079
f 1079//1079 1077//1077 1080//1080
f 1079//1079 1080//1080 1081//1081
f 1081//1081 1080//1080 1082//1082
f 1080//1080 1083//1083 1082//1082
f 1080//1080 1084//1084 1083//1083
f 1069//1069 1084//1084 1077//1077
f 1077//1077 1084//1084 1080//1080
f 1082//1082 1083//1083 1085//1085
f 1085//1085 1086//1086 1082//1082
f 1086//1086 1087//1087 1082//1082
f 1082//1082 1087//1087 1081//1081
f 1081//1081 1087//1087 1088//1088
f 1088//1088 1087//1087 1089//1089
f 1090//1090 1086//1086 1085//1085
f 1089//1089 1091//1091 1088//1088
f 1088//1088 1091//1091 1092//1092
f 1089//1089 1087//1087 1093//1093
f 1087//1087 1086//1086 1093//1093
f 1091//1091 1089//1089 1093//1093
f 1086//1086 1090//1090 1093//1093
f 1088//1088 1094//1094 1081//1081
f 1088//1088 1095//1095 1094//1094
f 1092//1092 1095//1095 1088//1088
f 1095//1095 1096//1096 1094//1094
f 1096//1096 1078//1078 1094//1094
f 1094//1094 1078//1078 1079//1079
f 1081//1081 1094//1094 1079//1079
f 1078//1078 1096//1096 1071//1071
f 1071//1071 1096//1096 1074//1074
f 1097//1097 1074//1074 1096//1096
f 1097//1097 1096//1096 1095//1095
f 1076//1076 1074//1074 1097//1097
f 1098//1098 1099//1099 1100//1100
f 1100//1100 1099//1099 1101//1101
f 1101//1101 1102//1102 1100//1100
f 1100//1100 1102//1102 1103//1103
f 1103//1103 1104//1104 1100//1100
f 1100//1100 1104//1104 1105//1105
f 1100//1100 1105//1105 1098//1098
f 1099//1099 1106//1106 1101//1101
f 1099//1099 1107//1107 1106//1106
f 1105//1105 1104//1104 1108//1108
f 1104//1104 1109//1109 1108//1108
f 1108//1108 1109//1109 1110//1110
f 1110//1110 1111//1111 1108//1108
f 1108//1108 1111//1111 1112//1112
f 1099//1099 1113//1113 1107//1107
f 1114//1114 1113//1113 1099//1099
f 1105//1105 1108//1108 1115//1115
f 1115//1115 1108//1108 1112//1112
f 1098//1098 1105//1105 1115//1115
f 1116//1116 1098//1098 1115//1115
f 1117//1117 1098//1098 1116//1116
f 1117//1117 1114//1114 1098//1098
f 1116//1116 1118//1118 1117//1117
f 1116//1116 1119//1119 1118//1118
f 1120//1120 1118//1118 1119//1119
f 1120//1120 1119//1119 1121//1121
f 1121//1121 1122//1122 1120//1120
f 1121//1121 1119//1119 1123//1123
f 1124//1124 1118//1118 1120//1120
f 1120//1120 1125//1125 1124//1124
f 1120//1120 1122//1122 1125//1125
f 1116//1116 1115//1115 1126//1126
f 1126//1126 1119//1119 1116//1116
f 1126//1126 1123//1123 1119//1119
f 1126//1126 1115//1115 1127//1127
f 1112//1112 1127//1127 1115//1115
f 1128//1128 1127//1127 1112//1112
f 1129//1129 1127//1127 1128//1128
f 1129//1129 1126//1126 1127//1127
f 1130//1130 1126//1126 1129//1129
f 1130//1130 1123//1123 1126//1126
f 1131//1131 1130//1130 1129//1129
f 1129//1129 1132//1132 1131//1131
f 1128//1128 1132//1132 1129//1129
f 1132//1132 1133//1133 1131//1131
f 1134//1134 1131//1131 1133//1133
f 1133//1133 1135//1135 1134//1134
f 1135//1135 1136//1136 1134//1134
f 1136//1136 1135//1135 1137//1137
f 1137//1137 1135//1135 1138//1138
f 1134//1134 1136//1136 1139//1139
f 1134//1134 1139//1139 1140//1140
f 1140//1140 1131//1131 1134//1134
f 1140//1140 1130//1130 1131//1131
f 1139//1139 1136//1136 1141//1141
f 1142//1142 1135//1135 1133//1133
f 1135//1135 1142//1142 1138//1138
f 1138//1138 1142//1142 1143//1143
f 1144//1144 1138//1138 1143//1143
f 1143//1143 1145//1145 1144//1144
f 1146//1146 1145//1145 1143//1143
f 1143//1143 1142//1142 1146//1146
f 1140//1140 1139//1139 1147//1147
f 1123//1123 1140//1140 1147//1147
f 1133//1133 1148//1148 1142//1142
f 1146//1146 1142//1142 1149//1149
f 1142//1142 1148//1148 1149//1149
f 1130//1130 1140//1140 1123//1123
f 1150//1150 1149//1149 1148//1148
f 1148//1148 1132//1132 1150//1150
f 1148//1148 1133//1133 1132//1132
f 1150//1150 1132//1132 1151//1151
f 1128//1128 1151//1151 1132//1132
f 1152//1152 1151//1151 1128//1128
f 1152//1152 1153//1153 1151//1151
f 1154//1154 1153//1153 1152//1152
f 1154//1154 1155//1155 1153//1153
f 1156//1156 1155//1155 1154//1154
f 1156//1156 1157//1157 1155//1155
f 1157//1157 1158//1158 1155//1155
f 1158//1158 1153//1153 1155//1155
f 1159//1159 1158//1158 1157//1157
f 1160//1160 1159//1159 1157//1157
f 1157//1157 1161//1161 1160//1160
f 1160//1160 1161//1161 1162//1162
f 1162//1162 1163//1163 1160//1160
f 1164//1164 1163//1163 1162//1162
f 1163//1163 1164//1164 426//426
f 427//427 1163//1163 426//426
f 1165//1165 1164//1164 1162//1162
f 1166//1166 1164//1164 1165//1165
f 1166//1166 434//434 1164//1164
f 426//426 1164//1164 434//434
f 435//435 434//434 1166//1166
f 1167//1167 1163//1163 427//427
f 1165//1165 1168//1168 1166//1166
f 1166//1166 1168//1168 1169//1169
f 1169//1169 435//435 1166//1166
f 1168//1168 1170//1170 1169//1169
f 1171//1171 1170//1170 1168//1168
f 1170//1170 443//443 1169//1169
f 1169//1169 443//443 441//441
f 441//441 435//435 1169//1169
f 445//445 443//443 1170//1170
f 1170//1170 447//447 445//445
f 1172//1172 447//447 1170//1170
f 1171//1171 1172//1172 1170//1170
f 1172//1172 448//448 447//447
f 1173//1173 448//448 1172//1172
f 1174//1174 1172//1172 1171//1171
f 1174//1174 1173//1173 1172//1172
f 1175//1175 1173//1173 1174//1174
f 1176//1176 1175//1175 1174//1174
f 1171//1171 1176//1176 1174//1174
f 1177//1177 1175//1175 1176//1176
f 1175//1175 1177//1177 979//979
f 981//981 1175//1175 979//979
f 1173//1173 1175//1175 981//981
f 448//448 1173//1173 981//981
f 979//979 1177//1177 976//976
f 1177//1177 1178//1178 976//976
f 1177//1177 1176//1176 1178//1178
f 976//976 1178//1178 975//975
f 1178//1178 1176//1176 1179//1179
f 1179//1179 1180//1180 1178//1178
f 1180//1180 975//975 1178//1178
f 1181//1181 1180//1180 1179//1179
f 1179//1179 1182//1182 1181//1181
f 1181//1181 1182//1182 1183//1183
f 1183//1183 1182//1182 1184//1184
f 1182//1182 1179//1179 1185//1185
f 1185//1185 1179//1179 1176//1176
f 1185//1185 1176//1176 1171//1171
f 1168//1168 1185//1185 1171//1171
f 1186//1186 1185//1185 1168//1168
f 1165//1165 1186//1186 1168//1168
f 1165//1165 1162//1162 1186//1186
f 1186//1186 1162//1162 1161//1161
f 1186//1186 1161//1161 1185//1185
f 1185//1185 1161//1161 1182//1182
f 1181//1181 1187//1187 1180//1180
f 1188//1188 1180//1180 1187//1187
f 1187//1187 1189//1189 1188//1188
f 1187//1187 1190//1190 1189//1189
f 1181//1181 1190//1190 1187//1187
f 1103//1103 1189//1189 1190//1190
f 1103//1103 1190//1190 1104//1104
f 1104//1104 1190//1190 1109//1109
f 1109//1109 1183//1183 1110//1110
f 1102//1102 1189//1189 1103//1103
f 1188//1188 1189//1189 1191//1191
f 1191//1191 1192//1192 1188//1188
f 1192//1192 972//972 1188//1188
f 376//376 972//972 1192//1192
f 1192//1192 1193//1193 376//376
f 376//376 1193//1193 379//379
f 1193//1193 380//380 379//379
f 1194//1194 380//380 1193//1193
f 1193//1193 1195//1195 1194//1194
f 1196//1196 1195//1195 1193//1193
f 1193//1193 1192//1192 1196//1196
f 1195//1195 1196//1196 1197//1197
f 1106//1106 1197//1197 1196//1196
f 1106//1106 1196//1196 1198//1198
f 1101//1101 1106//1106 1198//1198
f 1101//1101 1198//1198 1102//1102
f 1198//1198 1196//1196 1199//1199
f 1199//1199 1192//1192 1191//1191
f 1196//1196 1192//1192 1199//1199
f 1200//1200 1199//1199 1191//1191
f 1198//1198 1199//1199 1200//1200
f 1191//1191 1189//1189 1200//1200
f 1102//1102 1198//1198 1200//1200
f 1200//1200 1189//1189 1102//1102
f 1145//1145 1197//1197 1106//1106
f 1107//1107 1145//1145 1106//1106
f 1144//1144 1145//1145 1107//1107
f 1113//1113 1144//1144 1107//1107
f 1201//1201 1144//1144 1113//1113
f 1113//1113 1202//1202 1201//1201
f 1201//1201 1202//1202 1203//1203
f 1204//1204 1201//1201 1203//1203
f 1113//1113 1205//1205 1202//1202
f 1114//1114 1205//1205 1113//1113
f 1114//1114 1117//1117 1205//1205
f 1205//1205 1117//1117 1206//1206
f 1205//1205 1206//1206 1207//1207
f 1207//1207 1206//1206 1208//1208
f 1209//1209 1205//1205 1207//1207
f 1202//1202 1205//1205 1209//1209
f 1209//1209 1207//1207 1210//1210
f 1210//1210 1211//1211 1209//1209
f 1209//1209 1211//1211 1212//1212
f 1213//1213 1209//1209 1212//1212
f 1202//1202 1213//1213 1203//1203
f 1209//1209 1213//1213 1202//1202
f 1214//1214 1213//1213 1212//1212
f 1213//1213 1214//1214 1203//1203
f 1214//1214 1204//1204 1203//1203
f 1206//1206 1124//1124 1208//1208
f 1208//1208 1124//1124 1215//1215
f 1124//1124 1125//1125 1215//1215
f 1124//1124 1206//1206 1118//1118
f 1117//1117 1118//1118 1206//1206
f 1216//1216 1207//1207 1208//1208
f 1215//1215 1216//1216 1208//1208
f 1217//1217 1207//1207 1216//1216
f 1210//1210 1207//1207 1217//1217
f 1218//1218 1217//1217 1216//1216
f 1219//1219 1218//1218 1216//1216
f 1216//1216 1215//1215 1219//1219
f 1219//1219 1215//1215 1125//1125
f 1122//1122 1219//1219 1125//1125
f 1220//1220 1219//1219 1122//1122
f 1221//1221 1220//1220 1122//1122
f 1121//1121 1221//1221 1122//1122
f 1222//1222 1221//1221 1121//1121
f 1221//1221 1222//1222 1223//1223
f 1221//1221 1223//1223 1220//1220
f 1123//1123 1222//1222 1121//1121
f 1147//1147 1222//1222 1123//1123
f 1147//1147 1139//1139 1222//1222
f 1222//1222 1139//1139 1224//1224
f 1222//1222 1224//1224 1223//1223
f 1139//1139 1141//1141 1224//1224
f 1141//1141 1225//1225 1224//1224
f 1226//1226 1224//1224 1225//1225
f 1225//1225 1227//1227 1226//1226
f 1228//1228 1226//1226 1227//1227
f 1229//1229 1226//1226 1228//1228
f 1229//1229 1230//1230 1226//1226
f 1223//1223 1224//1224 1230//1230
f 1224//1224 1226//1226 1230//1230
f 1225//1225 1141//1141 1231//1231
f 1141//1141 1136//1136 1231//1231
f 1232//1232 1225//1225 1231//1231
f 1136//1136 1232//1232 1231//1231
f 1225//1225 1232//1232 1227//1227
f 1137//1137 1232//1232 1136//1136
f 1232//1232 1137//1137 1227//1227
f 1214//1214 1227//1227 1137//1137
f 1227//1227 1214//1214 1212//1212
f 1227//1227 1212//1212 1228//1228
f 1204//1204 1214//1214 1137//1137
f 1138//1138 1204//1204 1137//1137
f 1201//1201 1204//1204 1138//1138
f 1201//1201 1138//1138 1144//1144
f 1228//1228 1212//1212 1211//1211
f 1230//1230 1229//1229 1233//1233
f 1234//1234 1230//1230 1233//1233
f 1223//1223 1230//1230 1234//1234
f 1220//1220 1223//1223 1234//1234
f 1234//1234 1235//1235 1220//1220
f 1235//1235 1219//1219 1220//1220
f 1236//1236 1219//1219 1235//1235
f 1235//1235 1237//1237 1236//1236
f 1235//1235 1238//1238 1237//1237
f 1238//1238 1235//1235 1234//1234
f 1237//1237 1238//1238 1239//1239
f 1238//1238 1240//1240 1239//1239
f 1240//1240 1241//1241 1239//1239
f 1239//1239 1241//1241 1237//1237
f 1242//1242 1241//1241 1240//1240
f 1242//1242 1243//1243 1241//1241
f 1244//1244 1243//1243 1242//1242
f 1244//1244 1245//1245 1243//1243
f 1245//1245 1246//1246 1243//1243
f 1243//1243 1246//1246 1247//1247
f 1243//1243 1247//1247 1241//1241
f 1248//1248 1247//1247 1246//1246
f 1249//1249 1247//1247 1248//1248
f 1249//1249 1248//1248 1250//1250
f 1250//1250 1248//1248 1251//1251
f 1251//1251 1252//1252 1250//1250
f 1252//1252 1253//1253 1250//1250
f 1254//1254 1253//1253 1252//1252
f 1253//1253 1254//1254 1255//1255
f 1256//1256 1253//1253 1255//1255
f 1254//1254 1257//1257 1255//1255
f 1258//1258 1257//1257 1254//1254
f 1252//1252 1258//1258 1254//1254
f 1258//1258 1259//1259 1257//1257
f 1258//1258 1260//1260 1259//1259
f 1257//1257 1259//1259 1261//1261
f 1261//1261 1262//1262 1257//1257
f 1262//1262 1263//1263 1257//1257
f 1263//1263 1255//1255 1257//1257
f 1255//1255 1236//1236 1256//1256
f 1218//1218 1236//1236 1255//1255
f 1218//1218 1255//1255 1263//1263
f 1236//1236 1237//1237 1256//1256
f 1264//1264 1253//1253 1256//1256
f 1253//1253 1264//1264 1250//1250
f 1265//1265 1264//1264 1256//1256
f 1265//1265 1256//1256 1237//1237
f 1264//1264 1265//1265 1249//1249
f 1250//1250 1264//1264 1249//1249
f 1249//1249 1265//1265 1247//1247
f 1237//1237 1241//1241 1265//1265
f 1241//1241 1247//1247 1265//1265
f 1266//1266 1260//1260 1258//1258
f 1267//1267 1260//1260 1266//1266
f 1268//1268 1260//1260 1267//1267
f 288//288 1268//1268 1267//1267
f 288//288 1267//1267 1062//1062
f 1062//1062 1267//1267 1269//1269
f 1267//1267 1266//1266 1269//1269
f 1062//1062 1269//1269 1053//1053
f 1053//1053 1269//1269 1251//1251
f 1053//1053 1251//1251 1061//1061
f 290//290 1268//1268 288//288
f 1061//1061 1251//1251 1248//1248
f 1061//1061 1248//1248 1060//1060
f 1060//1060 1248//1248 1246//1246
f 1060//1060 1246//1246 1059//1059
f 1059//1059 1246//1246 1245//1245
f 1059//1059 1245//1245 1064//1064
f 1064//1064 1245//1245 1270//1270
f 1270//1270 1245//1245 1244//1244
f 1244//1244 1271//1271 1270//1270
f 1272//1272 1271//1271 1244//1244
f 1271//1271 1272//1272 1273//1273
f 1273//1273 1272//1272 1274//1274
f 1260//1260 1273//1273 1274//1274
f 1268//1268 1273//1273 1260//1260
f 1273//1273 1268//1268 291//291
f 291//291 1271//1271 1273//1273
f 291//291 1268//1268 290//290
f 294//294 1271//1271 291//291
f 294//294 1270//1270 1271//1271
f 1064//1064 1270//1270 294//294
f 1242//1242 1272//1272 1244//1244
f 1275//1275 1272//1272 1242//1242
f 1275//1275 1274//1274 1272//1272
f 1240//1240 1275//1275 1242//1242
f 1276//1276 1275//1275 1240//1240
f 1277//1277 1276//1276 1240//1240
f 1278//1278 1276//1276 1277//1277
f 1277//1277 1240//1240 1238//1238
f 1278//1278 1279//1279 1276//1276
f 1276//1276 1279//1279 1280//1280
f 1276//1276 1280//1280 1275//1275
f 1279//1279 1261//1261 1280//1280
f 1281//1281 1261//1261 1279//1279
f 1275//1275 1280//1280 1282//1282
f 1261//1261 1282//1282 1280//1280
f 1259//1259 1282//1282 1261//1261
f 1282//1282 1274//1274 1275//1275
f 1282//1282 1259//1259 1274//1274
f 1274//1274 1259//1259 1260//1260
f 1277//1277 1233//1233 1278//1278
f 1278//1278 1233//1233 1283//1283
f 1278//1278 1283//1283 1279//1279
f 1233//1233 1229//1229 1283//1283
f 1277//1277 1234//1234 1233//1233
f 1238//1238 1234//1234 1277//1277
f 1283//1283 1229//1229 1284//1284
f 1279//1279 1284//1284 1281//1281
f 1279//1279 1283//1283 1284//1284
f 1284//1284 1229//1229 1228//1228
f 1211//1211 1284//1284 1228//1228
f 1285//1285 1284//1284 1211//1211
f 1281//1281 1284//1284 1285//1285
f 1020//1020 1286//1286 1010//1010
f 1286//1286 1020//1020 1287//1287
f 1288//1288 1286//1286 1287//1287
f 1287//1287 1289//1289 1288//1288
f 1290//1290 1289//1289 1287//1287
f 1287//1287 1023//1023 1290//1290
f 1287//1287 1020//1020 1023//1023
f 1290//1290 1023//1023 515//515
f 512//512 1290//1290 515//515
f 1286//1286 1291//1291 1010//1010
f 1292//1292 1291//1291 1286//1286
f 1292//1292 1286//1286 1288//1288
f 1293//1293 1291//1291 1292//1292
f 1294//1294 1293//1293 1292//1292
f 1292//1292 1288//1288 1294//1294
f 1295//1295 1293//1293 1294//1294
f 1294//1294 1296//1296 1295//1295
f 1295//1295 1296//1296 1297//1297
f 1295//1295 1298//1298 1293//1293
f 1299//1299 1298//1298 1295//1295
f 1295//1295 1297//1297 1299//1299
f 1299//1299 1300//1300 1298//1298
f 1301//1301 1300//1300 1299//1299
f 1299//1299 1302//1302 1301//1301
f 1297//1297 1302//1302 1299//1299
f 1301//1301 1302//1302 1303//1303
f 1301//1301 1303//1303 1304//1304
f 1304//1304 1300//1300 1301//1301
f 1304//1304 1303//1303 1305//1305
f 1306//1306 1300//1300 1304//1304
f 1306//1306 1304//1304 1307//1307
f 1307//1307 1304//1304 1308//1308
f 1304//1304 1309//1309 1308//1308
f 1305//1305 1309//1309 1304//1304
f 1308//1308 1310//1310 1307//1307
f 1307//1307 1310//1310 1311//1311
f 1310//1310 1312//1312 1311//1311
f 1312//1312 1310//1310 1313//1313
f 1312//1312 1313//1313 1314//1314
f 1312//1312 1314//1314 1315//1315
f 1310//1310 1316//1316 1313//1313
f 1308//1308 1316//1316 1310//1310
f 1308//1308 1309//1309 1316//1316
f 1312//1312 1315//1315 1317//1317
f 1311//1311 1312//1312 1317//1317
f 1317//1317 1315//1315 1318//1318
f 1317//1317 1318//1318 1319//1319
f 1319//1319 1318//1318 1320//1320
f 984//984 1319//1319 1320//1320
f 1320//1320 1321//1321 984//984
f 1322//1322 984//984 1321//1321
f 982//982 984//984 1322//1322
f 1323//1323 1319//1319 984//984
f 1323//1323 4155//4155 1319//1319
f 1323//1323 1324//1324 4155//4155
f 4155//4155 1324//1324 1325//1325
f 1319//1319 4155//4155 1326//1326
f 1326//1326 1317//1317 1319//1319
f 1311//1311 1317//1317 1326//1326
f 1327//1327 1311//1311 1326//1326
f 1307//1307 1311//1311 1327//1327
f 1327//1327 1328//1328 1307//1307
f 1328//1328 1306//1306 1307//1307
f 4153//4153 1327//1327 1326//1326
f 1329//1329 1327//1327 4153//4153
f 1329//1329 1330//1330 1327//1327
f 1327//1327 1330//1330 1331//1331
f 1332//1332 1327//1327 1331//1331
f 1328//1328 1327//1327 1332//1332
f 1333//1333 4153//4153 1326//1326
f 1326//1326 4155//4155 1333//1333
f 1333//1333 1334//1334 4153//4153
f 1329//1329 4153//4153 1330//1330
f 1330//1330 4153//4153 1335//1335
f 4153//4153 1334//1334 1336//1336
f 1337//1337 1306//1306 1328//1328
f 1338//1338 1306//1306 1337//1337
f 1300//1300 1306//1306 1338//1338
f 1339//1339 1300//1300 1338//1338
f 1339//1339 1298//1298 1300//1300
f 1340//1340 1298//1298 1339//1339
f 1340//1340 1339//1339 1341//1341
f 4158//4158 1340//1340 1341//1341
f 4158//4158 1342//1342 1340//1340
f 1340//1340 1342//1342 1291//1291
f 1291//1291 1293//1293 1340//1340
f 1340//1340 1293//1293 1298//1298
f 1343//1343 1291//1291 1342//1342
f 1010//1010 1291//1291 1343//1343
f 4158//4158 1341//1341 1344//1344
f 1344//1344 1341//1341 1345//1345
f 1342//1342 1346//1346 1343//1343
f 1347//1347 1346//1346 1342//1342
f 1341//1341 1339//1339 1348//1348
f 1348//1348 1339//1339 1349//1349
f 1349//1349 1339//1339 1350//1350
f 1348//1348 1349//1349 1341//1341
f 1341//1341 1349//1349 1351//1351
f 4158//4158 1352//1352 1342//1342
f 1342//1342 1352//1352 1353//1353
f 1343//1343 1018//1018 1010//1010
f 1339//1339 1354//1354 1350//1350
f 1338//1338 1354//1354 1339//1339
f 1355//1355 1356//1356 1357//1357
f 1357//1357 1356//1356 1358//1358
f 1356//1356 1359//1359 1358//1358
f 1358//1358 1359//1359 1360//1360
f 1358//1358 1361//1361 1357//1357
f 1360//1360 1361//1361 1358//1358
f 1357//1357 1361//1361 1362//1362
f 1362//1362 1361//1361 580//580
f 580//580 1361//1361 575//575
f 1363//1363 1361//1361 1360//1360
f 1356//1356 1364//1364 1359//1359
f 1364//1364 1365//1365 1359//1359
f 1360//1360 1359//1359 1366//1366
f 1366//1366 1359//1359 1365//1365
f 1366//1366 1363//1363 1360//1360
f 1356//1356 1355//1355 1367//1367
f 1367//1367 1355//1355 1368//1368
f 1368//1368 1369//1369 1367//1367
f 1370//1370 1356//1356 1367//1367
f 1370//1370 1364//1364 1356//1356
f 1370//1370 1365//1365 1364//1364
f 1371//1371 1365//1365 1370//1370
f 1371//1371 1372//1372 1365//1365
f 1373//1373 1372//1372 1371//1371
f 1371//1371 1374//1374 1373//1373
f 1373//1373 1374//1374 1375//1375
f 1374//1374 1376//1376 1375//1375
f 1377//1377 1375//1375 1376//1376
f 1378//1378 1375//1375 1377//1377
f 1376//1376 1379//1379 1377//1377
f 1380//1380 1377//1377 1379//1379
f 1378//1378 1377//1377 1380//1380
f 1379//1379 1381//1381 1380//1380
f 1380//1380 1381//1381 1378//1378
f 1382//1382 1379//1379 1376//1376
f 1376//1376 1383//1383 1382//1382
f 1382//1382 1383//1383 1369//1369
f 1370//1370 1384//1384 1371//1371
f 1371//1371 1384//1384 1374//1374
f 1384//1384 1385//1385 1374//1374
f 1376//1376 1374//1374 1385//1385
f 1385//1385 1383//1383 1376//1376
f 1383//1383 1385//1385 1384//1384
f 1383//1383 1384//1384 1367//1367
f 1367//1367 1369//1369 1383//1383
f 1367//1367 1384//1384 1370//1370
f 1386//1386 1387//1387 1388//1388
f 1389//1389 1388//1388 1387//1387
f 1390//1390 1388//1388 1389//1389
f 1390//1390 1391//1391 1388//1388
f 1392//1392 1391//1391 1390//1390
f 1392//1392 1393//1393 1391//1391
f 1394//1394 1393//1393 1392//1392
f 1389//1389 1387//1387 1395//1395
f 1395//1395 1387//1387 1396//1396
f 1390//1390 1397//1397 1392//1392
f 1390//1390 1389//1389 1397//1397
f 1392//1392 1397//1397 1398//1398
f 1392//1392 1398//1398 1394//1394
f 1394//1394 1398//1398 1399//1399
f 1395//1395 1396//1396 1400//1400
f 1401//1401 1395//1395 1400//1400
f 1400//1400 1402//1402 1401//1401
f 1403//1403 1402//1402 1400//1400
f 1396//1396 1403//1403 1400//1400
f 1404//1404 1402//1402 1403//1403
f 1405//1405 1402//1402 1404//1404
f 1402//1402 1405//1405 1406//1406
f 1401//1401 1402//1402 1407//1407
f 1407//1407 1402//1402 1408//1408
f 1408//1408 1402//1402 1406//1406
f 1408//1408 1406//1406 1409//1409
f 1409//1409 1406//1406 1410//1410
f 1411//1411 1395//1395 1401//1401
f 1411//1411 1412//1412 1395//1395
f 1395//1395 1412//1412 1389//1389
f 1412//1412 1314//1314 1389//1389
f 1314//1314 1397//1397 1389//1389
f 1313//1313 1397//1397 1314//1314
f 1397//1397 1313//1313 1398//1398
f 1398//1398 1313//1313 1316//1316
f 1398//1398 1316//1316 1399//1399
f 1399//1399 1316//1316 1309//1309
f 1399//1399 1309//1309 1413//1413
f 1414//1414 1399//1399 1413//1413
f 1415//1415 1414//1414 1413//1413
f 1413//1413 1309//1309 1415//1415
f 1416//1416 1414//1414 1415//1415
f 1415//1415 1309//1309 1305//1305
f 1394//1394 1399//1399 1414//1414
f 1416//1416 1417//1417 1414//1414
f 1414//1414 1417//1417 1418//1418
f 1418//1418 1417//1417 1419//1419
f 1419//1419 1417//1417 1420//1420
f 1418//1418 1419//1419 1421//1421
f 1421//1421 1422//1422 1418//1418
f 1418//1418 1422//1422 1393//1393
f 1393//1393 1414//1414 1418//1418
f 1394//1394 1414//1414 1393//1393
f 1423//1423 1393//1393 1422//1422
f 1391//1391 1393//1393 1423//1423
f 1419//1419 1424//1424 1421//1421
f 1421//1421 1424//1424 1425//1425
f 1425//1425 1426//1426 1421//1421
f 1426//1426 1427//1427 1421//1421
f 1421//1421 1427//1427 1422//1422
f 1427//1427 1423//1423 1422//1422
f 1427//1427 1426//1426 1428//1428
f 1426//1426 1429//1429 1428//1428
f 1430//1430 1428//1428 1429//1429
f 1431//1431 1428//1428 1430//1430
f 1432//1432 1431//1431 1430//1430
f 1433//1433 1432//1432 1430//1430
f 1430//1430 1434//1434 1433//1433
f 1430//1430 1429//1429 1434//1434
f 1433//1433 1434//1434 1435//1435
f 1435//1435 1436//1436 1433//1433
f 1437//1437 1436//1436 1435//1435
f 1437//1437 1438//1438 1436//1436
f 1438//1438 1437//1437 1439//1439
f 1440//1440 1438//1438 1439//1439
f 1441//1441 1440//1440 1439//1439
f 1440//1440 1441//1441 1442//1442
f 1442//1442 1443//1443 1440//1440
f 1440//1440 1443//1443 1438//1438
f 1441//1441 1439//1439 1444//1444
f 1441//1441 1444//1444 1445//1445
f 1445//1445 1444//1444 1446//1446
f 1445//1445 1446//1446 1447//1447
f 1447//1447 1446//1446 1448//1448
f 1448//1448 1446//1446 1449//1449
f 1449//1449 1446//1446 1450//1450
f 1450//1450 1446//1446 1451//1451
f 1451//1451 1446//1446 1444//1444
f 1449//1449 1450//1450 1452//1452
f 1452//1452 1450//1450 1453//1453
f 1452//1452 1454//1454 1449//1449
f 1455//1455 1454//1454 1452//1452
f 1456//1456 1448//1448 1449//1449
f 1449//1449 1454//1454 1456//1456
f 1444//1444 1457//1457 1451//1451
f 1439//1439 1457//1457 1444//1444
f 1457//1457 1439//1439 1437//1437
f 1435//1435 1457//1457 1437//1437
f 1450//1450 1458//1458 1453//1453
f 1453//1453 1458//1458 1459//1459
f 1453//1453 1459//1459 1460//1460
f 1460//1460 1459//1459 1461//1461
f 1462//1462 1453//1453 1460//1460
f 1452//1452 1453//1453 1462//1462
f 1463//1463 1452//1452 1462//1462
f 1455//1455 1452//1452 1463//1463
f 1463//1463 1464//1464 1455//1455
f 1465//1465 1464//1464 1463//1463
f 1466//1466 1457//1457 1435//1435
f 1434//1434 1466//1466 1435//1435
f 1434//1434 1467//1467 1466//1466
f 1458//1458 1450//1450 1467//1467
f 1467//1467 1450//1450 1451//1451
f 1466//1466 1467//1467 1451//1451
f 1434//1434 1468//1468 1467//1467
f 1429//1429 1468//1468 1434//1434
f 1468//1468 1429//1429 1426//1426
f 1457//1457 1466//1466 1451//1451
f 1464//1464 1465//1465 1469//1469
f 1470//1470 1464//1464 1469//1469
f 1471//1471 1464//1464 1470//1470
f 1464//1464 1471//1471 1455//1455
f 1455//1455 1471//1471 1454//1454
f 1471//1471 1472//1472 1454//1454
f 1454//1454 1472//1472 1456//1456
f 1456//1456 1472//1472 1473//1473
f 1473//1473 1474//1474 1456//1456
f 1474//1474 1448//1448 1456//1456
f 1475//1475 1474//1474 1473//1473
f 1476//1476 1472//1472 1471//1471
f 1476//1476 1471//1471 1470//1470
f 1476//1476 1477//1477 1472//1472
f 1475//1475 1473//1473 1477//1477
f 1477//1477 1473//1473 1472//1472
f 1477//1477 1476//1476 1478//1478
f 1478//1478 1476//1476 1479//1479
f 1476//1476 1470//1470 1479//1479
f 1480//1480 1478//1478 1479//1479
f 1480//1480 1479//1479 1470//1470
f 1481//1481 1478//1478 1480//1480
f 1480//1480 1482//1482 1481//1481
f 1483//1483 1482//1482 1480//1480
f 1484//1484 1482//1482 1483//1483
f 1483//1483 1485//1485 1484//1484
f 1485//1485 1486//1486 1484//1484
f 1484//1484 1486//1486 1487//1487
f 1487//1487 1486//1486 1488//1488
f 1488//1488 1489//1489 1487//1487
f 1487//1487 1489//1489 1490//1490
f 1488//1488 1491//1491 1489//1489
f 1489//1489 1491//1491 1492//1492
f 1490//1490 1489//1489 1493//1493
f 1493//1493 1489//1489 1494//1494
f 1489//1489 1492//1492 1494//1494
f 1494//1494 1492//1492 1495//1495
f 1488//1488 1486//1486 1496//1496
f 1490//1490 1497//1497 1487//1487
f 1487//1487 1497//1497 1484//1484
f 1484//1484 1497//1497 1482//1482
f 1498//1498 1492//1492 1491//1491
f 1499//1499 1492//1492 1498//1498
f 1495//1495 1492//1492 1499//1499
f 1496//1496 1500//1500 1488//1488
f 1501//1501 1500//1500 1496//1496
f 1501//1501 1502//1502 1500//1500
f 1503//1503 1502//1502 1501//1501
f 1503//1503 1504//1504 1502//1502
f 1505//1505 1502//1502 1504//1504
f 1506//1506 1502//1502 1505//1505
f 1502//1502 1506//1506 1507//1507
f 1507//1507 1506//1506 1508//1508
f 1507//1507 1508//1508 1509//1509
f 1509//1509 1508//1508 1510//1510
f 1510//1510 1511//1511 1509//1509
f 1512//1512 1511//1511 1510//1510
f 1513//1513 1511//1511 1512//1512
f 1513//1513 1514//1514 1511//1511
f 1514//1514 1515//1515 1511//1511
f 1511//1511 1515//1515 1509//1509
f 1515//1515 1507//1507 1509//1509
f 1516//1516 1515//1515 1514//1514
f 1514//1514 1517//1517 1516//1516
f 1516//1516 1517//1517 1518//1518
f 1518//1518 1517//1517 1519//1519
f 1519//1519 1499//1499 1518//1518
f 1520//1520 1514//1514 1513//1513
f 1521//1521 1508//1508 1506//1506
f 1505//1505 1521//1521 1506//1506
f 1522//1522 1521//1521 1505//1505
f 1522//1522 1505//1505 1523//1523
f 1523//1523 1505//1505 1524//1524
f 1505//1505 1504//1504 1524//1524
f 1524//1524 1504//1504 1525//1525
f 1526//1526 1525//1525 1504//1504
f 1526//1526 1504//1504 1503//1503
f 1527//1527 1525//1525 1526//1526
f 1526//1526 1528//1528 1527//1527
f 1529//1529 1521//1521 1522//1522
f 1529//1529 1530//1530 1521//1521
f 1530//1530 1508//1508 1521//1521
f 1508//1508 1530//1530 1531//1531
f 1531//1531 1510//1510 1508//1508
f 1532//1532 1510//1510 1531//1531
f 1533//1533 1510//1510 1532//1532
f 1534//1534 1533//1533 1532//1532
f 1535//1535 1533//1533 1534//1534
f 1520//1520 1535//1535 1534//1534
f 1531//1531 1530//1530 1536//1536
f 1537//1537 1536//1536 1530//1530
f 1537//1537 1530//1530 1538//1538
f 1538//1538 1530//1530 1529//1529
f 1536//1536 1539//1539 1531//1531
f 1531//1531 1539//1539 1532//1532
f 1532//1532 1539//1539 1534//1534
f 1534//1534 1539//1539 1540//1540
f 1540//1540 703//703 1534//1534
f 1534//1534 703//703 1520//1520
f 1541//1541 1520//1520 703//703
f 1520//1520 1541//1541 1542//1542
f 1520//1520 1542//1542 1514//1514
f 1514//1514 1542//1542 1517//1517
f 1542//1542 1543//1543 1517//1517
f 1541//1541 1543//1543 1542//1542
f 1517//1517 1543//1543 1544//1544
f 1519//1519 1517//1517 1544//1544
f 1545//1545 1543//1543 1541//1541
f 1543//1543 1545//1545 1546//1546
f 1546//1546 1545//1545 739//739
f 1538//1538 1417//1417 1537//1537
f 1537//1537 1417//1417 1547//1547
f 1547//1547 1417//1417 1416//1416
f 1416//1416 1415//1415 1547//1547
f 1547//1547 1415//1415 1548//1548
f 1415//1415 1303//1303 1548//1548
f 1549//1549 1548//1548 1303//1303
f 1548//1548 1549//1549 1547//1547
f 1302//1302 1549//1549 1303//1303
f 1550//1550 1549//1549 1302//1302
f 1549//1549 1550//1550 1551//1551
f 1547//1547 1549//1549 1551//1551
f 1551//1551 1550//1550 1552//1552
f 1550//1550 1553//1553 1552//1552
f 1552//1552 1553//1553 1554//1554
f 1554//1554 1553//1553 1555//1555
f 1296//1296 1555//1555 1553//1553
f 1556//1556 1555//1555 1296//1296
f 1556//1556 1557//1557 1555//1555
f 1558//1558 1557//1557 1556//1556
f 1559//1559 1557//1557 1558//1558
f 1560//1560 1557//1557 1559//1559
f 1560//1560 1559//1559 1561//1561
f 1561//1561 1559//1559 1562//1562
f 1562//1562 1563//1563 1561//1561
f 1561//1561 1563//1563 1564//1564
f 1563//1563 1409//1409 1564//1564
f 1564//1564 1409//1409 1410//1410
f 1555//1555 1557//1557 690//690
f 1297//1297 1296//1296 1553//1553
f 1550//1550 1297//1297 1553//1553
f 1302//1302 1297//1297 1550//1550
f 690//690 1557//1557 692//692
f 1557//1557 1560//1560 692//692
f 1561//1561 1564//1564 1565//1565
f 1565//1565 1566//1566 1561//1561
f 693//693 1561//1561 1566//1566
f 1560//1560 1561//1561 693//693
f 692//692 1560//1560 693//693
f 693//693 1566//1566 695//695
f 1566//1566 1565//1565 1567//1567
f 1567//1567 1565//1565 3874//3874
f 1564//1564 3874//3874 1565//1565
f 3877//3877 3874//3874 1564//1564
f 3877//3877 1564//1564 1410//1410
f 3874//3874 1568//1568 1567//1567
f 1567//1567 1568//1568 1569//1569
f 695//695 1566//1566 1569//1569
f 1567//1567 1569//1569 1566//1566
f 1570//1570 1569//1569 1568//1568
f 1571//1571 1569//1569 1570//1570
f 1571//1571 695//695 1569//1569
f 732//732 695//695 1571//1571
f 732//732 1571//1571 1572//1572
f 1571//1571 1570//1570 1572//1572
f 734//734 732//732 1572//1572
f 1573//1573 734//734 1572//1572
f 739//739 734//734 1573//1573
f 1573//1573 1572//1572 1574//1574
f 1573//1573 1574//1574 1575//1575
f 1575//1575 739//739 1573//1573
f 1575//1575 1574//1574 1576//1576
f 1576//1576 1577//1577 1575//1575
f 1578//1578 1577//1577 1576//1576
f 1578//1578 1579//1579 1577//1577
f 1580//1580 1579//1579 1578//1578
f 1581//1581 1579//1579 1580//1580
f 1582//1582 1579//1579 1581//1581
f 1581//1581 1583//1583 1582//1582
f 1584//1584 1583//1583 1581//1581
f 1584//1584 1585//1585 1583//1583
f 1586//1586 1585//1585 1584//1584
f 1585//1585 1586//1586 1587//1587
f 1587//1587 1586//1586 1588//1588
f 1588//1588 1589//1589 1587//1587
f 1589//1589 1585//1585 1587//1587
f 1590//1590 1589//1589 1588//1588
f 1591//1591 1590//1590 1588//1588
f 1591//1591 1588//1588 1592//1592
f 1593//1593 1591//1591 1592//1592
f 1593//1593 1592//1592 1594//1594
f 1593//1593 1594//1594 1595//1595
f 1595//1595 1594//1594 1596//1596
f 1596//1596 1481//1481 1595//1595
f 1481//1481 1597//1597 1595//1595
f 1595//1595 1597//1597 1598//1598
f 1595//1595 1598//1598 1593//1593
f 1598//1598 1597//1597 1497//1497
f 1598//1598 1497//1497 1490//1490
f 1482//1482 1497//1497 1597//1597
f 1482//1482 1597//1597 1481//1481
f 1596//1596 1599//1599 1481//1481
f 1481//1481 1599//1599 1478//1478
f 1596//1596 1600//1600 1599//1599
f 1601//1601 1600//1600 1596//1596
f 1594//1594 1602//1602 1596//1596
f 1594//1594 1592//1592 1602//1602
f 1596//1596 1602//1602 1603//1603
f 1603//1603 1601//1601 1596//1596
f 1604//1604 1603//1603 1602//1602
f 1604//1604 1602//1602 1592//1592
f 1605//1605 1603//1603 1604//1604
f 1592//1592 1606//1606 1604//1604
f 1592//1592 1588//1588 1606//1606
f 1588//1588 1586//1586 1606//1606
f 1598//1598 1490//1490 1607//1607
f 1607//1607 1490//1490 1493//1493
f 1493//1493 1608//1608 1607//1607
f 1608//1608 1609//1609 1607//1607
f 1608//1608 1610//1610 1609//1609
f 1610//1610 1608//1608 1493//1493
f 1609//1609 1610//1610 1591//1591
f 1609//1609 1591//1591 1593//1593
f 1607//1607 1609//1609 1593//1593
f 1593//1593 1598//1598 1607//1607
f 1610//1610 1590//1590 1591//1591
f 1590//1590 1610//1610 1494//1494
f 1494//1494 1610//1610 1493//1493
f 1495//1495 1590//1590 1494//1494
f 1589//1589 1590//1590 1495//1495
f 1611//1611 1589//1589 1495//1495
f 1611//1611 1585//1585 1589//1589
f 1495//1495 1499//1499 1611//1611
f 1519//1519 1585//1585 1611//1611
f 1611//1611 1499//1499 1519//1519
f 1583//1583 1585//1585 1519//1519
f 1544//1544 1583//1583 1519//1519
f 1582//1582 1583//1583 1544//1544
f 1544//1544 1543//1543 1582//1582
f 1582//1582 1543//1543 1546//1546
f 1582//1582 1546//1546 1579//1579
f 1579//1579 1546//1546 1577//1577
f 1575//1575 1577//1577 1546//1546
f 1546//1546 739//739 1575//1575
f 1498//1498 1518//1518 1499//1499
f 1498//1498 1516//1516 1518//1518
f 1612//1612 1516//1516 1498//1498
f 1515//1515 1516//1516 1612//1612
f 1612//1612 1613//1613 1515//1515
f 1491//1491 1613//1613 1612//1612
f 1498//1498 1491//1491 1612//1612
f 1488//1488 1613//1613 1491//1491
f 1500//1500 1613//1613 1488//1488
f 1613//1613 1500//1500 1502//1502
f 1502//1502 1507//1507 1613//1613
f 1613//1613 1507//1507 1515//1515
f 1614//1614 1615//1615 1616//1616
f 1617//1617 1615//1615 1614//1614
f 1618//1618 1615//1615 1617//1617
f 1619//1619 1615//1615 1618//1618
f 1620//1620 1619//1619 1618//1618
f 1621//1621 1619//1619 1620//1620
f 1620//1620 1622//1622 1621//1621
f 1623//1623 1622//1622 1620//1620
f 1618//1618 1624//1624 1620//1620
f 1617//1617 1624//1624 1618//1618
f 1625//1625 1622//1622 1623//1623
f 1623//1623 1626//1626 1625//1625
f 1625//1625 1626//1626 1627//1627
f 1627//1627 1626//1626 1628//1628
f 1628//1628 1626//1626 1629//1629
f 1630//1630 1627//1627 1628//1628
f 1631//1631 1627//1627 1630//1630
f 1631//1631 1625//1625 1627//1627
f 1630//1630 1632//1632 1631//1631
f 1633//1633 1632//1632 1630//1630
f 1634//1634 1632//1632 1633//1633
f 1633//1633 1635//1635 1634//1634
f 1636//1636 1635//1635 1633//1633
f 1636//1636 1633//1633 1637//1637
f 1633//1633 1630//1630 1637//1637
f 1638//1638 1635//1635 1636//1636
f 1636//1636 1639//1639 1638//1638
f 1638//1638 1639//1639 1640//1640
f 1630//1630 1628//1628 1641//1641
f 1637//1637 1630//1630 1641//1641
f 1637//1637 1641//1641 1642//1642
f 1637//1637 1642//1642 1643//1643
f 1642//1642 1641//1641 1644//1644
f 1641//1641 1645//1645 1644//1644
f 1641//1641 1628//1628 1645//1645
f 1637//1637 1646//1646 1636//1636
f 1643//1643 1646//1646 1637//1637
f 1636//1636 1646//1646 1639//1639
f 1638//1638 1640//1640 1647//1647
f 1647//1647 1648//1648 1638//1638
f 1638//1638 1648//1648 1635//1635
f 1648//1648 1634//1634 1635//1635
f 1647//1647 1649//1649 1648//1648
f 1650//1650 1649//1649 1647//1647
f 1647//1647 1651//1651 1650//1650
f 1647//1647 1640//1640 1651//1651
f 1650//1650 1651//1651 1652//1652
f 1651//1651 1616//1616 1652//1652
f 1649//1649 1653//1653 1648//1648
f 1653//1653 1649//1649 1654//1654
f 1654//1654 1649//1649 1650//1650
f 1653//1653 1654//1654 1655//1655
f 1648//1648 1653//1653 1656//1656
f 1656//1656 1653//1653 1657//1657
f 1657//1657 1634//1634 1656//1656
f 1656//1656 1634//1634 1648//1648
f 1657//1657 1653//1653 1658//1658
f 1650//1650 1659//1659 1654//1654
f 1650//1650 1652//1652 1659//1659
f 1653//1653 1660//1660 1658//1658
f 1655//1655 1660//1660 1653//1653
f 1660//1660 1661//1661 1658//1658
f 1662//1662 1657//1657 1658//1658
f 1658//1658 1663//1663 1662//1662
f 1658//1658 1661//1661 1663//1663
f 1662//1662 1663//1663 1625//1625
f 1662//1662 1632//1632 1657//1657
f 1632//1632 1634//1634 1657//1657
f 1663//1663 1622//1622 1625//1625
f 1661//1661 1622//1622 1663//1663
f 1654//1654 1659//1659 1664//1664
f 1655//1655 1654//1654 1664//1664
f 1665//1665 1622//1622 1661//1661
f 1666//1666 1622//1622 1665//1665
f 1621//1621 1622//1622 1666//1666
f 1667//1667 1621//1621 1666//1666
f 1619//1619 1621//1621 1667//1667
f 1668//1668 1619//1619 1667//1667
f 1667//1667 1669//1669 1668//1668
f 1667//1667 1666//1666 1669//1669
f 1615//1615 1619//1619 1668//1668
f 1670//1670 1615//1615 1668//1668
f 1616//1616 1615//1615 1670//1670
f 1668//1668 1669//1669 1671//1671
f 1670//1670 1668//1668 1672//1672
f 1672//1672 1668//1668 1671//1671
f 1665//1665 1673//1673 1666//1666
f 1673//1673 1665//1665 1674//1674
f 1674//1674 1665//1665 1661//1661
f 1661//1661 1675//1675 1674//1674
f 1676//1676 1675//1675 1661//1661
f 1661//1661 1660//1660 1676//1676
f 1660//1660 1655//1655 1676//1676
f 1677//1677 1676//1676 1655//1655
f 1655//1655 1678//1678 1677//1677
f 1679//1679 1678//1678 1655//1655
f 1655//1655 1664//1664 1679//1679
f 1659//1659 1679//1679 1664//1664
f 1680//1680 1679//1679 1659//1659
f 1680//1680 1678//1678 1679//1679
f 1659//1659 1681//1681 1680//1680
f 1681//1681 1659//1659 1652//1652
f 1652//1652 1616//1616 1681//1681
f 1681//1681 1616//1616 1670//1670
f 1680//1680 1681//1681 1682//1682
f 1681//1681 1670//1670 1682//1682
f 1680//1680 1682//1682 1683//1683
f 1684//1684 1680//1680 1683//1683
f 1678//1678 1680//1680 1684//1684
f 1683//1683 1685//1685 1684//1684
f 1684//1684 1685//1685 1686//1686
f 1687//1687 1684//1684 1686//1686
f 1685//1685 1688//1688 1686//1686
f 1689//1689 1688//1688 1685//1685
f 1683//1683 1682//1682 1690//1690
f 1683//1683 1690//1690 1691//1691
f 1683//1683 1691//1691 1685//1685
f 1689//1689 1685//1685 1692//1692
f 1692//1692 1685//1685 1691//1691
f 1688//1688 1693//1693 1686//1686
f 1686//1686 1693//1693 1687//1687
f 1693//1693 1694//1694 1687//1687
f 1687//1687 1694//1694 1695//1695
f 1696//1696 1695//1695 1694//1694
f 1697//1697 1695//1695 1696//1696
f 1696//1696 1698//1698 1697//1697
f 1697//1697 1698//1698 1699//1699
f 1699//1699 1698//1698 1700//1700
f 1700//1700 1698//1698 1701//1701
f 1701//1701 1702//1702 1700//1700
f 1700//1700 1702//1702 1703//1703
f 1702//1702 1704//1704 1703//1703
f 1703//1703 1704//1704 1705//1705
f 1704//1704 1706//1706 1705//1705
f 1705//1705 1706//1706 1707//1707
f 1706//1706 1708//1708 1707//1707
f 1703//1703 1705//1705 1709//1709
f 1709//1709 1700//1700 1703//1703
f 1709//1709 1705//1705 1710//1710
f 1705//1705 1707//1707 1710//1710
f 1710//1710 1669//1669 1709//1709
f 1710//1710 1671//1671 1669//1669
f 1711//1711 1671//1671 1710//1710
f 1710//1710 1707//1707 1711//1711
f 1712//1712 1671//1671 1711//1711
f 1672//1672 1671//1671 1712//1712
f 1709//1709 1669//1669 1713//1713
f 1669//1669 1666//1666 1713//1713
f 1666//1666 1673//1673 1713//1713
f 1709//1709 1713//1713 1714//1714
f 1714//1714 1713//1713 1673//1673
f 1714//1714 1673//1673 1715//1715
f 1715//1715 1673//1673 1674//1674
f 1715//1715 1674//1674 1716//1716
f 1716//1716 1674//1674 1675//1675
f 1675//1675 1676//1676 1716//1716
f 1716//1716 1676//1676 1717//1717
f 1676//1676 1677//1677 1717//1717
f 1717//1717 1677//1677 1718//1718
f 1677//1677 1678//1678 1718//1718
f 1718//1718 1678//1678 1684//1684
f 1699//1699 1714//1714 1715//1715
f 1716//1716 1699//1699 1715//1715
f 1700//1700 1714//1714 1699//1699
f 1714//1714 1700//1700 1709//1709
f 1697//1697 1699//1699 1716//1716
f 1716//1716 1717//1717 1697//1697
f 1697//1697 1717//1717 1695//1695
f 1717//1717 1718//1718 1695//1695
f 1695//1695 1718//1718 1687//1687
f 1718//1718 1684//1684 1687//1687
f 1719//1719 633//633 1720//1720
f 639//639 633//633 1719//1719
f 1719//1719 643//643 639//639
f 1720//1720 1721//1721 1719//1719
f 641//641 1721//1721 1720//1720
f 1722//1722 1721//1721 641//641
f 1723//1723 1721//1721 1722//1722
f 1723//1723 1722//1722 1724//1724
f 1723//1723 1724//1724 1725//1725
f 1726//1726 1723//1723 1725//1725
f 1726//1726 1727//1727 1723//1723
f 1727//1727 1721//1721 1723//1723
f 1725//1725 1724//1724 1728//1728
f 1727//1727 1729//1729 1721//1721
f 1719//1719 1721//1721 1729//1729
f 1730//1730 1729//1729 1727//1727
f 1730//1730 1731//1731 1729//1729
f 1732//1732 1730//1730 1727//1727
f 1732//1732 1727//1727 1726//1726
f 1726//1726 1733//1733 1732//1732
f 1734//1734 1731//1731 1730//1730
f 1725//1725 1735//1735 1726//1726
f 1726//1726 1735//1735 1733//1733
f 1736//1736 1735//1735 1725//1725
f 1728//1728 1736//1736 1725//1725
f 1737//1737 1735//1735 1736//1736
f 1738//1738 1735//1735 1737//1737
f 1733//1733 1735//1735 1738//1738
f 1737//1737 1739//1739 1738//1738
f 1739//1739 1733//1733 1738//1738
f 1737//1737 1740//1740 1739//1739
f 1740//1740 1741//1741 1739//1739
f 1739//1739 1741//1741 1742//1742
f 1739//1739 1743//1743 1733//1733
f 1743//1743 1744//1744 1733//1733
f 1732//1732 1733//1733 1744//1744
f 1745//1745 1744//1744 1743//1743
f 1746//1746 1744//1744 1745//1745
f 1743//1743 1747//1747 1745//1745
f 1742//1742 1747//1747 1739//1739
f 1739//1739 1747//1747 1743//1743
f 1748//1748 1742//1742 1741//1741
f 1748//1748 1747//1747 1742//1742
f 1741//1741 1749//1749 1748//1748
f 1747//1747 1748//1748 1749//1749
f 1750//1750 1744//1744 1746//1746
f 1732//1732 1744//1744 1750//1750
f 1750//1750 1730//1730 1732//1732
f 1750//1750 1734//1734 1730//1730
f 1751//1751 1734//1734 1750//1750
f 1746//1746 1751//1751 1750//1750
f 1745//1745 1752//1752 1746//1746
f 1753//1753 1752//1752 1745//1745
f 1745//1745 1747//1747 1753//1753
f 1753//1753 1747//1747 1749//1749
f 1746//1746 1752//1752 1754//1754
f 1754//1754 1751//1751 1746//1746
f 1741//1741 1752//1752 1753//1753
f 1753//1753 1749//1749 1741//1741
f 1755//1755 1756//1756 1757//1757
f 1084//1084 1756//1756 1755//1755
f 1757//1757 1076//1076 1755//1755
f 1076//1076 1757//1757 1758//1758
f 1757//1757 1756//1756 1758//1758
f 1758//1758 1075//1075 1076//1076
f 1759//1759 1075//1075 1758//1758
f 1760//1760 1084//1084 1755//1755
f 1083//1083 1084//1084 1760//1760
f 1761//1761 1083//1083 1760//1760
f 1085//1085 1083//1083 1761//1761
f 1761//1761 1090//1090 1085//1085
f 1762//1762 1090//1090 1761//1761
f 1761//1761 1091//1091 1762//1762
f 1090//1090 1762//1762 1093//1093
f 1762//1762 1091//1091 1093//1093
f 1761//1761 1760//1760 1092//1092
f 1092//1092 1091//1091 1761//1761
f 1758//1758 306//306 1759//1759
f 1758//1758 1763//1763 306//306
f 1764//1764 1763//1763 1758//1758
f 1764//1764 270//270 1763//1763
f 255//255 270//270 1764//1764
f 1764//1764 1765//1765 255//255
f 1766//1766 1765//1765 1764//1764
f 255//255 1765//1765 265//265
f 1765//1765 1766//1766 1767//1767
f 1767//1767 265//265 1765//1765
f 1767//1767 1766//1766 1768//1768
f 266//266 265//265 1767//1767
f 1767//1767 1768//1768 1769//1769
f 1769//1769 1768//1768 1770//1770
f 1770//1770 1771//1771 1769//1769
f 1772//1772 1767//1767 1769//1769
f 266//266 1767//1767 1772//1772
f 1769//1769 1773//1773 1772//1772
f 1771//1771 1773//1773 1769//1769
f 1773//1773 1771//1771 1774//1774
f 1774//1774 1771//1771 1775//1775
f 1775//1775 1771//1771 1776//1776
f 1776//1776 1771//1771 1777//1777
f 1777//1777 1771//1771 1770//1770
f 1776//1776 1778//1778 1775//1775
f 1775//1775 1778//1778 1779//1779
f 1779//1779 1780//1780 1775//1775
f 1775//1775 1780//1780 1774//1774
f 1780//1780 1779//1779 1781//1781
f 1779//1779 1778//1778 1781//1781
f 1766//1766 1756//1756 1768//1768
f 1758//1758 1756//1756 1766//1766
f 1758//1758 1766//1766 1764//1764
f 1768//1768 1756//1756 1070//1070
f 1070//1070 1756//1756 1069//1069
f 1782//1782 1783//1783 786//786
f 786//786 1783//1783 785//785
f 1783//1783 1784//1784 785//785
f 1785//1785 1784//1784 1783//1783
f 1786//1786 1784//1784 1785//1785
f 770//770 1784//1784 1786//1786
f 771//771 1784//1784 770//770
f 783//783 1784//1784 771//771
f 1784//1784 783//783 785//785
f 1786//1786 1787//1787 770//770
f 770//770 1787//1787 767//767
f 1786//1786 1788//1788 1787//1787
f 1785//1785 1788//1788 1786//1786
f 1785//1785 1789//1789 1788//1788
f 1783//1783 1789//1789 1785//1785
f 1783//1783 1782//1782 1789//1789
f 1790//1790 1787//1787 1788//1788
f 1788//1788 1789//1789 1790//1790
f 1790//1790 1789//1789 1791//1791
f 766//766 1787//1787 1790//1790
f 766//766 767//767 1787//1787
f 1790//1790 1791//1791 832//832
f 832//832 1791//1791 833//833
f 1791//1791 835//835 833//833
f 832//832 834//834 1790//1790
f 1790//1790 834//834 766//766
f 766//766 834//834 764//764
f 1792//1792 835//835 1791//1791
f 1791//1791 1793//1793 1792//1792
f 1789//1789 1793//1793 1791//1791
f 1789//1789 1782//1782 1793//1793
f 786//786 1014//1014 1782//1782
f 788//788 1014//1014 786//786
f 1014//1014 788//788 1013//1013
f 1013//1013 788//788 1794//1794
f 1794//1794 1015//1015 1013//1013
f 795//795 1015//1015 1794//1794
f 795//795 1017//1017 1015//1015
f 796//796 1017//1017 795//795
f 506//506 1017//1017 796//796
f 788//788 793//793 1794//1794
f 1794//1794 793//793 795//795
f 797//797 506//506 796//796
f 505//505 506//506 797//797
f 799//799 505//505 797//797
f 503//503 505//505 799//799
f 799//799 501//501 503//503
f 1795//1795 1796//1796 1797//1797
f 1798//1798 1796//1796 1795//1795
f 1793//1793 1796//1796 1798//1798
f 1798//1798 1799//1799 1793//1793
f 1001//1001 1795//1795 1797//1797
f 941//941 1795//1795 1001//1001
f 941//941 1001//1001 942//942
f 941//941 940//940 1795//1795
f 1795//1795 940//940 1800//1800
f 1800//1800 1798//1798 1795//1795
f 1798//1798 1800//1800 943//943
f 1798//1798 943//943 1799//1799
f 940//940 943//943 1800//1800
f 1797//1797 1002//1002 1001//1001
f 1005//1005 1002//1002 1797//1797
f 1005//1005 1797//1797 1796//1796
f 1796//1796 1007//1007 1005//1005
f 1799//1799 943//943 1801//1801
f 835//835 1799//1799 1801//1801
f 943//943 479//479 1801//1801
f 1792//1792 1799//1799 835//835
f 1793//1793 1799//1799 1792//1792
f 1801//1801 479//479 474//474
f 474//474 473//473 1801//1801
f 1801//1801 473//473 835//835
f 943//943 937//937 479//479
f 480//480 479//479 937//937
f 942//942 1000//1000 946//946
f 946//946 1000//1000 949//949
f 480//480 916//916 920//920
f 480//480 920//920 481//481
f 1796//1796 1014//1014 1007//1007
f 1782//1782 1014//1014 1796//1796
f 1782//1782 1796//1796 1793//1793
f 810//810 1802//1802 814//814
f 1802//1802 810//810 809//809
f 809//809 1803//1803 1802//1802
f 1803//1803 809//809 812//812
f 812//812 789//789 1803//1803
f 1803//1803 789//789 791//791
f 1803//1803 791//791 1804//1804
f 791//791 778//778 1804//1804
f 1804//1804 778//778 1805//1805
f 790//790 778//778 791//791
f 814//814 1802//1802 817//817
f 1803//1803 817//817 1802//1802
f 828//828 817//817 1803//1803
f 1804//1804 828//828 1803//1803
f 1805//1805 828//828 1804//1804
f 819//819 828//828 1805//1805
f 827//827 819//819 1805//1805
f 1805//1805 778//778 827//827
f 778//778 777//777 827//827
f 812//812 792//792 789//789
f 776//776 779//779 790//790
f 790//790 784//784 776//776
f 372//372 1806//1806 1807//1807
f 1807//1807 366//366 372//372
f 375//375 1806//1806 372//372
f 1806//1806 375//375 373//373
f 1808//1808 1806//1806 373//373
f 1806//1806 1808//1808 1807//1807
f 1809//1809 366//366 1807//1807
f 1810//1810 1809//1809 1807//1807
f 1807//1807 1808//1808 1810//1810
f 1811//1811 1809//1809 1810//1810
f 1811//1811 1812//1812 1809//1809
f 1810//1810 362//362 1811//1811
f 362//362 1813//1813 1811//1811
f 1813//1813 1812//1812 1811//1811
f 368//368 362//362 1810//1810
f 1810//1810 1808//1808 368//368
f 1813//1813 1814//1814 1812//1812
f 1815//1815 1814//1814 1813//1813
f 360//360 1815//1815 1813//1813
f 360//360 1813//1813 362//362
f 1815//1815 1816//1816 1814//1814
f 1812//1812 1814//1814 364//364
f 1812//1812 364//364 1809//1809
f 1809//1809 364//364 366//366
f 374//374 1808//1808 373//373
f 368//368 1808//1808 374//374
f 1817//1817 1816//1816 1815//1815
f 1816//1816 1817//1817 1818//1818
f 262//262 1816//1816 1818//1818
f 1818//1818 263//263 262//262
f 356//356 1816//1816 262//262
f 262//262 260//260 356//356
f 357//357 1816//1816 356//356
f 364//364 1814//1814 357//357
f 1814//1814 1816//1816 357//357
f 1815//1815 352//352 1817//1817
f 1817//1817 352//352 358//358
f 1817//1817 358//358 1819//1819
f 1818//1818 1817//1817 1819//1819
f 1819//1819 272//272 1818//1818
f 272//272 263//263 1818//1818
f 273//273 272//272 1819//1819
f 1819//1819 358//358 273//273
f 260//260 344//344 356//356
f 340//340 344//344 260//260
f 355//355 352//352 1815//1815
f 355//355 1815//1815 360//360
f 1820//1820 1821//1821 1822//1822
f 1823//1823 1821//1821 1820//1820
f 1824//1824 1821//1821 1823//1823
f 1823//1823 1825//1825 1824//1824
f 1822//1822 1826//1826 1820//1820
f 1820//1820 1826//1826 1823//1823
f 1827//1827 1826//1826 1822//1822
f 1822//1822 1828//1828 1827//1827
f 1827//1827 1828//1828 1829//1829
f 1829//1829 1778//1778 1827//1827
f 1829//1829 1828//1828 1781//1781
f 1828//1828 1830//1830 1781//1781
f 1823//1823 1826//1826 1831//1831
f 1831//1831 1825//1825 1823//1823
f 1070//1070 1825//1825 1831//1831
f 1770//1770 1070//1070 1831//1831
f 1768//1768 1070//1070 1770//1770
f 1827//1827 1777//1777 1826//1826
f 1831//1831 1777//1777 1770//1770
f 1826//1826 1777//1777 1831//1831
f 1827//1827 1778//1778 1776//1776
f 1776//1776 1777//1777 1827//1827
f 1830//1830 1780//1780 1781//1781
f 1778//1778 1829//1829 1781//1781
f 1825//1825 1070//1070 1067//1067
f 1830//1830 1828//1828 1832//1832
f 1832//1832 1828//1828 1822//1822
f 1774//1774 1830//1830 1832//1832
f 1780//1780 1830//1830 1774//1774
f 1832//1832 1773//1773 1774//1774
f 1821//1821 1773//1773 1832//1832
f 1822//1822 1821//1821 1832//1832
f 1824//1824 1773//1773 1821//1821
f 1772//1772 1773//1773 1824//1824
f 1824//1824 269//269 1772//1772
f 1824//1824 1825//1825 269//269
f 269//269 1825//1825 346//346
f 346//346 268//268 269//269
f 1067//1067 1066//1066 1825//1825
f 1825//1825 1066//1066 346//346
f 346//346 1066//1066 338//338
f 1772//1772 269//269 266//266
f 1833//1833 337//337 1834//1834
f 1834//1834 337//337 340//340
f 347//347 337//337 1833//1833
f 347//347 1833//1833 1835//1835
f 1836//1836 347//347 1835//1835
f 276//276 347//347 1836//1836
f 1835//1835 1833//1833 1837//1837
f 1837//1837 1838//1838 1835//1835
f 1839//1839 1838//1838 1837//1837
f 1840//1840 1839//1839 1837//1837
f 1840//1840 1833//1833 1834//1834
f 1837//1837 1833//1833 1840//1840
f 1840//1840 1834//1834 1841//1841
f 1841//1841 1842//1842 1840//1840
f 1840//1840 1842//1842 1843//1843
f 1843//1843 1839//1839 1840//1840
f 1843//1843 1842//1842 1844//1844
f 1839//1839 1843//1843 1845//1845
f 1845//1845 1843//1843 1844//1844
f 1845//1845 1838//1838 1839//1839
f 1844//1844 1846//1846 1845//1845
f 1841//1841 1834//1834 261//261
f 1847//1847 1846//1846 1844//1844
f 1847//1847 1848//1848 1846//1846
f 1845//1845 1846//1846 1849//1849
f 1849//1849 1838//1838 1845//1845
f 1849//1849 1846//1846 1850//1850
f 1846//1846 1848//1848 1850//1850
f 1850//1850 1851//1851 1849//1849
f 1850//1850 1852//1852 1851//1851
f 1853//1853 1852//1852 1850//1850
f 1850//1850 1848//1848 1853//1853
f 1853//1853 1848//1848 1854//1854
f 1848//1848 1855//1855 1854//1854
f 1855//1855 1848//1848 1847//1847
f 1852//1852 1853//1853 1854//1854
f 1856//1856 1855//1855 1847//1847
f 1857//1857 1855//1855 1856//1856
f 1856//1856 1847//1847 1858//1858
f 1858//1858 1847//1847 1844//1844
f 1844//1844 1842//1842 1858//1858
f 1855//1855 1857//1857 1854//1854
f 1849//1849 1851//1851 1859//1859
f 1859//1859 1838//1838 1849//1849
f 1860//1860 1838//1838 1859//1859
f 1838//1838 1860//1860 1835//1835
f 1835//1835 1860//1860 1836//1836
f 645//645 1861//1861 646//646
f 651//651 1861//1861 645//645
f 646//646 1861//1861 1862//1862
f 1861//1861 1863//1863 1862//1862
f 656//656 1862//1862 1863//1863
f 654//654 1862//1862 656//656
f 654//654 646//646 1862//1862
f 1864//1864 656//656 1863//1863
f 1865//1865 656//656 1864//1864
f 1866//1866 656//656 1865//1865
f 657//657 656//656 1866//1866
f 1866//1866 1865//1865 1867//1867
f 1867//1867 1865//1865 1868//1868
f 1867//1867 1868//1868 1869//1869
f 1869//1869 1868//1868 1870//1870
f 1870//1870 1871//1871 1869//1869
f 1869//1869 1871//1871 1872//1872
f 1871//1871 1870//1870 1873//1873
f 1873//1873 1870//1870 1874//1874
f 1868//1868 1874//1874 1870//1870
f 1872//1872 1871//1871 1875//1875
f 1876//1876 1871//1871 1873//1873
f 1877//1877 1876//1876 1873//1873
f 1878//1878 1871//1871 1876//1876
f 1875//1875 1871//1871 1878//1878
f 1876//1876 1879//1879 1878//1878
f 1878//1878 1879//1879 1875//1875
f 1880//1880 1879//1879 1876//1876
f 1879//1879 1880//1880 1881//1881
f 1881//1881 1880//1880 1882//1882
f 1882//1882 1883//1883 1881//1881
f 1881//1881 1883//1883 1884//1884
f 1884//1884 1879//1879 1881//1881
f 1885//1885 1879//1879 1884//1884
f 1875//1875 1879//1879 1885//1885
f 1886//1886 1875//1875 1885//1885
f 1887//1887 1876//1876 1877//1877
f 1876//1876 1887//1887 1880//1880
f 1888//1888 1874//1874 1868//1868
f 1868//1868 1865//1865 1888//1888
f 1888//1888 1865//1865 1864//1864
f 1889//1889 1890//1890 1891//1891
f 1891//1891 1890//1890 1892//1892
f 1893//1893 1889//1889 1891//1891
f 1894//1894 1889//1889 1893//1893
f 1889//1889 1894//1894 627//627
f 1890//1890 1889//1889 627//627
f 629//629 1890//1890 627//627
f 640//640 1890//1890 629//629
f 627//627 1894//1894 626//626
f 640//640 648//648 1890//1890
f 1890//1890 648//648 1892//1892
f 1892//1892 648//648 649//649
f 1895//1895 1892//1892 649//649
f 1891//1891 1892//1892 1895//1895
f 1895//1895 649//649 671//671
f 672//672 1895//1895 671//671
f 673//673 1895//1895 672//672
f 673//673 1891//1891 1895//1895
f 1893//1893 1891//1891 673//673
f 1893//1893 673//673 619//619
f 619//619 673//673 606//606
f 1896//1896 1893//1893 619//619
f 1897//1897 1893//1893 1896//1896
f 1897//1897 1894//1894 1893//1893
f 1896//1896 1898//1898 1897//1897
f 1897//1897 1898//1898 1899//1899
f 1897//1897 1899//1899 1900//1900
f 1900//1900 1899//1899 1901//1901
f 1899//1899 894//894 1901//1901
f 1899//1899 887//887 894//894
f 1898//1898 887//887 1899//1899
f 1900//1900 1894//1894 1897//1897
f 1902//1902 1894//1894 1900//1900
f 1894//1894 1902//1902 626//626
f 626//626 1902//1902 622//622
f 622//622 1902//1902 625//625
f 1903//1903 1900//1900 1901//1901
f 1902//1902 1900//1900 1903//1903
f 1904//1904 1902//1902 1903//1903
f 625//625 1902//1902 1904//1904
f 625//625 1904//1904 624//624
f 624//624 1904//1904 1905//1905
f 1906//1906 624//624 1905//1905
f 623//623 624//624 1906//1906
f 1907//1907 623//623 1906//1906
f 1907//1907 1906//1906 878//878
f 880//880 1907//1907 878//878
f 878//878 1906//1906 881//881
f 1906//1906 1905//1905 881//881
f 1908//1908 1907//1907 880//880
f 1908//1908 1909//1909 1907//1907
f 1909//1909 623//623 1907//1907
f 620//620 623//623 1909//1909
f 1909//1909 617//617 620//620
f 1909//1909 618//618 617//617
f 1910//1910 618//618 1909//1909
f 1910//1910 1909//1909 1908//1908
f 618//618 1910//1910 619//619
f 619//619 1910//1910 1896//1896
f 1910//1910 1908//1908 1896//1896
f 1896//1896 1908//1908 1898//1898
f 1908//1908 880//880 1898//1898
f 1898//1898 880//880 887//887
f 881//881 1905//1905 888//888
f 1905//1905 889//889 888//888
f 1904//1904 889//889 1905//1905
f 1904//1904 1903//1903 889//889
f 889//889 1903//1903 890//890
f 1903//1903 1901//1901 890//890
f 890//890 1901//1901 891//891
f 1901//1901 894//894 891//891
f 1911//1911 1912//1912 1913//1913
f 1912//1912 1911//1911 1914//1914
f 1915//1915 1911//1911 1913//1913
f 1916//1916 1911//1911 1915//1915
f 1915//1915 1917//1917 1916//1916
f 1918//1918 1917//1917 1915//1915
f 1919//1919 1917//1917 1918//1918
f 1920//1920 1917//1917 1919//1919
f 1919//1919 1921//1921 1920//1920
f 1922//1922 1921//1921 1919//1919
f 1923//1923 1921//1921 1922//1922
f 1924//1924 1921//1921 1923//1923
f 1925//1925 1924//1924 1923//1923
f 1926//1926 1924//1924 1925//1925
f 1924//1924 1926//1926 1927//1927
f 1927//1927 1926//1926 1928//1928
f 1929//1929 1928//1928 1926//1926
f 1930//1930 1928//1928 1929//1929
f 1921//1921 1931//1931 1920//1920
f 1932//1932 1931//1931 1921//1921
f 1921//1921 1924//1924 1932//1932
f 1924//1924 1927//1927 1932//1932
f 1920//1920 1931//1931 1933//1933
f 1934//1934 1920//1920 1933//1933
f 1917//1917 1920//1920 1934//1934
f 1935//1935 1917//1917 1934//1934
f 1916//1916 1917//1917 1935//1935
f 1936//1936 1916//1916 1935//1935
f 1911//1911 1916//1916 1936//1936
f 1914//1914 1911//1911 1936//1936
f 1934//1934 1933//1933 1937//1937
f 1937//1937 1933//1933 1938//1938
f 1938//1938 1939//1939 1937//1937
f 1936//1936 1940//1940 1914//1914
f 1935//1935 1941//1941 1936//1936
f 1941//1941 1940//1940 1936//1936
f 1942//1942 1940//1940 1941//1941
f 1939//1939 1943//1943 1942//1942
f 1939//1939 1944//1944 1943//1943
f 1939//1939 1945//1945 1944//1944
f 1938//1938 1945//1945 1939//1939
f 1942//1942 1943//1943 1946//1946
f 1939//1939 1942//1942 1947//1947
f 1941//1941 1947//1947 1942//1942
f 1937//1937 1939//1939 1947//1947
f 1942//1942 1946//1946 1948//1948
f 1948//1948 1940//1940 1942//1942
f 1948//1948 1946//1946 1949//1949
f 1937//1937 1947//1947 1950//1950
f 1950//1950 1947//1947 1941//1941
f 1937//1937 1950//1950 1934//1934
f 1934//1934 1950//1950 1935//1935
f 1950//1950 1941//1941 1935//1935
f 1945//1945 1938//1938 1951//1951
f 1951//1951 1938//1938 1952//1952
f 1943//1943 1944//1944 1953//1953
f 1952//1952 1931//1931 1954//1954
f 1931//1931 1932//1932 1954//1954
f 1954//1954 1932//1932 1955//1955
f 1932//1932 1927//1927 1955//1955
f 1933//1933 1931//1931 1952//1952
f 1952//1952 1938//1938 1933//1933
f 1956//1956 1957//1957 1958//1958
f 1959//1959 1958//1958 1957//1957
f 1957//1957 1949//1949 1959//1959
f 1960//1960 1956//1956 1958//1958
f 1960//1960 1689//1689 1956//1956
f 1956//1956 1689//1689 1692//1692
f 1692//1692 1961//1961 1956//1956
f 1956//1956 1961//1961 1962//1962
f 1957//1957 1962//1962 1949//1949
f 1962//1962 1957//1957 1956//1956
f 1961//1961 1708//1708 1962//1962
f 1962//1962 1708//1708 1963//1963
f 1962//1962 1963//1963 1964//1964
f 1949//1949 1962//1962 1964//1964
f 1965//1965 1689//1689 1960//1960
f 1688//1688 1689//1689 1965//1965
f 1966//1966 1965//1965 1960//1960
f 1960//1960 1958//1958 1966//1966
f 1967//1967 1965//1965 1966//1966
f 1966//1966 1968//1968 1967//1967
f 1967//1967 1968//1968 1969//1969
f 1967//1967 1969//1969 1965//1965
f 1969//1969 1968//1968 1970//1970
f 1969//1969 1970//1970 1971//1971
f 1971//1971 1970//1970 1972//1972
f 1970//1970 1929//1929 1972//1972
f 1970//1970 1968//1968 1929//1929
f 1972//1972 1929//1929 1973//1973
f 1929//1929 1926//1926 1973//1973
f 1973//1973 1926//1926 1925//1925
f 1974//1974 1968//1968 1966//1966
f 1974//1974 1975//1975 1968//1968
f 1968//1968 1975//1975 1930//1930
f 1929//1929 1968//1968 1930//1930
f 1974//1974 1976//1976 1975//1975
f 1974//1974 1977//1977 1976//1976
f 1974//1974 1966//1966 1977//1977
f 1975//1975 1976//1976 1978//1978
f 1976//1976 1979//1979 1978//1978
f 1977//1977 1980//1980 1976//1976
f 1981//1981 1979//1979 1976//1976
f 1976//1976 1980//1980 1981//1981
f 1979//1979 1981//1981 1953//1953
f 1981//1981 1943//1943 1953//1953
f 1980//1980 1949//1949 1981//1981
f 1981//1981 1946//1946 1943//1943
f 1981//1981 1949//1949 1946//1946
f 1980//1980 1977//1977 1959//1959
f 1980//1980 1959//1959 1949//1949
f 1959//1959 1977//1977 1982//1982
f 1977//1977 1966//1966 1982//1982
f 1966//1966 1958//1958 1982//1982
f 1982//1982 1958//1958 1959//1959
f 1983//1983 1984//1984 1985//1985
f 1985//1985 1986//1986 1983//1983
f 1983//1983 1986//1986 1987//1987
f 1988//1988 1986//1986 1985//1985
f 1986//1986 1988//1988 1987//1987
f 1985//1985 1989//1989 1988//1988
f 1985//1985 1984//1984 1990//1990
f 1990//1990 1984//1984 1991//1991
f 1990//1990 1992//1992 1985//1985
f 1985//1985 1992//1992 1993//1993
f 1993//1993 1989//1989 1985//1985
f 1993//1993 1992//1992 1994//1994
f 1994//1994 1992//1992 1990//1990
f 1994//1994 1995//1995 1993//1993
f 1995//1995 1994//1994 1996//1996
f 1997//1997 1996//1996 1994//1994
f 1994//1994 1998//1998 1997//1997
f 1990//1990 1998//1998 1994//1994
f 1998//1998 1990//1990 1999//1999
f 1991//1991 1999//1999 1990//1990
f 1999//1999 2000//2000 1998//1998
f 1997//1997 1998//1998 2000//2000
f 2001//2001 2000//2000 1999//1999
f 2000//2000 2001//2001 2002//2002
f 2002//2002 2003//2003 2000//2000
f 2000//2000 2003//2003 1997//1997
f 2002//2002 2001//2001 2004//2004
f 2004//2004 2005//2005 2002//2002
f 2002//2002 2005//2005 2006//2006
f 2003//2003 2002//2002 2006//2006
f 1997//1997 2003//2003 2006//2006
f 1996//1996 1997//1997 2006//2006
f 2007//2007 1996//1996 2006//2006
f 1996//1996 2007//2007 1995//1995
f 2005//2005 2007//2007 2006//2006
f 2007//2007 2005//2005 2004//2004
f 2004//2004 2001//2001 2008//2008
f 1999//1999 2008//2008 2001//2001
f 2009//2009 2008//2008 1999//1999
f 2008//2008 2009//2009 2010//2010
f 2010//2010 2011//2011 2008//2008
f 2008//2008 2011//2011 2004//2004
f 1995//1995 2004//2004 2011//2011
f 2004//2004 1995//1995 2007//2007
f 2011//2011 1993//1993 1995//1995
f 1989//1989 1993//1993 2011//2011
f 2011//2011 2010//2010 1989//1989
f 1989//1989 2010//2010 2012//2012
f 2012//2012 2010//2010 2009//2009
f 2012//2012 1988//1988 1989//1989
f 1988//1988 2012//2012 1987//1987
f 2012//2012 2013//2013 1987//1987
f 2009//2009 2013//2013 2012//2012
f 2013//2013 2009//2009 1991//1991
f 1999//1999 1991//1991 2009//2009
f 1991//1991 2014//2014 2013//2013
f 2013//2013 2014//2014 1987//1987
f 2014//2014 1991//1991 1984//1984
f 1984//1984 1983//1983 2014//2014
f 2014//2014 1983//1983 1987//1987
f 2015//2015 2016//2016 2017//2017
f 2017//2017 2018//2018 2015//2015
f 2019//2019 2015//2015 2018//2018
f 2015//2015 2019//2019 2020//2020
f 2020//2020 2021//2021 2015//2015
f 2021//2021 2020//2020 2022//2022
f 2022//2022 2023//2023 2021//2021
f 2024//2024 2023//2023 2022//2022
f 2022//2022 2025//2025 2024//2024
f 2026//2026 2024//2024 2025//2025
f 2025//2025 2027//2027 2026//2026
f 2018//2018 2026//2026 2027//2027
f 2026//2026 2018//2018 2017//2017
f 2017//2017 2028//2028 2026//2026
f 2024//2024 2026//2026 2028//2028
f 2027//2027 2029//2029 2018//2018
f 2030//2030 2017//2017 2016//2016
f 2016//2016 2031//2031 2030//2030
f 2032//2032 2031//2031 2016//2016
f 2016//2016 2033//2033 2032//2032
f 2033//2033 2021//2021 2023//2023
f 2028//2028 2017//2017 2030//2030
f 2030//2030 2034//2034 2028//2028
f 2028//2028 2034//2034 2035//2035
f 2035//2035 2036//2036 2028//2028
f 2037//2037 2036//2036 2035//2035
f 2035//2035 2038//2038 2037//2037
f 2033//2033 2037//2037 2038//2038
f 2038//2038 2032//2032 2033//2033
f 2029//2029 2027//2027 2039//2039
f 2039//2039 2040//2040 2029//2029
f 2040//2040 2039//2039 2041//2041
f 2039//2039 2042//2042 2041//2041
f 2025//2025 2042//2042 2039//2039
f 2039//2039 2027//2027 2025//2025
f 2042//2042 2025//2025 2022//2022
f 2042//2042 2043//2043 2041//2041
f 2022//2022 2043//2043 2042//2042
f 2043//2043 2022//2022 2020//2020
f 2020//2020 2044//2044 2043//2043
f 2043//2043 2044//2044 2041//2041
f 2044//2044 2045//2045 2041//2041
f 2019//2019 2045//2045 2044//2044
f 2044//2044 2020//2020 2019//2019
f 2045//2045 2040//2040 2041//2041
f 2029//2029 2040//2040 2045//2045
f 2045//2045 2019//2019 2029//2029
f 2018//2018 2029//2029 2019//2019
f 2038//2038 2035//2035 2046//2046
f 2035//2035 2034//2034 2046//2046
f 2034//2034 2030//2030 2046//2046
f 2030//2030 2031//2031 2046//2046
f 2031//2031 2032//2032 2046//2046
f 2032//2032 2038//2038 2046//2046
f 2047//2047 2048//2048 2049//2049
f 2049//2049 2050//2050 2047//2047
f 2051//2051 2047//2047 2050//2050
f 2050//2050 2052//2052 2051//2051
f 2053//2053 2051//2051 2052//2052
f 2052//2052 2054//2054 2053//2053
f 2055//2055 2053//2053 2054//2054
f 2054//2054 2056//2056 2055//2055
f 2057//2057 2048//2048 2047//2047
f 2058//2058 2048//2048 2057//2057
f 2049//2049 2048//2048 2058//2058
f 2057//2057 2059//2059 2058//2058
f 2055//2055 2058//2058 2059//2059
f 2060//2060 2058//2058 2055//2055
f 2058//2058 2060//2060 2049//2049
f 2047//2047 2061//2061 2057//2057
f 2061//2061 2047//2047 2051//2051
f 2051//2051 2062//2062 2061//2061
f 2062//2062 2051//2051 2053//2053
f 2053//2053 2063//2063 2062//2062
f 2064//2064 2063//2063 2053//2053
f 2053//2053 2055//2055 2064//2064
f 2065//2065 2056//2056 2054//2054
f 2054//2054 2066//2066 2065//2065
f 2054//2054 2052//2052 2067//2067
f 2067//2067 2066//2066 2054//2054
f 2068//2068 2059//2059 2057//2057
f 2064//2064 2059//2059 2068//2068
f 2059//2059 2064//2064 2055//2055
f 2057//2057 2061//2061 2069//2069
f 2069//2069 2061//2061 2062//2062
f 2069//2069 2070//2070 2057//2057
f 2057//2057 2070//2070 2068//2068
f 2062//2062 2063//2063 2071//2071
f 2071//2071 2072//2072 2062//2062
f 2062//2062 2072//2072 2069//2069
f 2063//2063 2064//2064 2073//2073
f 2073//2073 2071//2071 2063//2063
f 2065//2065 2066//2066 2074//2074
f 2066//2066 2067//2067 2074//2074
f 2067//2067 2075//2075 2074//2074
f 2075//2075 2067//2067 2052//2052
f 2052//2052 2050//2050 2075//2075
f 2075//2075 2050//2050 2049//2049
f 2049//2049 2076//2076 2075//2075
f 2075//2075 2076//2076 2074//2074
f 2077//2077 2076//2076 2049//2049
f 2076//2076 2077//2077 2074//2074
f 2049//2049 2060//2060 2077//2077
f 2077//2077 2065//2065 2074//2074
f 2056//2056 2065//2065 2077//2077
f 2077//2077 2060//2060 2056//2056
f 2070//2070 2069//2069 2078//2078
f 2069//2069 2072//2072 2078//2078
f 2072//2072 2071//2071 2078//2078
f 2071//2071 2073//2073 2078//2078
f 2068//2068 2070//2070 2078//2078
f 2073//2073 2068//2068 2078//2078
f 2055//2055 2056//2056 2060//2060
f 2068//2068 2073//2073 2064//2064
f 2079//2079 2080//2080 2081//2081
f 2081//2081 2080//2080 2082//2082
f 2082//2082 2083//2083 2081//2081
f 2084//2084 2083//2083 2082//2082
f 2085//2085 2083//2083 2084//2084
f 2085//2085 2084//2084 2086//2086
f 2087//2087 2085//2085 2086//2086
f 2088//2088 2087//2087 2086//2086
f 2086//2086 2089//2089 2088//2088
f 2090//2090 2088//2088 2089//2089
f 2089//2089 2091//2091 2090//2090
f 2090//2090 2091//2091 2092//2092
f 2093//2093 2090//2090 2092//2092
f 2092//2092 2094//2094 2093//2093
f 2094//2094 2095//2095 2093//2093
f 2093//2093 2095//2095 2096//2096
f 2096//2096 2090//2090 2093//2093
f 2095//2095 2097//2097 2096//2096
f 2096//2096 2097//2097 2098//2098
f 2099//2099 2098//2098 2097//2097
f 2100//2100 2098//2098 2099//2099
f 906//906 2100//2100 2099//2099
f 905//905 2100//2100 906//906
f 2100//2100 2101//2101 2098//2098
f 2097//2097 2102//2102 2099//2099
f 2102//2102 2097//2097 2103//2103
f 2094//2094 2103//2103 2095//2095
f 2103//2103 2097//2097 2095//2095
f 2099//2099 2102//2102 2104//2104
f 2099//2099 2104//2104 906//906
f 2102//2102 2103//2103 2105//2105
f 906//906 2104//2104 907//907
f 2105//2105 2106//2106 2102//2102
f 2107//2107 907//907 2104//2104
f 2102//2102 2108//2108 2104//2104
f 2104//2104 2108//2108 2109//2109
f 2109//2109 2107//2107 2104//2104
f 2109//2109 2108//2108 2110//2110
f 2109//2109 2110//2110 2111//2111
f 2109//2109 2111//2111 2112//2112
f 2112//2112 2107//2107 2109//2109
f 2112//2112 2111//2111 2113//2113
f 2114//2114 2113//2113 2111//2111
f 2111//2111 2110//2110 2115//2115
f 2114//2114 2111//2111 2116//2116
f 2116//2116 2111//2111 2115//2115
f 2113//2113 2114//2114 2117//2117
f 2117//2117 2114//2114 2118//2118
f 2118//2118 2114//2114 2119//2119
f 2119//2119 2114//2114 2116//2116
f 2120//2120 2118//2118 2119//2119
f 2121//2121 2118//2118 2120//2120
f 2120//2120 2122//2122 2121//2121
f 2121//2121 2123//2123 2118//2118
f 2122//2122 2123//2123 2121//2121
f 2118//2118 2123//2123 2117//2117
f 2124//2124 2123//2123 2122//2122
f 2122//2122 2125//2125 2124//2124
f 2125//2125 929//929 2124//2124
f 2126//2126 929//929 2125//2125
f 929//929 2126//2126 2127//2127
f 2127//2127 2126//2126 2128//2128
f 2129//2129 2122//2122 2120//2120
f 2129//2129 2125//2125 2122//2122
f 2130//2130 2125//2125 2129//2129
f 2125//2125 2130//2130 2126//2126
f 2126//2126 2130//2130 2131//2131
f 2131//2131 2132//2132 2126//2126
f 2126//2126 2132//2132 2128//2128
f 2133//2133 2132//2132 2131//2131
f 2133//2133 2131//2131 2134//2134
f 2134//2134 2131//2131 2135//2135
f 2131//2131 2130//2130 2135//2135
f 2135//2135 2130//2130 2136//2136
f 2130//2130 2129//2129 2136//2136
f 2136//2136 2129//2129 2137//2137
f 2134//2134 2135//2135 2138//2138
f 2135//2135 2136//2136 2138//2138
f 2138//2138 2136//2136 4148//4148
f 4148//4148 2136//2136 2137//2137
f 4148//4148 2139//2139 2138//2138
f 4148//4148 2137//2137 2140//2140
f 2140//2140 2137//2137 2141//2141
f 2137//2137 2129//2129 2141//2141
f 2141//2141 2129//2129 2120//2120
f 2120//2120 2119//2119 2141//2141
f 2141//2141 2119//2119 2142//2142
f 2141//2141 2142//2142 2140//2140
f 2119//2119 2116//2116 2142//2142
f 2142//2142 2116//2116 2143//2143
f 2143//2143 2116//2116 2115//2115
f 2144//2144 2143//2143 2115//2115
f 2110//2110 2144//2144 2115//2115
f 2144//2144 2110//2110 2145//2145
f 2145//2145 2110//2110 2108//2108
f 2145//2145 2108//2108 2146//2146
f 2146//2146 2108//2108 2102//2102
f 2106//2106 2146//2146 2102//2102
f 2140//2140 2142//2142 3853//3853
f 2142//2142 2143//2143 3853//3853
f 2143//2143 2144//2144 3853//3853
f 3853//3853 2144//2144 4161//4161
f 4161//4161 2144//2144 2145//2145
f 4161//4161 2145//2145 2147//2147
f 2147//2147 2145//2145 2146//2146
f 2146//2146 2106//2106 2147//2147
f 2147//2147 2106//2106 2148//2148
f 2106//2106 2149//2149 2148//2148
f 2149//2149 2150//2150 2148//2148
f 2149//2149 2151//2151 2150//2150
f 2152//2152 2150//2150 2151//2151
f 2153//2153 2150//2150 2152//2152
f 2154//2154 2150//2150 2153//2153
f 2153//2153 2155//2155 2154//2154
f 2154//2154 2155//2155 2156//2156
f 2155//2155 2157//2157 2156//2156
f 2158//2158 2157//2157 2155//2155
f 2159//2159 2157//2157 2158//2158
f 2159//2159 2158//2158 2160//2160
f 2160//2160 2158//2158 2161//2161
f 2158//2158 2162//2162 2161//2161
f 2161//2161 2162//2162 2163//2163
f 2164//2164 2161//2161 2163//2163
f 2165//2165 2161//2161 2164//2164
f 2165//2165 2160//2160 2161//2161
f 2164//2164 2166//2166 2165//2165
f 2165//2165 2166//2166 2167//2167
f 2167//2167 2166//2166 2168//2168
f 2166//2166 2091//2091 2168//2168
f 2164//2164 2091//2091 2166//2166
f 2168//2168 2091//2091 2089//2089
f 2168//2168 2089//2089 2086//2086
f 2086//2086 2084//2084 2168//2168
f 2084//2084 2167//2167 2168//2168
f 2169//2169 2167//2167 2084//2084
f 2092//2092 2091//2091 2164//2164
f 2164//2164 2163//2163 2092//2092
f 2162//2162 2092//2092 2163//2163
f 2170//2170 2159//2159 2160//2160
f 2170//2170 2171//2171 2159//2159
f 2159//2159 2171//2171 2172//2172
f 2173//2173 2159//2159 2172//2172
f 2173//2173 2157//2157 2159//2159
f 2174//2174 2171//2171 2170//2170
f 2170//2170 2160//2160 2174//2174
f 2175//2175 2171//2171 2174//2174
f 2176//2176 2175//2175 2174//2174
f 2174//2174 2177//2177 2176//2176
f 2165//2165 2177//2177 2174//2174
f 2174//2174 2160//2160 2165//2165
f 2167//2167 2177//2177 2165//2165
f 2169//2169 2177//2177 2167//2167
f 2178//2178 2092//2092 2179//2179
f 2152//2152 2178//2178 2179//2179
f 2179//2179 2153//2153 2152//2152
f 2178//2178 2152//2152 2151//2151
f 2151//2151 2180//2180 2178//2178
f 2180//2180 2151//2151 2149//2149
f 2105//2105 2180//2180 2149//2149
f 2180//2180 2105//2105 2178//2178
f 2103//2103 2178//2178 2105//2105
f 2181//2181 2178//2178 2103//2103
f 2181//2181 2092//2092 2178//2178
f 2092//2092 2181//2181 2094//2094
f 2181//2181 2103//2103 2094//2094
f 2105//2105 2149//2149 2106//2106
f 2182//2182 2153//2153 2179//2179
f 2179//2179 2162//2162 2182//2182
f 2092//2092 2162//2162 2179//2179
f 2162//2162 2158//2158 2182//2182
f 2155//2155 2182//2182 2158//2158
f 2155//2155 2153//2153 2182//2182
f 2183//2183 2184//2184 2185//2185
f 2183//2183 2186//2186 2184//2184
f 2187//2187 2186//2186 2183//2183
f 2184//2184 2186//2186 2101//2101
f 2101//2101 2186//2186 2098//2098
f 2188//2188 2098//2098 2186//2186
f 2187//2187 2188//2188 2186//2186
f 2189//2189 2098//2098 2188//2188
f 2098//2098 2189//2189 2096//2096
f 2189//2189 2090//2090 2096//2096
f 2190//2190 2090//2090 2189//2189
f 2189//2189 2087//2087 2190//2190
f 2188//2188 2087//2087 2189//2189
f 2190//2190 2087//2087 2088//2088
f 2088//2088 2090//2090 2190//2190
f 2191//2191 2087//2087 2188//2188
f 2191//2191 2188//2188 2187//2187
f 2191//2191 2085//2085 2087//2087
f 2085//2085 2191//2191 2192//2192
f 2192//2192 2191//2191 2187//2187
f 2193//2193 2184//2184 2101//2101
f 2194//2194 2184//2184 2193//2193
f 2193//2193 2195//2195 2194//2194
f 2194//2194 2195//2195 2196//2196
f 2196//2196 2195//2195 2197//2197
f 2196//2196 2197//2197 2198//2198
f 2198//2198 2197//2197 2199//2199
f 2198//2198 2199//2199 2200//2200
f 2200//2200 2199//2199 2201//2201
f 2200//2200 2201//2201 2202//2202
f 2202//2202 2201//2201 2203//2203
f 2203//2203 2204//2204 2202//2202
f 2205//2205 2204//2204 2203//2203
f 2206//2206 2204//2204 2205//2205
f 2205//2205 2207//2207 2206//2206
f 2208//2208 2207//2207 2205//2205
f 2208//2208 2205//2205 2209//2209
f 2209//2209 2132//2132 2208//2208
f 2128//2128 2132//2132 2209//2209
f 2210//2210 2208//2208 2132//2132
f 2211//2211 2208//2208 2210//2210
f 2207//2207 2208//2208 2211//2211
f 2212//2212 2207//2207 2211//2211
f 2212//2212 2206//2206 2207//2207
f 2213//2213 2206//2206 2212//2212
f 2213//2213 2204//2204 2206//2206
f 2204//2204 2213//2213 2202//2202
f 2200//2200 2202//2202 2214//2214
f 2202//2202 2213//2213 2214//2214
f 2209//2209 2127//2127 2128//2128
f 2215//2215 2127//2127 2209//2209
f 2216//2216 2215//2215 2209//2209
f 2209//2209 2205//2205 2216//2216
f 2217//2217 2215//2215 2216//2216
f 2218//2218 2217//2217 2216//2216
f 2218//2218 2219//2219 2217//2217
f 2220//2220 2219//2219 2218//2218
f 2220//2220 2221//2221 2219//2219
f 2218//2218 2201//2201 2220//2220
f 2201//2201 2221//2221 2220//2220
f 2219//2219 2221//2221 2222//2222
f 2216//2216 2203//2203 2218//2218
f 2203//2203 2201//2201 2218//2218
f 2205//2205 2203//2203 2216//2216
f 2199//2199 2221//2221 2201//2201
f 2221//2221 2199//2199 2223//2223
f 2221//2221 2223//2223 2222//2222
f 2223//2223 2199//2199 2197//2197
f 2224//2224 2223//2223 2197//2197
f 2224//2224 2197//2197 2225//2225
f 2225//2225 2197//2197 2195//2195
f 2193//2193 2225//2225 2195//2195
f 2226//2226 2224//2224 2225//2225
f 2226//2226 2223//2223 2224//2224
f 2222//2222 2223//2223 2226//2226
f 2227//2227 2226//2226 2225//2225
f 2225//2225 2228//2228 2227//2227
f 2227//2227 2228//2228 2229//2229
f 2229//2229 2230//2230 2227//2227
f 2231//2231 2230//2230 2229//2229
f 2228//2228 2232//2232 2229//2229
f 2228//2228 2225//2225 2232//2232
f 2232//2232 2225//2225 2193//2193
f 2229//2229 2232//2232 2233//2233
f 2233//2233 2232//2232 2193//2193
f 2233//2233 2193//2193 2101//2101
f 2234//2234 2233//2233 2101//2101
f 2234//2234 2229//2229 2233//2233
f 2231//2231 2229//2229 2234//2234
f 2100//2100 2234//2234 2101//2101
f 2231//2231 2234//2234 2100//2100
f 905//905 2231//2231 2100//2100
f 2230//2230 2231//2231 905//905
f 2235//2235 2236//2236 2237//2237
f 2237//2237 2236//2236 2238//2238
f 2238//2238 2236//2236 2239//2239
f 2239//2239 2240//2240 2238//2238
f 2241//2241 2238//2238 2240//2240
f 2237//2237 2238//2238 2241//2241
f 2241//2241 2240//2240 2242//2242
f 2242//2242 2240//2240 2243//2243
f 2242//2242 2243//2243 2244//2244
f 2244//2244 2243//2243 2245//2245
f 2245//2245 2246//2246 2244//2244
f 2247//2247 2246//2246 2245//2245
f 2245//2245 2243//2243 2248//2248
f 2248//2248 2247//2247 2245//2245
f 2248//2248 2243//2243 2249//2249
f 2249//2249 2243//2243 2250//2250
f 2250//2250 2243//2243 2240//2240
f 2250//2250 2240//2240 2239//2239
f 2239//2239 2236//2236 2251//2251
f 2252//2252 2251//2251 2236//2236
f 2252//2252 2236//2236 2253//2253
f 2254//2254 2251//2251 2252//2252
f 2254//2254 2252//2252 2255//2255
f 2255//2255 2252//2252 2256//2256
f 2253//2253 2256//2256 2252//2252
f 2257//2257 2256//2256 2253//2253
f 2257//2257 2258//2258 2256//2256
f 2259//2259 2258//2258 2257//2257
f 2255//2255 2256//2256 2260//2260
f 2260//2260 2256//2256 2258//2258
f 2248//2248 2249//2249 2261//2261
f 2262//2262 2248//2248 2261//2261
f 2263//2263 2248//2248 2262//2262
f 2263//2263 2247//2247 2248//2248
f 2263//2263 2264//2264 2247//2247
f 2265//2265 2264//2264 2263//2263
f 2262//2262 2265//2265 2263//2263
f 2265//2265 2260//2260 2264//2264
f 2266//2266 2247//2247 2264//2264
f 2246//2246 2247//2247 2266//2266
f 2258//2258 2266//2266 2264//2264
f 2264//2264 2260//2260 2258//2258
f 2259//2259 2266//2266 2258//2258
f 2262//2262 2261//2261 2267//2267
f 2267//2267 2261//2261 2268//2268
f 2261//2261 2269//2269 2268//2268
f 2269//2269 2270//2270 2268//2268
f 2269//2269 2271//2271 2270//2270
f 2271//2271 2272//2272 2270//2270
f 2270//2270 2272//2272 2273//2273
f 2274//2274 2273//2273 2272//2272
f 2274//2274 2272//2272 2275//2275
f 2275//2275 2272//2272 2276//2276
f 2275//2275 2276//2276 2277//2277
f 2277//2277 2278//2278 2275//2275
f 2278//2278 2279//2279 2275//2275
f 2275//2275 2279//2279 2274//2274
f 2279//2279 2280//2280 2274//2274
f 2280//2280 2273//2273 2274//2274
f 2281//2281 2280//2280 2279//2279
f 2280//2280 2281//2281 2282//2282
f 2273//2273 2280//2280 2282//2282
f 2282//2282 2281//2281 2283//2283
f 2283//2283 2284//2284 2282//2282
f 2285//2285 2284//2284 2283//2283
f 2285//2285 2286//2286 2284//2284
f 2284//2284 2286//2286 2287//2287
f 2286//2286 2288//2288 2287//2287
f 2289//2289 2288//2288 2286//2286
f 2288//2288 2289//2289 2290//2290
f 2290//2290 2289//2289 2291//2291
f 2291//2291 2292//2292 2290//2290
f 2292//2292 2293//2293 2290//2290
f 2290//2290 2293//2293 2294//2294
f 2294//2294 2288//2288 2290//2290
f 2285//2285 2283//2283 2295//2295
f 2285//2285 2295//2295 2286//2286
f 2295//2295 2283//2283 2296//2296
f 2281//2281 2296//2296 2283//2283
f 2296//2296 2297//2297 2295//2295
f 2296//2296 2298//2298 2297//2297
f 2299//2299 2298//2298 2296//2296
f 2300//2300 2298//2298 2299//2299
f 2301//2301 2298//2298 2300//2300
f 2301//2301 2300//2300 2302//2302
f 2302//2302 2300//2300 2303//2303
f 2302//2302 2303//2303 2304//2304
f 2304//2304 2303//2303 2305//2305
f 2304//2304 2305//2305 2306//2306
f 2306//2306 2305//2305 2307//2307
f 2304//2304 2306//2306 2308//2308
f 2308//2308 2302//2302 2304//2304
f 2308//2308 2306//2306 2309//2309
f 2309//2309 2306//2306 2310//2310
f 2310//2310 2306//2306 2311//2311
f 2306//2306 2307//2307 2311//2311
f 2311//2311 2307//2307 2312//2312
f 2313//2313 2305//2305 2303//2303
f 2300//2300 2313//2313 2303//2303
f 2314//2314 2305//2305 2313//2313
f 2314//2314 2307//2307 2305//2305
f 2314//2314 2313//2313 2315//2315
f 2315//2315 2313//2313 2277//2277
f 2314//2314 2315//2315 2316//2316
f 2316//2316 2307//2307 2314//2314
f 2316//2316 2317//2317 2307//2307
f 2307//2307 2317//2317 2312//2312
f 2317//2317 2316//2316 2292//2292
f 2313//2313 2278//2278 2277//2277
f 2278//2278 2313//2313 2300//2300
f 2278//2278 2300//2300 2279//2279
f 2279//2279 2300//2300 2299//2299
f 2316//2316 2315//2315 2318//2318
f 2292//2292 2316//2316 2318//2318
f 2293//2293 2292//2292 2318//2318
f 2318//2318 2319//2319 2293//2293
f 2320//2320 2319//2319 2318//2318
f 2318//2318 2315//2315 2320//2320
f 2277//2277 2321//2321 2315//2315
f 2320//2320 2315//2315 2321//2321
f 2322//2322 2321//2321 2277//2277
f 2299//2299 2281//2281 2279//2279
f 2296//2296 2281//2281 2299//2299
f 2277//2277 2276//2276 2322//2322
f 2323//2323 2319//2319 2320//2320
f 2324//2324 2319//2319 2323//2323
f 2324//2324 2323//2323 2325//2325
f 2325//2325 2326//2326 2324//2324
f 2327//2327 2326//2326 2325//2325
f 2327//2327 2328//2328 2326//2326
f 2328//2328 2327//2327 2329//2329
f 2330//2330 2328//2328 2329//2329
f 2328//2328 2330//2330 2331//2331
f 2331//2331 2330//2330 2332//2332
f 2332//2332 2255//2255 2331//2331
f 2255//2255 2332//2332 2254//2254
f 2254//2254 2332//2332 2333//2333
f 2332//2332 2330//2330 2333//2333
f 2334//2334 2254//2254 2333//2333
f 2251//2251 2254//2254 2334//2334
f 2335//2335 2251//2251 2334//2334
f 2239//2239 2251//2251 2335//2335
f 2336//2336 2239//2239 2335//2335
f 2250//2250 2239//2239 2336//2336
f 2337//2337 2250//2250 2336//2336
f 2249//2249 2250//2250 2337//2337
f 2261//2261 2249//2249 2337//2337
f 2337//2337 2269//2269 2261//2261
f 2336//2336 2338//2338 2337//2337
f 2337//2337 2338//2338 2269//2269
f 2338//2338 2271//2271 2269//2269
f 2336//2336 2339//2339 2338//2338
f 2339//2339 2340//2340 2338//2338
f 2338//2338 2340//2340 2271//2271
f 2340//2340 2272//2272 2271//2271
f 2339//2339 2341//2341 2340//2340
f 2340//2340 2341//2341 2342//2342
f 2343//2343 2340//2340 2342//2342
f 2339//2339 2336//2336 2344//2344
f 2344//2344 2336//2336 2335//2335
f 2339//2339 2344//2344 2345//2345
f 2341//2341 2339//2339 2345//2345
f 2344//2344 2346//2346 2345//2345
f 2347//2347 2346//2346 2344//2344
f 2335//2335 2347//2347 2344//2344
f 2334//2334 2347//2347 2335//2335
f 2347//2347 2334//2334 2348//2348
f 2334//2334 2333//2333 2348//2348
f 2333//2333 2330//2330 2348//2348
f 2330//2330 2349//2349 2348//2348
f 2349//2349 2347//2347 2348//2348
f 2347//2347 2349//2349 2346//2346
f 2349//2349 2330//2330 2329//2329
f 2350//2350 2349//2349 2329//2329
f 2327//2327 2350//2350 2329//2329
f 2351//2351 2349//2349 2350//2350
f 2351//2351 2346//2346 2349//2349
f 2350//2350 2327//2327 2352//2352
f 2327//2327 2325//2325 2352//2352
f 2351//2351 2350//2350 2353//2353
f 2353//2353 2350//2350 2352//2352
f 2354//2354 2346//2346 2351//2351
f 2351//2351 2353//2353 2354//2354
f 2346//2346 2354//2354 2345//2345
f 2345//2345 2354//2354 2341//2341
f 2325//2325 2355//2355 2352//2352
f 2323//2323 2355//2355 2325//2325
f 2354//2354 2356//2356 2341//2341
f 2354//2354 2353//2353 2356//2356
f 2341//2341 2356//2356 2342//2342
f 2357//2357 2342//2342 2356//2356
f 2343//2343 2342//2342 2357//2357
f 2357//2357 2356//2356 2358//2358
f 2358//2358 2356//2356 2353//2353
f 2355//2355 2358//2358 2352//2352
f 2352//2352 2358//2358 2353//2353
f 2355//2355 2323//2323 2320//2320
f 2358//2358 2355//2355 2321//2321
f 2321//2321 2355//2355 2320//2320
f 2358//2358 2321//2321 2357//2357
f 2357//2357 2321//2321 2322//2322
f 2357//2357 2322//2322 2343//2343
f 2343//2343 2322//2322 2276//2276
f 2343//2343 2276//2276 2340//2340
f 2340//2340 2276//2276 2272//2272
f 2359//2359 2360//2360 1864//1864
f 1864//1864 2360//2360 1888//1888
f 2360//2360 2361//2361 1888//1888
f 1888//1888 2361//2361 1874//1874
f 2360//2360 2362//2362 2361//2361
f 2359//2359 2362//2362 2360//2360
f 2361//2361 2363//2363 1874//1874
f 2364//2364 2363//2363 2361//2361
f 2364//2364 2365//2365 2363//2363
f 2363//2363 2365//2365 1877//1877
f 2366//2366 2365//2365 2364//2364
f 1877//1877 2365//2365 2367//2367
f 1886//1886 2367//2367 2365//2365
f 1886//1886 2365//2365 2366//2366
f 2367//2367 1886//1886 1885//1885
f 1885//1885 2368//2368 2367//2367
f 2367//2367 2368//2368 1887//1887
f 1887//1887 1877//1877 2367//2367
f 2368//2368 1880//1880 1887//1887
f 2366//2366 1872//1872 1886//1886
f 2366//2366 1869//1869 1872//1872
f 1886//1886 1872//1872 1875//1875
f 1885//1885 1884//1884 2368//2368
f 2369//2369 1869//1869 2366//2366
f 2369//2369 2366//2366 2364//2364
f 2369//2369 1867//1867 1869//1869
f 2370//2370 1867//1867 2369//2369
f 2370//2370 2369//2369 2362//2362
f 2369//2369 2371//2371 2362//2362
f 2370//2370 1866//1866 1867//1867
f 2368//2368 1884//1884 2372//2372
f 2372//2372 1882//1882 2368//2368
f 2368//2368 1882//1882 1880//1880
f 1882//1882 2372//2372 1883//1883
f 1884//1884 1883//1883 2372//2372
f 2364//2364 2371//2371 2369//2369
f 2361//2361 2371//2371 2364//2364
f 2371//2371 2361//2361 2362//2362
f 2370//2370 2362//2362 2373//2373
f 2373//2373 1866//1866 2370//2370
f 2373//2373 657//657 1866//1866
f 659//659 657//657 2373//2373
f 2374//2374 659//659 2373//2373
f 2373//2373 2362//2362 2374//2374
f 2375//2375 659//659 2374//2374
f 659//659 2375//2375 2376//2376
f 2376//2376 660//660 659//659
f 660//660 2376//2376 2377//2377
f 2377//2377 1363//1363 660//660
f 660//660 1363//1363 1366//1366
f 1366//1366 658//658 660//660
f 1366//1366 2378//2378 658//658
f 1366//1366 1365//1365 2378//2378
f 2378//2378 1365//1365 1372//1372
f 571//571 2377//2377 2376//2376
f 2359//2359 2375//2375 2374//2374
f 2374//2374 2362//2362 2359//2359
f 553//553 2375//2375 2359//2359
f 553//553 2359//2359 1863//1863
f 1863//1863 2359//2359 1864//1864
f 553//553 554//554 2375//2375
f 2379//2379 2380//2380 2381//2381
f 2382//2382 2380//2380 2379//2379
f 2382//2382 2383//2383 2380//2380
f 2382//2382 2384//2384 2383//2383
f 2383//2383 2384//2384 2385//2385
f 2385//2385 2384//2384 2386//2386
f 2386//2386 2384//2384 2387//2387
f 2384//2384 2388//2388 2387//2387
f 2389//2389 2388//2388 2384//2384
f 2386//2386 2390//2390 2385//2385
f 2385//2385 2390//2390 2391//2391
f 2382//2382 2392//2392 2384//2384
f 2384//2384 2392//2392 2389//2389
f 2382//2382 2379//2379 2392//2392
f 2392//2392 2379//2379 2393//2393
f 2379//2379 2394//2394 2393//2393
f 2395//2395 2385//2385 2391//2391
f 2395//2395 2383//2383 2385//2385
f 2395//2395 2391//2391 2396//2396
f 2395//2395 2396//2396 2397//2397
f 2396//2396 2391//2391 2398//2398
f 2390//2390 2398//2398 2391//2391
f 2396//2396 2399//2399 2397//2397
f 2397//2397 2399//2399 2400//2400
f 2401//2401 2397//2397 2400//2400
f 2399//2399 2396//2396 2402//2402
f 2402//2402 2396//2396 2398//2398
f 2398//2398 2403//2403 2402//2402
f 2403//2403 2398//2398 2390//2390
f 2402//2402 2403//2403 2404//2404
f 2403//2403 2405//2405 2404//2404
f 2395//2395 2397//2397 2406//2406
f 2406//2406 2397//2397 2407//2407
f 2407//2407 2397//2397 2401//2401
f 2407//2407 2408//2408 2406//2406
f 2407//2407 2409//2409 2408//2408
f 2407//2407 2401//2401 2409//2409
f 2408//2408 2409//2409 2410//2410
f 2410//2410 2411//2411 2408//2408
f 2411//2411 2412//2412 2408//2408
f 2411//2411 2413//2413 2412//2412
f 2412//2412 2413//2413 2414//2414
f 2413//2413 2390//2390 2414//2414
f 2415//2415 2411//2411 2410//2410
f 2415//2415 2416//2416 2411//2411
f 2411//2411 2416//2416 2413//2413
f 2414//2414 2390//2390 2386//2386
f 2386//2386 2387//2387 2414//2414
f 2414//2414 2387//2387 2417//2417
f 2414//2414 2417//2417 2412//2412
f 2387//2387 2388//2388 2417//2417
f 2418//2418 2410//2410 2409//2409
f 2419//2419 2416//2416 2415//2415
f 2417//2417 2388//2388 2394//2394
f 2390//2390 2413//2413 2403//2403
f 2420//2420 2413//2413 2416//2416
f 2420//2420 2403//2403 2413//2413
f 2419//2419 2415//2415 2421//2421
f 2422//2422 2421//2421 2418//2418
f 2423//2423 2419//2419 2421//2421
f 2423//2423 2421//2421 2422//2422
f 2421//2421 2410//2410 2418//2418
f 2421//2421 2415//2415 2410//2410
f 2405//2405 2403//2403 2420//2420
f 2419//2419 2424//2424 2416//2416
f 2425//2425 2405//2405 2420//2420
f 2425//2425 2420//2420 2416//2416
f 2416//2416 2426//2426 2425//2425
f 2424//2424 2426//2426 2416//2416
f 2425//2425 2426//2426 2427//2427
f 2426//2426 2428//2428 2427//2427
f 2429//2429 2428//2428 2426//2426
f 2424//2424 2429//2429 2426//2426
f 2430//2430 2428//2428 2429//2429
f 2430//2430 2429//2429 2431//2431
f 2429//2429 2424//2424 2431//2431
f 2432//2432 2431//2431 2424//2424
f 2430//2430 2431//2431 2433//2433
f 2433//2433 2431//2431 2434//2434
f 2434//2434 2431//2431 2432//2432
f 2434//2434 2432//2432 2435//2435
f 2435//2435 2433//2433 2434//2434
f 2435//2435 2432//2432 2423//2423
f 2435//2435 2423//2423 1387//1387
f 1386//1386 2433//2433 2435//2435
f 1387//1387 1386//1386 2435//2435
f 2428//2428 2436//2436 2427//2427
f 2432//2432 2424//2424 2419//2419
f 2432//2432 2419//2419 2423//2423
f 1387//1387 2423//2423 2422//2422
f 1396//1396 1387//1387 2422//2422
f 2422//2422 1403//1403 1396//1396
f 1403//1403 2422//2422 2437//2437
f 2437//2437 2438//2438 1403//1403
f 2439//2439 2438//2438 2437//2437
f 2401//2401 2439//2439 2437//2437
f 2437//2437 2409//2409 2401//2401
f 2418//2418 2409//2409 2437//2437
f 2437//2437 2422//2422 2418//2418
f 2400//2400 2439//2439 2401//2401
f 2399//2399 2439//2439 2400//2400
f 2440//2440 2439//2439 2399//2399
f 2440//2440 2441//2441 2439//2439
f 2439//2439 2441//2441 2438//2438
f 2440//2440 2442//2442 2441//2441
f 2440//2440 2399//2399 2443//2443
f 2443//2443 2444//2444 2440//2440
f 2440//2440 2444//2444 2445//2445
f 2445//2445 2442//2442 2440//2440
f 2427//2427 2442//2442 2445//2445
f 2436//2436 2442//2442 2427//2427
f 2444//2444 2425//2425 2445//2445
f 2445//2445 2425//2425 2427//2427
f 2443//2443 2402//2402 2444//2444
f 2443//2443 2399//2399 2402//2402
f 2425//2425 2444//2444 2405//2405
f 2444//2444 2402//2402 2404//2404
f 2405//2405 2444//2444 2404//2404
f 1355//1355 1357//1357 2446//2446
f 2446//2446 1357//1357 2447//2447
f 1357//1357 1362//1362 2447//2447
f 2447//2447 1362//1362 2448//2448
f 2378//2378 2446//2446 2447//2447
f 1372//1372 2446//2446 2378//2378
f 1373//1373 2446//2446 1372//1372
f 658//658 2447//2447 2448//2448
f 2378//2378 2447//2447 658//658
f 2446//2446 1368//1368 1355//1355
f 2449//2449 1368//1368 2446//2446
f 2449//2449 2446//2446 1373//1373
f 2449//2449 2450//2450 1368//1368
f 1373//1373 2450//2450 2449//2449
f 1368//1368 2450//2450 1369//1369
f 1382//1382 1369//1369 2450//2450
f 2450//2450 1379//1379 1382//1382
f 2451//2451 1379//1379 2450//2450
f 2450//2450 1375//1375 2451//2451
f 1375//1375 2450//2450 1373//1373
f 2451//2451 1375//1375 1378//1378
f 1381//1381 2451//2451 1378//1378
f 2451//2451 1381//1381 1379//1379
f 658//658 2448//2448 655//655
f 655//655 2448//2448 2452//2452
f 655//655 2452//2452 653//653
f 2452//2452 661//661 653//653
f 580//580 661//661 2452//2452
f 2448//2448 580//580 2452//2452
f 1362//1362 580//580 2448//2448
f 2453//2453 991//991 992//992
f 1332//1332 991//991 2453//2453
f 1332//1332 1331//1331 991//991
f 1335//1335 991//991 1331//1331
f 1330//1330 1335//1335 1331//1331
f 990//990 991//991 1335//1335
f 2454//2454 990//990 1335//1335
f 2454//2454 1335//1335 2455//2455
f 2455//2455 4160//4160 2454//2454
f 2456//2456 2454//2454 4160//4160
f 2456//2456 986//986 2454//2454
f 986//986 990//990 2454//2454
f 985//985 986//986 2456//2456
f 984//984 985//985 2456//2456
f 1335//1335 4153//4153 2455//2455
f 2455//2455 4153//4153 4154//4154
f 2456//2456 4160//4160 1323//1323
f 4156//4156 4160//4160 4155//4155
f 1332//1332 2453//2453 1328//1328
f 1328//1328 2453//2453 1337//1337
f 2453//2453 1338//1338 1337//1337
f 1354//1354 1338//1338 2453//2453
f 1354//1354 2453//2453 1025//1025
f 1350//1350 1354//1354 1025//1025
f 1025//1025 2453//2453 992//992
f 1025//1025 1024//1024 1350//1350
f 1350//1350 1024//1024 2457//2457
f 2457//2457 1024//1024 1019//1019
f 1019//1019 1353//1353 2457//2457
f 1353//1353 1352//1352 2457//2457
f 1352//1352 1351//1351 2457//2457
f 2457//2457 1351//1351 1350//1350
f 1351//1351 1349//1349 1350//1350
f 1018//1018 1353//1353 1019//1019
f 1018//1018 1343//1343 1353//1353
f 1353//1353 4157//4157 1342//1342
f 1351//1351 1352//1352 1341//1341
f 4159//4159 1352//1352 4158//4158
f 1315//1315 1314//1314 1412//1412
f 1315//1315 1412//1412 2458//2458
f 2459//2459 1315//1315 2458//2458
f 2458//2458 2460//2460 2459//2459
f 2459//2459 2460//2460 2461//2461
f 2461//2461 2462//2462 2459//2459
f 2463//2463 2462//2462 2461//2461
f 2460//2460 1407//1407 2461//2461
f 2461//2461 1407//1407 2464//2464
f 2461//2461 2464//2464 2463//2463
f 1407//1407 2460//2460 1401//1401
f 2460//2460 1411//1411 1401//1401
f 2458//2458 1411//1411 2460//2460
f 2458//2458 1412//1412 1411//1411
f 1318//1318 1315//1315 2459//2459
f 1407//1407 1408//1408 2464//2464
f 2464//2464 1408//1408 2465//2465
f 1408//1408 1409//1409 2465//2465
f 2464//2464 2465//2465 2466//2466
f 2463//2463 2464//2464 2466//2466
f 2466//2466 2465//2465 2467//2467
f 2467//2467 455//455 2466//2466
f 2466//2466 455//455 453//453
f 2466//2466 453//453 2463//2463
f 2465//2465 2468//2468 2467//2467
f 2465//2465 1409//1409 2468//2468
f 2467//2467 2468//2468 2469//2469
f 2467//2467 465//465 455//455
f 2469//2469 465//465 2467//2467
f 2463//2463 453//453 457//457
f 2470//2470 2463//2463 457//457
f 2462//2462 2463//2463 2470//2470
f 1321//1321 2462//2462 2470//2470
f 1320//1320 2462//2462 1321//1321
f 1320//1320 2459//2459 2462//2462
f 1318//1318 2459//2459 1320//1320
f 2471//2471 2472//2472 2473//2473
f 2473//2473 2474//2474 2471//2471
f 2471//2471 2474//2474 2475//2475
f 2475//2475 2474//2474 2476//2476
f 2475//2475 2476//2476 709//709
f 709//709 2471//2471 2475//2475
f 709//709 2476//2476 2477//2477
f 2478//2478 2477//2477 2476//2476
f 721//721 2471//2471 709//709
f 2479//2479 2476//2476 2474//2474
f 2478//2478 2476//2476 2479//2479
f 721//721 717//717 2471//2471
f 2471//2471 717//717 2480//2480
f 2480//2480 2472//2472 2471//2471
f 2480//2480 2481//2481 2472//2472
f 2472//2472 2481//2481 2482//2482
f 2481//2481 2479//2479 2482//2482
f 2478//2478 2479//2479 2481//2481
f 2480//2480 717//717 716//716
f 716//716 2481//2481 2480//2480
f 718//718 2481//2481 716//716
f 718//718 2483//2483 2481//2481
f 2481//2481 2483//2483 2478//2478
f 2483//2483 718//718 729//729
f 710//710 709//709 2477//2477
f 710//710 2477//2477 729//729
f 729//729 2477//2477 2483//2483
f 729//729 727//727 710//710
f 2484//2484 710//710 727//727
f 730//730 2484//2484 727//727
f 737//737 2484//2484 730//730
f 737//737 705//705 2484//2484
f 2484//2484 705//705 710//710
f 737//737 2485//2485 705//705
f 738//738 2485//2485 737//737
f 700//700 705//705 2485//2485
f 700//700 2485//2485 2486//2486
f 2486//2486 2485//2485 1545//1545
f 2485//2485 738//738 1545//1545
f 1545//1545 738//738 739//739
f 1541//1541 2486//2486 1545//1545
f 1541//1541 701//701 2486//2486
f 2486//2486 701//701 700//700
f 703//703 701//701 1541//1541
f 1540//1540 691//691 703//703
f 690//690 691//691 1540//1540
f 2487//2487 1851//1851 2488//2488
f 2487//2487 2488//2488 1858//1858
f 1858//1858 2488//2488 1856//1856
f 2488//2488 2489//2489 1856//1856
f 2488//2488 1852//1852 2489//2489
f 1851//1851 1852//1852 2488//2488
f 1856//1856 2489//2489 1857//1857
f 1857//1857 2489//2489 1854//1854
f 2489//2489 1852//1852 1854//1854
f 1858//1858 1842//1842 2487//2487
f 2487//2487 1842//1842 2490//2490
f 1841//1841 2490//2490 1842//1842
f 2487//2487 2490//2490 1859//1859
f 1859//1859 1851//1851 2487//2487
f 1859//1859 2490//2490 1860//1860
f 2491//2491 1860//1860 2490//2490
f 2491//2491 2490//2490 1841//1841
f 1836//1836 1860//1860 2491//2491
f 2491//2491 276//276 1836//1836
f 275//275 276//276 2491//2491
f 2491//2491 261//261 275//275
f 1841//1841 261//261 2491//2491
f 2492//2492 2493//2493 2494//2494
f 2492//2492 902//902 2493//2493
f 2494//2494 2226//2226 2492//2492
f 2495//2495 2226//2226 2494//2494
f 2494//2494 2493//2493 2495//2495
f 2222//2222 2226//2226 2495//2495
f 2495//2495 2219//2219 2222//2222
f 2496//2496 2219//2219 2495//2495
f 2217//2217 2219//2219 2496//2496
f 2492//2492 2226//2226 2227//2227
f 2495//2495 2497//2497 2496//2496
f 2495//2495 2493//2493 2497//2497
f 2493//2493 899//899 2497//2497
f 902//902 899//899 2493//2493
f 2497//2497 899//899 898//898
f 2496//2496 2497//2497 898//898
f 898//898 2498//2498 2496//2496
f 2496//2496 2498//2498 2217//2217
f 898//898 895//895 2498//2498
f 2498//2498 895//895 2499//2499
f 2499//2499 2215//2215 2498//2498
f 2498//2498 2215//2215 2217//2217
f 2499//2499 930//930 2215//2215
f 2215//2215 930//930 2127//2127
f 2499//2499 928//928 930//930
f 2500//2500 928//928 2499//2499
f 2499//2499 895//895 2500//2500
f 2500//2500 411//411 928//928
f 409//409 411//411 2500//2500
f 895//895 409//409 2500//2500
f 2230//2230 2501//2501 2227//2227
f 2501//2501 2230//2230 905//905
f 903//903 2501//2501 905//905
f 2501//2501 903//903 902//902
f 2501//2501 902//902 2492//2492
f 2227//2227 2501//2501 2492//2492
f 557//557 2502//2502 2503//2503
f 2504//2504 2502//2502 557//557
f 2502//2502 2504//2504 2505//2505
f 2504//2504 2506//2506 2505//2505
f 557//557 2506//2506 2504//2504
f 2506//2506 2507//2507 2505//2505
f 2506//2506 550//550 2507//2507
f 551//551 550//550 2506//2506
f 556//556 2506//2506 557//557
f 551//551 2506//2506 556//556
f 2503//2503 2502//2502 2508//2508
f 2507//2507 2502//2502 2505//2505
f 550//550 2502//2502 2507//2507
f 2508//2508 2502//2502 550//550
f 2509//2509 1928//1928 1930//1930
f 2510//2510 1928//1928 2509//2509
f 2510//2510 1927//1927 1928//1928
f 2511//2511 1927//1927 2510//2510
f 2511//2511 1955//1955 1927//1927
f 2512//2512 1955//1955 2511//2511
f 1930//1930 2513//2513 2509//2509
f 1975//1975 2513//2513 1930//1930
f 1978//1978 2513//2513 1975//1975
f 2509//2509 2513//2513 2514//2514
f 2509//2509 2514//2514 2510//2510
f 2514//2514 2513//2513 2515//2515
f 2515//2515 2513//2513 2516//2516
f 2516//2516 2513//2513 1978//1978
f 2515//2515 2517//2517 2514//2514
f 1955//1955 2512//2512 1954//1954
f 1954//1954 2512//2512 2518//2518
f 2518//2518 2519//2519 1954//1954
f 1954//1954 2519//2519 1952//1952
f 2519//2519 1951//1951 1952//1952
f 2520//2520 1951//1951 2519//2519
f 2520//2520 1945//1945 1951//1951
f 2521//2521 1945//1945 2520//2520
f 2521//2521 1944//1944 1945//1945
f 2522//2522 1944//1944 2521//2521
f 2522//2522 1953//1953 1944//1944
f 2515//2515 2516//2516 2523//2523
f 2523//2523 2524//2524 2515//2515
f 2515//2515 2524//2524 2517//2517
f 2525//2525 2517//2517 2524//2524
f 2526//2526 2517//2517 2525//2525
f 2525//2525 2527//2527 2526//2526
f 2527//2527 2525//2525 2312//2312
f 2312//2312 2525//2525 2311//2311
f 2524//2524 2311//2311 2525//2525
f 2312//2312 2291//2291 2527//2527
f 2291//2291 2528//2528 2527//2527
f 2528//2528 2526//2526 2527//2527
f 2289//2289 2528//2528 2291//2291
f 2528//2528 2289//2289 2529//2529
f 2529//2529 2289//2289 2286//2286
f 2286//2286 2295//2295 2529//2529
f 2317//2317 2291//2291 2312//2312
f 2317//2317 2292//2292 2291//2291
f 2528//2528 2529//2529 2530//2530
f 2528//2528 2530//2530 2526//2526
f 2530//2530 2529//2529 2295//2295
f 2295//2295 2531//2531 2530//2530
f 2295//2295 2297//2297 2531//2531
f 2530//2530 2531//2531 2532//2532
f 2530//2530 2532//2532 2526//2526
f 2526//2526 2532//2532 2533//2533
f 2531//2531 2533//2533 2532//2532
f 2533//2533 2531//2531 2534//2534
f 2517//2517 2533//2533 2534//2534
f 2517//2517 2526//2526 2533//2533
f 2531//2531 2535//2535 2534//2534
f 2535//2535 2531//2531 2536//2536
f 2297//2297 2536//2536 2531//2531
f 2298//2298 2536//2536 2297//2297
f 2536//2536 2298//2298 2537//2537
f 2298//2298 2538//2538 2537//2537
f 2298//2298 2301//2301 2538//2538
f 2538//2538 2301//2301 2539//2539
f 2301//2301 2302//2302 2539//2539
f 2540//2540 2534//2534 2535//2535
f 2514//2514 2534//2534 2540//2540
f 2514//2514 2517//2517 2534//2534
f 2539//2539 2302//2302 2541//2541
f 2541//2541 2302//2302 2308//2308
f 2308//2308 2542//2542 2541//2541
f 2543//2543 2542//2542 2308//2308
f 2309//2309 2543//2543 2308//2308
f 2544//2544 2543//2543 2309//2309
f 2544//2544 2309//2309 2545//2545
f 2545//2545 2309//2309 2310//2310
f 2542//2542 2546//2546 2541//2541
f 2541//2541 2546//2546 2539//2539
f 2546//2546 2547//2547 2539//2539
f 2539//2539 2547//2547 2538//2538
f 2547//2547 2548//2548 2538//2538
f 2538//2538 2548//2548 2537//2537
f 2548//2548 2536//2536 2537//2537
f 2549//2549 2536//2536 2548//2548
f 2549//2549 2535//2535 2536//2536
f 2540//2540 2535//2535 2549//2549
f 2521//2521 2542//2542 2543//2543
f 2520//2520 2542//2542 2521//2521
f 2520//2520 2519//2519 2542//2542
f 2542//2542 2519//2519 2546//2546
f 2518//2518 2546//2546 2519//2519
f 2547//2547 2546//2546 2518//2518
f 2518//2518 2548//2548 2547//2547
f 2512//2512 2548//2548 2518//2518
f 2548//2548 2512//2512 2549//2549
f 2549//2549 2512//2512 2511//2511
f 2511//2511 2540//2540 2549//2549
f 2510//2510 2540//2540 2511//2511
f 2510//2510 2514//2514 2540//2540
f 2521//2521 2543//2543 2522//2522
f 2522//2522 2543//2543 2544//2544
f 2522//2522 2544//2544 2550//2550
f 2550//2550 1953//1953 2522//2522
f 2550//2550 2544//2544 2545//2545
f 2259//2259 2551//2551 2552//2552
f 2257//2257 2551//2551 2259//2259
f 2552//2552 2553//2553 2259//2259
f 2259//2259 2553//2553 2266//2266
f 2553//2553 2246//2246 2266//2266
f 2554//2554 2246//2246 2553//2553
f 2552//2552 2555//2555 2553//2553
f 2553//2553 2555//2555 2554//2554
f 2552//2552 2556//2556 2555//2555
f 2556//2556 2552//2552 2551//2551
f 2556//2556 2557//2557 2555//2555
f 2558//2558 2557//2557 2556//2556
f 2559//2559 2558//2558 2556//2556
f 2559//2559 2556//2556 2551//2551
f 2555//2555 2560//2560 2554//2554
f 2554//2554 2560//2560 2561//2561
f 2561//2561 2560//2560 2562//2562
f 2563//2563 2561//2561 2562//2562
f 2564//2564 2561//2561 2563//2563
f 2565//2565 2563//2563 2562//2562
f 2566//2566 2563//2563 2565//2565
f 2566//2566 2565//2565 2567//2567
f 2568//2568 2566//2566 2567//2567
f 2569//2569 2568//2568 2567//2567
f 2569//2569 2567//2567 2570//2570
f 2570//2570 2571//2571 2569//2569
f 2568//2568 2569//2569 2572//2572
f 2572//2572 2566//2566 2568//2568
f 2573//2573 2572//2572 2569//2569
f 2566//2566 2572//2572 2574//2574
f 2563//2563 2566//2566 2574//2574
f 2574//2574 2572//2572 2575//2575
f 2572//2572 2573//2573 2575//2575
f 2574//2574 2575//2575 2576//2576
f 2573//2573 2577//2577 2575//2575
f 2569//2569 2578//2578 2573//2573
f 2578//2578 2569//2569 2571//2571
f 2578//2578 2579//2579 2573//2573
f 2580//2580 2573//2573 2579//2579
f 2573//2573 2580//2580 2577//2577
f 2577//2577 2580//2580 2581//2581
f 2575//2575 2582//2582 2576//2576
f 2583//2583 2574//2574 2576//2576
f 2582//2582 2583//2583 2576//2576
f 2582//2582 2584//2584 2583//2583
f 2583//2583 2584//2584 2564//2564
f 2563//2563 2583//2583 2564//2564
f 2583//2583 2563//2563 2574//2574
f 2584//2584 2582//2582 2585//2585
f 2585//2585 2586//2586 2584//2584
f 2584//2584 2586//2586 2587//2587
f 2588//2588 2587//2587 2586//2586
f 2588//2588 2586//2586 2589//2589
f 2589//2589 2590//2590 2588//2588
f 2588//2588 2590//2590 2591//2591
f 2587//2587 2588//2588 2592//2592
f 2592//2592 2588//2588 2591//2591
f 2592//2592 2593//2593 2587//2587
f 2592//2592 2557//2557 2593//2593
f 2557//2557 2558//2558 2593//2593
f 2593//2593 2558//2558 2594//2594
f 2595//2595 2557//2557 2592//2592
f 2595//2595 2592//2592 2596//2596
f 2596//2596 2592//2592 2591//2591
f 2596//2596 2591//2591 2597//2597
f 2596//2596 2597//2597 2598//2598
f 2597//2597 2599//2599 2598//2598
f 2591//2591 2599//2599 2597//2597
f 2590//2590 2599//2599 2591//2591
f 2598//2598 2599//2599 2600//2600
f 2558//2558 2601//2601 2594//2594
f 2558//2558 2602//2602 2601//2601
f 2594//2594 2601//2601 2603//2603
f 2599//2599 2604//2604 2600//2600
f 2605//2605 2604//2604 2599//2599
f 2605//2605 2606//2606 2604//2604
f 2606//2606 2607//2607 2604//2604
f 2608//2608 2607//2607 2606//2606
f 2606//2606 2609//2609 2608//2608
f 2608//2608 2609//2609 2610//2610
f 2609//2609 2611//2611 2610//2610
f 2606//2606 2612//2612 2609//2609
f 2613//2613 2612//2612 2606//2606
f 2605//2605 2613//2613 2606//2606
f 2609//2609 2612//2612 2614//2614
f 2614//2614 2612//2612 2615//2615
f 2612//2612 2616//2616 2615//2615
f 2614//2614 2617//2617 2609//2609
f 2615//2615 2618//2618 2614//2614
f 2616//2616 2619//2619 2615//2615
f 2620//2620 2613//2613 2605//2605
f 2599//2599 2620//2620 2605//2605
f 2590//2590 2620//2620 2599//2599
f 2589//2589 2620//2620 2590//2590
f 2621//2621 2620//2620 2589//2589
f 2621//2621 2589//2589 2622//2622
f 2623//2623 2621//2621 2622//2622
f 2577//2577 2621//2621 2623//2623
f 2575//2575 2577//2577 2623//2623
f 2582//2582 2575//2575 2623//2623
f 2623//2623 2622//2622 2585//2585
f 2582//2582 2623//2623 2585//2585
f 2585//2585 2622//2622 2586//2586
f 2589//2589 2586//2586 2622//2622
f 2621//2621 2624//2624 2620//2620
f 2621//2621 2625//2625 2624//2624
f 2577//2577 2625//2625 2621//2621
f 2624//2624 2625//2625 2612//2612
f 2612//2612 2613//2613 2624//2624
f 2620//2620 2624//2624 2613//2613
f 2616//2616 2612//2612 2625//2625
f 2616//2616 2625//2625 2581//2581
f 2625//2625 2577//2577 2581//2581
f 2619//2619 2616//2616 2581//2581
f 2581//2581 2615//2615 2619//2619
f 2615//2615 2581//2581 2580//2580
f 2615//2615 2580//2580 2618//2618
f 2580//2580 2614//2614 2618//2618
f 2579//2579 2614//2614 2580//2580
f 2614//2614 2579//2579 2617//2617
f 2579//2579 2609//2609 2617//2617
f 2626//2626 2609//2609 2579//2579
f 2609//2609 2626//2626 2611//2611
f 2611//2611 2626//2626 2627//2627
f 2626//2626 2571//2571 2627//2627
f 2571//2571 2628//2628 2627//2627
f 2628//2628 2629//2629 2627//2627
f 2629//2629 2628//2628 2630//2630
f 2630//2630 2607//2607 2629//2629
f 2630//2630 2631//2631 2607//2607
f 2607//2607 2631//2631 2604//2604
f 2631//2631 2632//2632 2604//2604
f 2604//2604 2632//2632 2600//2600
f 2631//2631 2567//2567 2632//2632
f 2632//2632 2567//2567 2633//2633
f 2634//2634 2632//2632 2633//2633
f 2632//2632 2634//2634 2600//2600
f 2633//2633 2567//2567 2565//2565
f 2562//2562 2633//2633 2565//2565
f 2562//2562 2634//2634 2633//2633
f 2600//2600 2634//2634 2598//2598
f 2634//2634 2596//2596 2598//2598
f 2635//2635 2596//2596 2634//2634
f 2635//2635 2634//2634 2562//2562
f 2560//2560 2596//2596 2635//2635
f 2562//2562 2560//2560 2635//2635
f 2595//2595 2596//2596 2560//2560
f 2630//2630 2570//2570 2631//2631
f 2631//2631 2570//2570 2567//2567
f 2560//2560 2555//2555 2595//2595
f 2595//2595 2555//2555 2557//2557
f 2628//2628 2571//2571 2570//2570
f 2630//2630 2628//2628 2570//2570
f 2578//2578 2571//2571 2626//2626
f 2626//2626 2579//2579 2578//2578
f 2636//2636 2637//2637 2638//2638
f 2636//2636 2638//2638 2639//2639
f 2636//2636 2639//2639 2640//2640
f 2641//2641 2636//2636 2640//2640
f 2640//2640 2642//2642 2641//2641
f 2642//2642 2643//2643 2641//2641
f 2644//2644 2641//2641 2643//2643
f 2645//2645 2644//2644 2643//2643
f 2646//2646 2644//2644 2645//2645
f 2646//2646 2647//2647 2644//2644
f 2648//2648 2647//2647 2646//2646
f 2648//2648 2649//2649 2647//2647
f 2649//2649 2650//2650 2647//2647
f 2646//2646 2651//2651 2648//2648
f 2651//2651 2652//2652 2648//2648
f 2648//2648 2652//2652 2653//2653
f 2649//2649 2648//2648 2653//2653
f 2644//2644 2647//2647 2654//2654
f 2654//2654 2641//2641 2644//2644
f 2655//2655 2654//2654 2647//2647
f 2650//2650 2655//2655 2647//2647
f 2656//2656 2651//2651 2646//2646
f 2657//2657 2646//2646 2645//2645
f 2657//2657 2656//2656 2646//2646
f 2656//2656 2657//2657 2658//2658
f 2654//2654 2655//2655 2659//2659
f 2654//2654 2659//2659 2641//2641
f 2659//2659 2636//2636 2641//2641
f 2636//2636 2659//2659 2637//2637
f 2655//2655 2660//2660 2659//2659
f 2659//2659 2660//2660 2637//2637
f 2660//2660 2661//2661 2662//2662
f 2655//2655 2661//2661 2660//2660
f 2663//2663 2662//2662 2661//2661
f 2664//2664 2662//2662 2663//2663
f 2665//2665 2662//2662 2664//2664
f 2666//2666 2660//2660 2662//2662
f 2666//2666 2662//2662 2665//2665
f 2637//2637 2660//2660 2666//2666
f 2666//2666 2667//2667 2637//2637
f 2637//2637 2667//2667 2638//2638
f 2668//2668 2638//2638 2667//2667
f 2669//2669 2668//2668 2667//2667
f 2667//2667 2666//2666 2669//2669
f 2669//2669 2666//2666 2665//2665
f 2670//2670 2669//2669 2665//2665
f 2670//2670 2665//2665 2664//2664
f 2671//2671 2638//2638 2668//2668
f 2672//2672 2671//2671 2668//2668
f 2672//2672 2668//2668 2673//2673
f 2673//2673 2668//2668 2674//2674
f 2674//2674 2668//2668 2669//2669
f 2675//2675 2671//2671 2672//2672
f 2676//2676 2675//2675 2672//2672
f 2677//2677 2675//2675 2676//2676
f 2678//2678 2677//2677 2676//2676
f 2653//2653 2677//2677 2678//2678
f 2653//2653 2678//2678 2649//2649
f 2649//2649 2678//2678 2679//2679
f 2680//2680 2649//2649 2679//2679
f 2650//2650 2649//2649 2680//2680
f 2674//2674 2681//2681 2673//2673
f 2674//2674 2682//2682 2681//2681
f 2673//2673 2683//2683 2672//2672
f 2672//2672 2683//2683 2676//2676
f 2683//2683 2678//2678 2676//2676
f 2684//2684 2678//2678 2683//2683
f 2684//2684 2679//2679 2678//2678
f 2673//2673 2681//2681 2685//2685
f 2673//2673 2685//2685 2683//2683
f 2669//2669 2682//2682 2674//2674
f 2661//2661 2650//2650 2680//2680
f 2655//2655 2650//2650 2661//2661
f 2661//2661 2680//2680 2663//2663
f 2663//2663 2680//2680 2686//2686
f 2680//2680 2679//2679 2686//2686
f 2686//2686 2679//2679 2687//2687
f 2687//2687 2679//2679 2684//2684
f 2683//2683 2688//2688 2684//2684
f 2683//2683 2685//2685 2688//2688
f 2684//2684 2688//2688 2689//2689
f 2684//2684 2689//2689 2687//2687
f 2689//2689 2688//2688 2690//2690
f 2690//2690 2688//2688 2691//2691
f 2688//2688 2685//2685 2691//2691
f 2690//2690 2691//2691 2692//2692
f 2692//2692 2691//2691 2693//2693
f 2691//2691 2685//2685 2694//2694
f 2694//2694 2693//2693 2691//2691
f 2687//2687 2689//2689 2695//2695
f 2689//2689 2696//2696 2695//2695
f 2690//2690 2696//2696 2689//2689
f 2695//2695 2697//2697 2687//2687
f 2687//2687 2697//2697 2686//2686
f 2698//2698 2686//2686 2697//2697
f 2663//2663 2686//2686 2698//2698
f 2696//2696 2699//2699 2695//2695
f 2695//2695 2699//2699 2697//2697
f 2699//2699 2698//2698 2697//2697
f 2700//2700 2693//2693 2694//2694
f 2692//2692 2693//2693 2701//2701
f 2701//2701 2693//2693 2700//2700
f 2699//2699 2696//2696 2702//2702
f 2702//2702 2696//2696 2690//2690
f 2690//2690 2692//2692 2702//2702
f 2701//2701 2703//2703 2692//2692
f 2692//2692 2703//2703 2702//2702
f 2704//2704 2702//2702 2703//2703
f 2705//2705 2702//2702 2704//2704
f 2702//2702 2705//2705 2699//2699
f 2703//2703 2706//2706 2704//2704
f 2703//2703 2701//2701 2706//2706
f 2707//2707 2705//2705 2704//2704
f 2708//2708 2705//2705 2707//2707
f 2699//2699 2705//2705 2708//2708
f 2708//2708 2698//2698 2699//2699
f 2707//2707 2709//2709 2708//2708
f 2704//2704 2710//2710 2707//2707
f 2704//2704 2706//2706 2710//2710
f 2711//2711 2709//2709 2707//2707
f 2707//2707 2710//2710 2711//2711
f 2712//2712 2709//2709 2711//2711
f 2712//2712 2711//2711 2713//2713
f 2713//2713 2711//2711 2714//2714
f 2714//2714 2711//2711 2710//2710
f 2706//2706 2701//2701 2715//2715
f 2700//2700 2715//2715 2701//2701
f 2706//2706 2715//2715 2716//2716
f 2714//2714 2710//2710 2716//2716
f 2716//2716 2710//2710 2706//2706
f 2716//2716 2715//2715 2717//2717
f 2715//2715 2718//2718 2717//2717
f 2717//2717 2718//2718 2719//2719
f 2718//2718 2715//2715 2700//2700
f 2713//2713 2720//2720 2712//2712
f 2721//2721 2720//2720 2713//2713
f 2714//2714 2721//2721 2713//2713
f 2721//2721 2722//2722 2720//2720
f 2722//2722 2721//2721 1624//1624
f 1624//1624 2721//2721 2723//2723
f 2716//2716 2723//2723 2714//2714
f 2714//2714 2723//2723 2721//2721
f 2717//2717 2723//2723 2716//2716
f 1624//1624 2723//2723 2724//2724
f 1620//1620 1624//1624 2724//2724
f 1620//1620 2724//2724 1623//1623
f 1623//1623 2724//2724 1626//1626
f 1626//1626 2724//2724 1629//1629
f 1629//1629 2724//2724 2725//2725
f 2724//2724 2723//2723 2725//2725
f 2725//2725 2723//2723 2717//2717
f 2719//2719 2725//2725 2717//2717
f 1629//1629 2725//2725 2719//2719
f 2722//2722 2726//2726 2720//2720
f 2726//2726 2722//2722 2727//2727
f 1617//1617 2727//2727 2722//2722
f 2722//2722 1624//1624 1617//1617
f 1614//1614 2727//2727 1617//1617
f 2728//2728 1629//1629 2719//2719
f 2719//2719 2718//2718 2728//2728
f 2700//2700 2728//2728 2718//2718
f 1628//1628 1629//1629 2728//2728
f 2694//2694 2728//2728 2700//2700
f 2694//2694 2729//2729 2728//2728
f 2685//2685 2729//2729 2694//2694
f 2681//2681 2729//2729 2685//2685
f 1644//1644 2729//2729 2681//2681
f 2682//2682 1644//1644 2681//2681
f 1642//1642 1644//1644 2682//2682
f 1644//1644 1645//1645 2729//2729
f 2728//2728 2729//2729 1645//1645
f 2728//2728 1645//1645 1628//1628
f 2682//2682 2730//2730 1642//1642
f 2670//2670 2730//2730 2682//2682
f 2682//2682 2669//2669 2670//2670
f 2730//2730 2670//2670 2708//2708
f 2708//2708 2670//2670 2698//2698
f 2670//2670 2664//2664 2698//2698
f 2698//2698 2664//2664 2663//2663
f 1643//1643 1642//1642 2730//2730
f 1643//1643 2730//2730 2709//2709
f 2709//2709 2730//2730 2708//2708
f 2709//2709 1646//1646 1643//1643
f 2712//2712 1646//1646 2709//2709
f 2720//2720 1646//1646 2712//2712
f 1639//1639 1646//1646 2720//2720
f 1639//1639 2720//2720 2726//2726
f 1640//1640 1639//1639 2726//2726
f 2727//2727 1640//1640 2726//2726
f 1640//1640 2727//2727 1651//1651
f 1651//1651 2727//2727 1614//1614
f 1614//1614 1616//1616 1651//1651
f 2731//2731 924//924 917//917
f 2124//2124 924//924 2731//2731
f 917//917 2732//2732 2731//2731
f 917//917 914//914 2732//2732
f 2732//2732 914//914 2733//2733
f 2732//2732 2733//2733 2734//2734
f 2731//2731 2732//2732 2734//2734
f 2734//2734 2733//2733 2735//2735
f 2735//2735 2733//2733 2736//2736
f 2735//2735 2113//2113 2734//2734
f 2736//2736 2113//2113 2735//2735
f 2112//2112 2113//2113 2736//2736
f 2734//2734 2113//2113 2117//2117
f 2117//2117 2123//2123 2734//2734
f 2734//2734 2123//2123 2731//2731
f 2731//2731 2123//2123 2124//2124
f 2736//2736 911//911 2112//2112
f 2112//2112 911//911 2107//2107
f 907//907 2107//2107 911//911
f 2736//2736 912//912 911//911
f 2733//2733 914//914 912//912
f 2733//2733 912//912 2736//2736
f 2124//2124 929//929 924//924
f 2127//2127 930//930 929//929
f 2737//2737 2738//2738 2739//2739
f 2739//2739 2738//2738 2740//2740
f 2739//2739 2741//2741 2737//2737
f 2740//2740 2742//2742 2739//2739
f 2741//2741 2739//2739 2743//2743
f 2739//2739 2742//2742 2743//2743
f 2742//2742 2744//2744 2743//2743
f 2744//2744 2742//2742 2740//2740
f 2740//2740 2745//2745 2744//2744
f 2744//2744 2745//2745 2746//2746
f 2746//2746 2747//2747 2744//2744
f 2744//2744 2747//2747 2743//2743
f 2747//2747 2746//2746 2748//2748
f 2748//2748 2749//2749 2747//2747
f 2747//2747 2749//2749 2743//2743
f 2749//2749 2741//2741 2743//2743
f 2741//2741 2749//2749 2748//2748
f 2748//2748 2737//2737 2741//2741
f 2750//2750 2746//2746 2745//2745
f 2746//2746 2750//2750 2751//2751
f 2751//2751 2748//2748 2746//2746
f 2737//2737 2748//2748 2751//2751
f 2745//2745 2752//2752 2750//2750
f 2752//2752 2745//2745 2740//2740
f 2740//2740 2753//2753 2752//2752
f 2753//2753 2740//2740 2738//2738
f 2738//2738 2754//2754 2753//2753
f 2755//2755 2754//2754 2738//2738
f 2738//2738 2737//2737 2755//2755
f 2751//2751 2755//2755 2737//2737
f 2756//2756 2755//2755 2751//2751
f 2751//2751 2757//2757 2756//2756
f 2756//2756 2757//2757 2758//2758
f 2759//2759 2758//2758 2757//2757
f 2758//2758 2759//2759 2760//2760
f 2759//2759 2761//2761 2760//2760
f 2761//2761 2762//2762 2760//2760
f 2762//2762 2763//2763 2760//2760
f 2757//2757 2764//2764 2759//2759
f 2761//2761 2759//2759 2764//2764
f 2765//2765 2758//2758 2760//2760
f 2758//2758 2765//2765 2756//2756
f 2763//2763 2765//2765 2760//2760
f 2763//2763 2762//2762 2766//2766
f 2766//2766 2762//2762 2761//2761
f 2766//2766 2767//2767 2763//2763
f 2765//2765 2763//2763 2767//2767
f 2755//2755 2756//2756 2767//2767
f 2767//2767 2756//2756 2765//2765
f 2761//2761 2768//2768 2766//2766
f 2764//2764 2768//2768 2761//2761
f 2752//2752 2768//2768 2764//2764
f 2766//2766 2768//2768 2752//2752
f 2764//2764 2750//2750 2752//2752
f 2751//2751 2750//2750 2764//2764
f 2752//2752 2753//2753 2766//2766
f 2764//2764 2757//2757 2751//2751
f 2766//2766 2753//2753 2754//2754
f 2754//2754 2767//2767 2766//2766
f 2767//2767 2754//2754 2755//2755
f 2769//2769 2770//2770 2771//2771
f 2771//2771 2772//2772 2769//2769
f 2773//2773 2772//2772 2771//2771
f 2773//2773 2774//2774 2772//2772
f 2775//2775 2774//2774 2773//2773
f 2774//2774 2775//2775 2776//2776
f 2776//2776 2775//2775 2777//2777
f 2777//2777 2079//2079 2776//2776
f 2776//2776 2079//2079 2778//2778
f 2079//2079 2779//2779 2778//2778
f 2779//2779 2780//2780 2778//2778
f 2779//2779 2781//2781 2780//2780
f 2780//2780 2781//2781 2782//2782
f 2782//2782 2781//2781 2783//2783
f 2784//2784 2782//2782 2783//2783
f 2785//2785 2782//2782 2784//2784
f 2783//2783 2786//2786 2784//2784
f 2783//2783 2781//2781 2786//2786
f 2786//2786 2781//2781 2787//2787
f 2784//2784 2786//2786 2788//2788
f 2788//2788 2786//2786 2789//2789
f 2789//2789 2786//2786 2787//2787
f 2787//2787 2790//2790 2789//2789
f 2789//2789 2790//2790 2791//2791
f 2787//2787 2792//2792 2790//2790
f 2787//2787 2793//2793 2792//2792
f 2790//2790 2792//2792 2794//2794
f 2790//2790 2794//2794 2791//2791
f 2791//2791 2794//2794 2795//2795
f 2792//2792 2183//2183 2794//2794
f 2794//2794 2183//2183 2796//2796
f 2797//2797 2183//2183 2792//2792
f 2792//2792 2793//2793 2797//2797
f 2795//2795 2794//2794 2798//2798
f 2798//2798 2794//2794 2796//2796
f 2791//2791 2799//2799 2789//2789
f 2789//2789 2799//2799 2788//2788
f 2800//2800 2799//2799 2791//2791
f 2795//2795 2800//2800 2791//2791
f 2799//2799 2800//2800 2801//2801
f 2801//2801 2800//2800 2802//2802
f 2802//2802 2800//2800 2795//2795
f 2798//2798 2802//2802 2795//2795
f 2802//2802 2803//2803 2801//2801
f 2803//2803 2802//2802 2798//2798
f 2801//2801 2803//2803 2804//2804
f 2804//2804 2803//2803 2798//2798
f 2798//2798 2805//2805 2804//2804
f 2804//2804 2805//2805 2806//2806
f 2192//2192 2797//2797 2793//2793
f 2804//2804 2807//2807 2801//2801
f 2801//2801 2807//2807 2808//2808
f 2801//2801 2808//2808 2799//2799
f 2809//2809 2808//2808 2807//2807
f 2810//2810 2808//2808 2809//2809
f 2805//2805 2798//2798 2185//2185
f 2805//2805 2185//2185 2811//2811
f 2811//2811 2812//2812 2805//2805
f 2805//2805 2812//2812 2806//2806
f 2804//2804 2806//2806 2807//2807
f 2807//2807 2806//2806 2809//2809
f 2813//2813 2192//2192 2793//2793
f 2793//2793 2787//2787 2813//2813
f 2813//2813 2787//2787 2781//2781
f 2813//2813 2781//2781 2779//2779
f 2779//2779 2083//2083 2813//2813
f 2083//2083 2192//2192 2813//2813
f 2081//2081 2083//2083 2779//2779
f 2081//2081 2779//2779 2079//2079
f 2808//2808 2810//2810 2814//2814
f 2814//2814 2810//2810 2815//2815
f 2815//2815 2816//2816 2814//2814
f 2816//2816 2817//2817 2814//2814
f 2814//2814 2817//2817 2799//2799
f 2799//2799 2817//2817 2818//2818
f 2788//2788 2799//2799 2818//2818
f 2818//2818 2819//2819 2788//2788
f 2818//2818 2817//2817 2819//2819
f 2788//2788 2819//2819 2784//2784
f 2784//2784 2819//2819 2785//2785
f 2785//2785 2819//2819 2820//2820
f 2817//2817 2820//2820 2819//2819
f 2799//2799 2808//2808 2814//2814
f 2785//2785 2820//2820 2821//2821
f 2821//2821 2782//2782 2785//2785
f 2780//2780 2782//2782 2821//2821
f 2821//2821 2822//2822 2780//2780
f 2780//2780 2822//2822 2823//2823
f 2823//2823 2822//2822 2824//2824
f 2825//2825 2824//2824 2822//2822
f 2825//2825 2822//2822 2821//2821
f 2826//2826 2824//2824 2825//2825
f 2825//2825 2827//2827 2826//2826
f 2821//2821 2827//2827 2825//2825
f 2828//2828 2823//2823 2824//2824
f 2828//2828 2824//2824 2829//2829
f 2829//2829 2824//2824 2826//2826
f 2830//2830 2828//2828 2829//2829
f 2829//2829 2831//2831 2830//2830
f 2826//2826 2827//2827 2832//2832
f 2826//2826 2832//2832 2829//2829
f 2829//2829 2832//2832 2831//2831
f 2833//2833 2832//2832 2827//2827
f 2832//2832 2833//2833 2831//2831
f 2827//2827 2834//2834 2833//2833
f 2834//2834 2827//2827 2821//2821
f 2778//2778 2780//2780 2823//2823
f 2823//2823 2835//2835 2778//2778
f 2835//2835 2828//2828 2830//2830
f 2835//2835 2823//2823 2828//2828
f 2816//2816 2833//2833 2834//2834
f 2836//2836 2833//2833 2816//2816
f 2834//2834 2817//2817 2816//2816
f 2834//2834 2820//2820 2817//2817
f 2821//2821 2820//2820 2834//2834
f 2837//2837 2836//2836 2816//2816
f 2838//2838 2836//2836 2837//2837
f 2837//2837 2816//2816 2815//2815
f 2830//2830 2831//2831 2839//2839
f 2831//2831 2833//2833 2839//2839
f 2839//2839 2840//2840 2830//2830
f 2830//2830 2840//2840 2841//2841
f 2840//2840 2842//2842 2841//2841
f 2830//2830 2843//2843 2835//2835
f 2841//2841 2843//2843 2830//2830
f 2844//2844 2843//2843 2841//2841
f 2841//2841 2842//2842 2844//2844
f 2845//2845 2835//2835 2843//2843
f 2846//2846 2845//2845 2843//2843
f 2846//2846 2843//2843 2844//2844
f 2847//2847 2845//2845 2846//2846
f 2847//2847 2774//2774 2845//2845
f 2847//2847 2846//2846 2848//2848
f 2848//2848 2846//2846 2844//2844
f 2844//2844 2842//2842 2848//2848
f 2848//2848 2842//2842 2849//2849
f 2849//2849 2850//2850 2848//2848
f 2848//2848 2851//2851 2847//2847
f 2849//2849 2842//2842 2852//2852
f 2852//2852 2842//2842 2840//2840
f 2849//2849 2853//2853 2850//2850
f 2854//2854 2853//2853 2849//2849
f 2850//2850 2853//2853 2855//2855
f 2855//2855 2851//2851 2848//2848
f 2848//2848 2850//2850 2855//2855
f 2855//2855 2853//2853 2856//2856
f 2856//2856 2857//2857 2855//2855
f 2855//2855 2857//2857 2851//2851
f 2851//2851 2857//2857 2847//2847
f 2847//2847 2857//2857 2858//2858
f 2858//2858 2857//2857 2859//2859
f 2859//2859 2857//2857 2856//2856
f 2856//2856 2853//2853 2859//2859
f 2859//2859 2853//2853 2854//2854
f 2772//2772 2774//2774 2847//2847
f 2772//2772 2847//2847 2769//2769
f 2769//2769 2847//2847 2858//2858
f 2860//2860 2849//2849 2852//2852
f 2860//2860 2852//2852 2861//2861
f 2862//2862 2849//2849 2860//2860
f 2862//2862 2863//2863 2849//2849
f 2864//2864 2862//2862 2860//2860
f 2864//2864 2860//2860 2865//2865
f 2865//2865 2860//2860 2861//2861
f 2866//2866 2862//2862 2864//2864
f 2867//2867 2862//2862 2866//2866
f 2863//2863 2862//2862 2867//2867
f 2849//2849 2863//2863 2868//2868
f 2849//2849 2868//2868 2854//2854
f 2861//2861 2838//2838 2865//2865
f 2836//2836 2838//2838 2861//2861
f 2836//2836 2861//2861 2833//2833
f 2833//2833 2861//2861 2839//2839
f 2861//2861 2852//2852 2839//2839
f 2839//2839 2852//2852 2840//2840
f 2854//2854 2868//2868 2869//2869
f 2869//2869 2868//2868 2870//2870
f 2870//2870 2863//2863 2867//2867
f 2868//2868 2863//2863 2870//2870
f 2871//2871 2854//2854 2869//2869
f 2859//2859 2854//2854 2871//2871
f 2770//2770 2859//2859 2871//2871
f 2858//2858 2859//2859 2770//2770
f 2858//2858 2770//2770 2769//2769
f 2872//2872 2873//2873 2874//2874
f 2874//2874 2875//2875 2872//2872
f 2876//2876 2872//2872 2875//2875
f 2875//2875 2877//2877 2876//2876
f 2878//2878 2876//2876 2877//2877
f 2877//2877 2879//2879 2878//2878
f 2880//2880 2874//2874 2873//2873
f 2873//2873 2881//2881 2880//2880
f 2882//2882 2883//2883 2884//2884
f 2884//2884 2885//2885 2882//2882
f 2884//2884 2883//2883 2886//2886
f 2886//2886 2887//2887 2884//2884
f 2888//2888 2887//2887 2886//2886
f 2886//2886 2889//2889 2888//2888
f 2889//2889 2890//2890 2891//2891
f 2891//2891 2888//2888 2889//2889
f 2892//2892 2891//2891 2890//2890
f 2890//2890 2893//2893 2892//2892
f 2894//2894 2895//2895 2896//2896
f 2896//2896 2897//2897 2894//2894
f 2898//2898 2896//2896 2895//2895
f 2895//2895 2899//2899 2898//2898
f 2900//2900 2894//2894 2897//2897
f 2897//2897 2901//2901 2900//2900
f 2902//2902 2900//2900 2901//2901
f 2901//2901 2903//2903 2902//2902
f 2904//2904 2902//2902 2903//2903
f 2903//2903 2905//2905 2904//2904
f 2906//2906 2907//2907 2908//2908
f 2907//2907 2909//2909 2908//2908
f 2908//2908 2910//2910 2906//2906
f 2909//2909 2907//2907 2911//2911
f 2909//2909 2911//2911 2912//2912
f 2911//2911 2913//2913 2912//2912
f 2913//2913 2914//2914 2912//2912
f 2915//2915 2913//2913 2911//2911
f 2913//2913 2915//2915 2916//2916
f 2913//2913 2916//2916 2917//2917
f 2911//2911 2907//2907 2918//2918
f 2907//2907 2919//2919 2918//2918
f 2907//2907 2920//2920 2919//2919
f 2915//2915 2911//2911 2921//2921
f 2911//2911 2918//2918 2921//2921
f 2922//2922 2921//2921 2918//2918
f 2921//2921 2922//2922 2923//2923
f 2924//2924 2918//2918 2919//2919
f 2919//2919 2925//2925 2924//2924
f 2926//2926 2922//2922 2918//2918
f 2926//2926 2927//2927 2922//2922
f 2926//2926 2928//2928 2927//2927
f 2928//2928 2926//2926 2929//2929
f 2930//2930 2926//2926 2918//2918
f 2930//2930 2918//2918 2931//2931
f 2924//2924 2931//2931 2918//2918
f 2924//2924 2932//2932 2931//2931
f 2933//2933 2932//2932 2924//2924
f 2932//2932 2933//2933 2934//2934
f 2931//2931 2935//2935 2930//2930
f 2930//2930 2936//2936 2926//2926
f 2926//2926 2936//2936 2937//2937
f 2938//2938 2926//2926 2937//2937
f 2939//2939 2936//2936 2930//2930
f 2939//2939 2940//2940 2936//2936
f 2941//2941 2939//2939 2930//2930
f 2942//2942 2941//2941 2930//2930
f 2942//2942 2943//2943 2941//2941
f 2943//2943 2944//2944 2941//2941
f 2945//2945 2943//2943 2942//2942
f 2941//2941 2946//2946 2939//2939
f 2941//2941 2947//2947 2946//2946
f 2946//2946 2948//2948 2939//2939
f 2939//2939 2948//2948 2949//2949
f 2939//2939 2949//2949 2950//2950
f 2939//2939 2950//2950 2951//2951
f 2952//2952 2951//2951 2950//2950
f 2951//2951 2952//2952 2953//2953
f 2946//2946 2954//2954 2948//2948
f 2955//2955 2956//2956 2957//2957
f 2948//2948 2955//2955 2957//2957
f 2958//2958 2948//2948 2957//2957
f 2957//2957 2959//2959 2958//2958
f 2959//2959 2960//2960 2958//2958
f 2961//2961 2960//2960 2959//2959
f 2960//2960 2961//2961 2962//2962
f 2961//2961 2963//2963 2962//2962
f 2962//2962 2963//2963 2964//2964
f 2960//2960 2965//2965 2958//2958
f 2966//2966 2960//2960 2962//2962
f 2960//2960 2966//2966 2967//2967
f 2966//2966 2962//2962 2968//2968
f 2960//2960 2967//2967 2969//2969
f 2967//2967 2970//2970 2969//2969
f 2966//2966 2971//2971 2967//2967
f 2971//2971 2966//2966 2972//2972
f 2965//2965 2960//2960 2909//2909
f 2960//2960 2969//2969 2909//2909
f 2958//2958 2965//2965 2973//2973
f 2973//2973 2965//2965 2974//2974
f 2909//2909 2969//2969 2975//2975
f 2969//2969 2976//2976 2975//2975
f 2975//2975 2977//2977 2909//2909
f 2977//2977 2908//2908 2909//2909
f 2975//2975 2978//2978 2977//2977
f 2978//2978 2979//2979 2977//2977
f 2908//2908 2977//2977 2980//2980
f 2909//2909 2912//2912 2981//2981
f 2982//2982 2965//2965 2909//2909
f 2983//2983 2965//2965 2982//2982
f 2983//2983 2984//2984 2965//2965
f 2985//2985 2986//2986 2987//2987
f 2986//2986 2985//2985 2988//2988
f 2989//2989 2988//2988 2985//2985
f 2985//2985 2990//2990 2989//2989
f 2990//2990 2991//2991 2989//2989
f 2989//2989 2991//2991 2992//2992
f 2993//2993 2990//2990 2985//2985
f 2994//2994 2993//2993 2985//2985
f 2985//2985 2995//2995 2994//2994
f 2996//2996 2990//2990 2993//2993
f 2993//2993 2997//2997 2996//2996
f 2990//2990 2996//2996 2998//2998
f 2991//2991 2990//2990 2998//2998
f 2996//2996 2999//2999 2998//2998
f 3000//3000 2991//2991 2998//2998
f 2991//2991 3000//3000 3001//3001
f 2996//2996 3002//3002 2999//2999
f 3003//3003 2999//2999 3002//3002
f 3003//3003 3002//3002 3004//3004
f 3004//3004 3005//3005 3003//3003
f 3003//3003 3006//3006 2999//2999
f 3006//3006 2998//2998 2999//2999
f 3000//3000 2998//2998 3007//3007
f 2998//2998 3006//3006 3007//3007
f 3000//3000 3007//3007 3008//3008
f 3009//3009 3000//3000 3008//3008
f 3008//3008 3010//3010 3009//3009
f 3007//3007 3006//3006 3011//3011
f 3012//3012 3007//3007 3011//3011
f 3007//3007 3012//3012 3013//3013
f 3003//3003 3014//3014 3006//3006
f 3014//3014 3011//3011 3006//3006
f 3014//3014 3003//3003 3015//3015
f 3003//3003 3016//3016 3015//3015
f 3015//3015 3017//3017 3014//3014
f 3012//3012 3011//3011 3018//3018
f 3012//3012 3018//3018 3019//3019
f 3018//3018 3020//3020 3019//3019
f 3020//3020 3018//3018 3021//3021
f 3022//3022 3020//3020 3021//3021
f 3020//3020 3022//3022 3023//3023
f 3023//3023 3022//3022 3024//3024
f 3025//3025 3020//3020 3023//3023
f 3019//3019 3020//3020 3025//3025
f 3023//3023 2943//2943 3025//3025
f 2943//2943 3023//3023 3024//3024
f 2943//2943 2945//2945 3025//3025
f 2944//2944 2943//2943 3024//3024
f 3026//3026 3021//3021 3018//3018
f 3011//3011 3026//3026 3018//3018
f 3026//3026 3011//3011 3027//3027
f 3027//3027 3028//3028 3026//3026
f 3011//3011 3029//3029 3027//3027
f 3029//3029 3011//3011 3014//3014
f 3029//3029 3014//3014 3017//3017
f 3027//3027 3029//3029 3030//3030
f 3027//3027 3031//3031 3028//3028
f 3031//3031 3032//3032 3028//3028
f 3032//3032 3033//3033 3028//3028
f 3033//3033 3026//3026 3028//3028
f 3033//3033 3034//3034 3026//3026
f 3034//3034 3021//3021 3026//3026
f 3021//3021 3034//3034 3035//3035
f 3021//3021 3035//3035 3022//3022
f 3035//3035 3036//3036 3022//3022
f 3035//3035 3034//3034 3037//3037
f 3038//3038 3032//3032 3031//3031
f 3031//3031 3039//3039 3038//3038
f 3017//3017 2937//2937 3029//3029
f 2937//2937 2936//2936 3029//3029
f 3030//3030 3029//3029 2940//2940
f 3029//3029 2936//2936 2940//2940
f 3031//3031 2951//2951 3039//3039
f 3031//3031 3027//3027 2951//2951
f 3027//3027 2939//2939 2951//2951
f 3027//3027 3030//3030 2939//2939
f 3030//3030 2940//2940 2939//2939
f 2951//2951 2953//2953 3039//3039
f 3039//3039 2953//2953 3038//3038
f 2953//2953 2952//2952 3038//3038
f 3036//3036 3035//3035 2947//2947
f 3035//3035 2946//2946 2947//2947
f 3035//3035 3037//3037 2946//2946
f 3037//3037 2954//2954 2946//2946
f 3034//3034 2948//2948 3037//3037
f 2948//2948 2954//2954 3037//3037
f 3040//3040 3041//3041 3042//3042
f 3042//3042 3043//3043 3040//3040
f 3042//3042 3041//3041 3044//3044
f 3041//3041 3045//3045 3044//3044
f 3046//3046 3044//3044 3045//3045
f 3045//3045 3047//3047 3046//3046
f 3047//3047 3045//3045 3034//3034
f 3033//3033 3047//3047 3034//3034
f 3048//3048 3047//3047 3033//3033
f 3033//3033 3032//3032 3048//3048
f 3048//3048 3049//3049 3047//3047
f 3050//3050 3049//3049 3048//3048
f 3051//3051 3047//3047 3049//3049
f 3047//3047 3051//3051 3046//3046
f 3051//3051 3049//3049 3052//3052
f 3046//3046 3051//3051 3053//3053
f 3053//3053 3051//3051 3054//3054
f 3052//3052 3054//3054 3051//3051
f 2984//2984 3053//3053 3054//3054
f 2984//2984 3055//3055 3053//3053
f 3055//3055 3056//3056 3053//3053
f 3053//3053 3056//3056 3057//3057
f 3058//3058 3053//3053 3057//3057
f 2984//2984 2983//2983 3055//3055
f 2983//2983 3059//3059 3055//3055
f 3056//3056 3055//3055 3060//3060
f 3060//3060 3055//3055 3059//3059
f 3061//3061 3058//3058 3057//3057
f 3057//3057 3062//3062 3061//3061
f 3063//3063 3062//3062 3057//3057
f 3062//3062 3063//3063 2987//2987
f 3063//3063 3064//3064 2987//2987
f 2986//2986 3062//3062 2987//2987
f 3065//3065 3062//3062 2986//2986
f 3062//3062 3065//3065 3061//3061
f 3066//3066 3065//3065 2986//2986
f 3066//3066 3067//3067 3065//3065
f 3066//3066 2986//2986 3068//3068
f 3069//3069 3063//3063 3057//3057
f 3070//3070 3063//3063 3069//3069
f 3069//3069 3060//3060 3070//3070
f 3060//3060 3059//3059 3070//3070
f 3063//3063 3070//3070 2909//2909
f 3063//3063 2909//2909 3064//3064
f 3070//3070 2982//2982 2909//2909
f 3061//3061 3065//3065 3071//3071
f 3072//3072 3061//3061 3071//3071
f 3058//3058 3061//3061 3072//3072
f 3073//3073 3058//3058 3072//3072
f 3073//3073 3074//3074 3058//3058
f 3058//3058 3074//3074 3075//3075
f 3074//3074 3076//3076 3075//3075
f 3074//3074 3077//3077 3076//3076
f 3073//3073 3078//3078 3074//3074
f 3075//3075 3046//3046 3058//3058
f 3058//3058 3046//3046 3053//3053
f 3046//3046 3075//3075 2959//2959
f 3046//3046 2959//2959 3079//3079
f 3044//3044 3046//3046 3079//3079
f 3044//3044 3079//3079 3042//3042
f 3079//3079 3080//3080 3042//3042
f 3075//3075 2961//2961 2959//2959
f 3077//3077 3074//3074 2964//2964
f 3074//3074 2962//2962 2964//2964
f 3074//3074 3078//3078 2962//2962
f 3076//3076 3077//3077 2963//2963
f 3076//3076 2963//2963 3075//3075
f 2963//2963 2961//2961 3075//3075
f 3077//3077 2964//2964 2963//2963
f 3078//3078 2968//2968 2962//2962
f 3042//3042 3080//3080 3043//3043
f 3080//3080 3081//3081 3043//3043
f 3043//3043 3081//3081 3040//3040
f 3081//3081 3082//3082 3040//3040
f 3040//3040 3082//3082 3041//3041
f 3041//3041 3082//3082 2957//2957
f 3045//3045 3041//3041 2957//2957
f 3045//3045 2957//2957 2956//2956
f 3083//3083 3045//3045 2956//2956
f 3045//3045 3083//3083 3084//3084
f 3034//3034 3045//3045 3084//3084
f 3083//3083 2956//2956 3084//3084
f 2956//2956 2955//2955 3084//3084
f 3034//3034 3084//3084 2948//2948
f 3084//3084 2955//2955 2948//2948
f 3004//3004 2928//2928 3005//3005
f 2928//2928 2929//2929 3005//3005
f 2927//2927 2928//2928 3004//3004
f 3002//3002 2927//2927 3004//3004
f 2922//2922 2927//2927 3002//3002
f 2996//2996 2922//2922 3002//3002
f 2923//2923 2922//2922 2996//2996
f 2997//2997 2923//2923 2996//2996
f 3005//3005 2929//2929 3003//3003
f 2929//2929 2926//2926 3003//3003
f 3003//3003 2926//2926 3016//3016
f 2926//2926 2938//2938 3016//3016
f 3015//3015 3016//3016 2937//2937
f 3016//3016 2938//2938 2937//2937
f 3015//3015 2937//2937 3017//3017
f 2997//2997 2993//2993 2923//2923
f 2993//2993 2921//2921 2923//2923
f 2993//2993 2994//2994 2921//2921
f 2994//2994 2915//2915 2921//2921
f 2995//2995 2915//2915 2994//2994
f 2916//2916 2915//2915 2995//2995
f 3085//3085 2916//2916 2995//2995
f 3086//3086 3085//3085 2995//2995
f 3086//3086 3087//3087 3085//3085
f 3085//3085 3087//3087 2916//2916
f 3086//3086 2913//2913 3087//3087
f 3087//3087 2917//2917 2916//2916
f 2913//2913 2917//2917 3087//3087
f 2914//2914 2913//2913 3086//3086
f 3088//3088 2914//2914 3086//3086
f 3086//3086 2987//2987 3088//3088
f 3088//3088 2987//2987 2914//2914
f 2987//2987 2912//2912 2914//2914
f 2987//2987 3064//3064 2912//2912
f 3064//3064 2981//2981 2912//2912
f 3086//3086 2985//2985 2987//2987
f 2995//2995 2985//2985 3086//3086
f 2909//2909 2981//2981 3064//3064
f 3048//3048 3089//3089 3050//3050
f 3089//3089 3048//3048 3090//3090
f 3048//3048 2949//2949 3090//3090
f 3048//3048 3032//3032 2949//2949
f 3032//3032 2950//2950 2949//2949
f 3089//3089 3090//3090 3050//3050
f 3090//3090 3091//3091 3050//3050
f 3050//3050 3091//3091 2958//2958
f 3049//3049 3050//3050 2958//2958
f 3049//3049 2958//2958 3052//3052
f 2958//2958 2973//2973 3052//3052
f 3052//3052 2973//2973 3054//3054
f 3054//3054 2973//2973 3092//3092
f 2973//2973 2974//2974 3092//3092
f 3054//3054 3092//3092 2984//2984
f 3092//3092 2974//2974 2984//2984
f 2974//2974 2965//2965 2984//2984
f 3093//3093 2906//2906 3094//3094
f 2906//2906 2910//2910 3094//3094
f 3095//3095 3093//3093 3094//3094
f 3094//3094 2910//2910 3095//3095
f 2910//2910 2908//2908 3095//3095
f 3095//3095 2908//2908 3096//3096
f 2908//2908 2980//2980 3096//3096
f 3097//3097 3095//3095 3096//3096
f 3097//3097 3096//3096 2977//2977
f 3096//3096 2980//2980 2977//2977
f 3097//3097 2977//2977 3098//3098
f 2977//2977 2979//2979 3098//3098
f 3097//3097 3098//3098 3068//3068
f 3068//3068 3098//3098 2978//2978
f 3068//3068 2978//2978 2975//2975
f 3066//3066 3068//3068 2975//2975
f 3066//3066 2975//2975 3067//3067
f 2975//2975 2976//2976 3067//3067
f 3098//3098 2979//2979 2978//2978
f 2986//2986 3097//3097 3068//3068
f 3095//3095 3097//3097 2986//2986
f 2986//2986 2988//2988 3095//3095
f 2988//2988 3093//3093 3095//3095
f 3093//3093 2988//2988 2906//2906
f 2988//2988 2907//2907 2906//2906
f 2989//2989 2907//2907 2988//2988
f 2920//2920 2907//2907 2989//2989
f 2992//2992 2920//2920 2989//2989
f 2992//2992 2991//2991 2920//2920
f 2991//2991 2919//2919 2920//2920
f 2925//2925 2919//2919 2991//2991
f 3001//3001 2925//2925 2991//2991
f 2924//2924 2925//2925 3001//3001
f 3000//3000 2924//2924 3001//3001
f 3000//3000 3009//3009 2924//2924
f 3009//3009 2933//2933 2924//2924
f 3009//3009 3010//3010 2933//2933
f 3010//3010 2934//2934 2933//2933
f 3010//3010 3008//3008 2934//2934
f 3008//3008 2932//2932 2934//2934
f 2931//2931 2932//2932 3008//3008
f 3007//3007 2931//2931 3008//3008
f 2935//2935 2931//2931 3007//3007
f 3013//3013 2935//2935 3007//3007
f 3013//3013 3012//3012 2935//2935
f 3012//3012 2930//2930 2935//2935
f 3012//3012 3019//3019 2930//2930
f 3019//3019 2942//2942 2930//2930
f 2942//2942 3019//3019 2945//2945
f 2945//2945 3019//3019 3025//3025
f 3072//3072 3099//3099 2967//2967
f 3099//3099 2970//2970 2967//2967
f 3072//3072 3071//3071 3099//3099
f 3072//3072 2967//2967 3100//3100
f 3073//3073 3072//3072 3100//3100
f 3100//3100 3101//3101 3073//3073
f 3101//3101 3100//3100 2972//2972
f 3100//3100 2971//2971 2972//2972
f 3101//3101 2972//2972 3073//3073
f 2972//2972 2966//2966 3073//3073
f 3073//3073 2966//2966 3078//3078
f 2966//2966 2968//2968 3078//3078
f 3071//3071 2970//2970 3099//3099
f 2969//2969 2970//2970 3071//3071
f 3065//3065 2969//2969 3071//3071
f 2976//2976 2969//2969 3065//3065
f 3067//3067 2976//2976 3065//3065
f 2967//2967 2971//2971 3100//3100
f 3022//3022 2941//2941 3024//3024
f 2941//2941 2944//2944 3024//3024
f 2947//2947 2941//2941 3022//3022
f 3036//3036 2947//2947 3022//3022
f 3032//3032 3038//3038 2950//2950
f 3038//3038 2952//2952 2950//2950
f 2948//2948 2958//2958 2949//2949
f 3091//3091 2949//2949 2958//2958
f 2949//2949 3091//3091 3090//3090
f 3082//3082 3080//3080 3079//3079
f 2957//2957 3082//3082 3079//3079
f 3080//3080 3082//3082 3081//3081
f 2959//2959 2957//2957 3079//3079
f 3057//3057 3056//3056 3069//3069
f 3056//3056 3060//3060 3069//3069
f 2982//2982 3070//3070 3059//3059
f 2983//2983 2982//2982 3059//3059
f 520//520 519//519 549//549
f 549//549 519//519 550//550
f 2508//2508 550//550 519//519
f 519//519 565//565 2508//2508
f 565//565 2503//2503 2508//2508
f 562//562 2503//2503 565//565
f 2503//2503 562//562 557//557
f 637//637 565//565 519//519
f 1266//1266 1258//1258 1252//1252
f 1269//1269 1266//1266 1252//1252
f 1269//1269 1252//1252 1251//1251
f 428//428 1167//1167 427//427
f 1167//1167 428//428 3102//3102
f 3102//3102 428//428 382//382
f 380//380 3102//3102 382//382
f 3102//3102 3103//3103 1167//1167
f 1194//1194 3102//3102 380//380
f 1194//1194 1195//1195 3102//3102
f 3102//3102 1195//1195 3104//3104
f 3104//3104 3103//3103 3102//3102
f 1195//1195 1197//1197 3104//3104
f 1167//1167 3103//3103 3105//3105
f 3105//3105 1163//1163 1167//1167
f 1163//1163 3105//3105 1160//1160
f 1160//1160 3105//3105 1159//1159
f 3105//3105 3106//3106 1159//1159
f 3105//3105 3103//3103 3106//3106
f 1159//1159 3106//3106 1158//1158
f 3103//3103 3107//3107 3106//3106
f 3104//3104 3107//3107 3103//3103
f 3108//3108 3107//3107 3104//3104
f 3104//3104 1197//1197 3108//3108
f 1145//1145 3108//3108 1197//1197
f 1146//1146 3108//3108 1145//1145
f 1146//1146 3107//3107 3108//3108
f 1146//1146 1149//1149 3107//3107
f 3109//3109 3107//3107 1149//1149
f 3106//3106 3109//3109 1158//1158
f 3106//3106 3107//3107 3109//3109
f 1149//1149 1150//1150 3109//3109
f 1158//1158 3109//3109 3110//3110
f 3109//3109 1150//1150 3110//3110
f 3110//3110 1153//1153 1158//1158
f 3110//3110 1150//1150 1151//1151
f 1153//1153 3110//3110 1151//1151
f 397//397 400//400 901//901
f 910//910 397//397 901//901
f 398//398 397//397 910//910
f 3111//3111 3112//3112 3113//3113
f 3113//3113 3114//3114 3111//3111
f 3111//3111 3115//3115 3112//3112
f 3115//3115 3116//3116 3112//3112
f 3112//3112 3116//3116 3117//3117
f 3117//3117 3113//3113 3112//3112
f 3117//3117 3116//3116 3118//3118
f 3118//3118 3116//3116 3115//3115
f 3118//3118 3119//3119 3117//3117
f 3119//3119 3118//3118 3111//3111
f 3118//3118 3115//3115 3111//3111
f 3111//3111 3114//3114 3119//3119
f 261//261 340//340 260//260
f 1834//1834 340//340 261//261
f 3120//3120 3121//3121 3122//3122
f 3122//3122 3121//3121 1485//1485
f 3122//3122 1485//1485 1483//1483
f 1483//1483 1470//1470 3122//3122
f 1480//1480 1470//1470 1483//1483
f 3121//3121 1486//1486 1485//1485
f 3123//3123 1486//1486 3121//3121
f 3122//3122 1470//1470 1469//1469
f 3122//3122 1469//1469 3120//3120
f 3120//3120 1469//1469 3124//3124
f 1469//1469 1465//1465 3124//3124
f 3123//3123 1496//1496 1486//1486
f 3125//3125 1496//1496 3123//3123
f 3125//3125 1501//1501 1496//1496
f 3126//3126 1501//1501 3125//3125
f 3126//3126 1503//1503 1501//1501
f 3127//3127 1503//1503 3126//3126
f 3127//3127 1526//1526 1503//1503
f 3128//3128 1526//1526 3127//3127
f 3128//3128 1528//1528 1526//1526
f 1528//1528 3129//3129 1527//1527
f 1527//1527 3129//3129 3130//3130
f 3130//3130 3131//3131 1527//1527
f 1527//1527 3131//3131 1525//1525
f 3130//3130 3132//3132 3131//3131
f 3133//3133 3132//3132 3130//3130
f 3132//3132 3134//3134 3131//3131
f 3131//3131 3134//3134 3135//3135
f 3135//3135 3136//3136 3131//3131
f 3136//3136 1525//1525 3131//3131
f 3137//3137 3136//3136 3135//3135
f 3135//3135 3138//3138 3137//3137
f 3135//3135 3139//3139 3138//3138
f 3134//3134 3139//3139 3135//3135
f 1524//1524 1525//1525 3136//3136
f 3129//3129 3140//3140 3130//3130
f 3130//3130 3140//3140 3133//3133
f 3138//3138 3139//3139 3141//3141
f 3137//3137 3138//3138 3142//3142
f 3142//3142 3138//3138 3141//3141
f 3142//3142 3136//3136 3137//3137
f 3143//3143 3136//3136 3142//3142
f 3143//3143 1524//1524 3136//3136
f 3141//3141 3144//3144 3142//3142
f 3142//3142 3144//3144 3143//3143
f 3143//3143 3144//3144 3145//3145
f 1523//1523 1524//1524 3143//3143
f 3145//3145 1523//1523 3143//3143
f 3146//3146 1523//1523 3145//3145
f 3146//3146 3147//3147 1523//1523
f 1523//1523 3147//3147 1522//1522
f 1522//1522 3147//3147 1529//1529
f 1529//1529 3147//3147 3148//3148
f 1529//1529 3148//3148 1538//1538
f 1538//1538 3148//3148 1420//1420
f 1420//1420 1417//1417 1538//1538
f 3149//3149 3150//3150 3151//3151
f 3151//3151 3152//3152 3149//3149
f 3152//3152 3151//3151 3153//3153
f 3153//3153 3151//3151 3154//3154
f 3154//3154 3151//3151 3150//3150
f 3150//3150 3155//3155 3154//3154
f 3154//3154 3155//3155 3156//3156
f 3156//3156 3157//3157 3154//3154
f 3157//3157 3153//3153 3154//3154
f 3156//3156 3149//3149 3152//3152
f 3152//3152 3157//3157 3156//3156
f 3152//3152 3153//3153 3157//3157
f 1513//1513 1535//1535 1520//1520
f 1512//1512 1535//1535 1513//1513
f 1533//1533 1535//1535 1512//1512
f 1510//1510 1533//1533 1512//1512
f 2383//2383 2406//2406 2380//2380
f 2395//2395 2406//2406 2383//2383
f 2380//2380 2406//2406 2381//2381
f 2406//2406 2408//2408 2381//2381
f 2408//2408 2412//2412 2381//2381
f 2381//2381 2412//2412 2379//2379
f 2379//2379 2412//2412 3158//3158
f 3158//3158 2394//2394 2379//2379
f 3158//3158 2417//2417 2394//2394
f 2412//2412 2417//2417 3158//3158
f 2393//2393 2394//2394 2389//2389
f 2392//2392 2393//2393 2389//2389
f 2394//2394 2388//2388 2389//2389
f 3159//3159 3160//3160 3161//3161
f 3162//3162 3161//3161 3160//3160
f 3160//3160 3163//3163 3162//3162
f 3163//3163 3160//3160 3164//3164
f 3164//3164 3160//3160 3159//3159
f 3162//3162 3163//3163 3165//3165
f 3165//3165 3166//3166 3162//3162
f 3164//3164 3167//3167 3163//3163
f 3165//3165 3163//3163 3167//3167
f 3161//3161 3162//3162 3168//3168
f 3168//3168 3162//3162 3166//3166
f 3168//3168 3169//3169 3161//3161
f 3169//3169 3168//3168 3170//3170
f 3170//3170 3168//3168 3171//3171
f 3166//3166 3171//3171 3168//3168
f 3172//3172 3161//3161 3169//3169
f 3161//3161 3172//3172 3159//3159
f 3169//3169 3173//3173 3172//3172
f 3173//3173 3169//3169 3174//3174
f 3170//3170 3174//3174 3169//3169
f 3159//3159 3172//3172 3175//3175
f 3172//3172 3173//3173 3175//3175
f 3174//3174 3176//3176 3173//3173
f 3173//3173 3176//3176 3175//3175
f 3177//3177 3176//3176 3174//3174
f 3176//3176 3177//3177 3175//3175
f 3177//3177 3178//3178 3175//3175
f 3164//3164 3178//3178 3177//3177
f 3177//3177 3179//3179 3164//3164
f 3174//3174 3179//3179 3177//3177
f 3167//3167 3164//3164 3179//3179
f 3179//3179 3180//3180 3167//3167
f 3174//3174 3170//3170 3180//3180
f 3180//3180 3179//3179 3174//3174
f 3181//3181 3167//3167 3180//3180
f 3180//3180 3182//3182 3181//3181
f 3183//3183 3182//3182 3180//3180
f 3180//3180 3170//3170 3183//3183
f 3171//3171 3183//3183 3170//3170
f 3184//3184 3183//3183 3171//3171
f 3182//3182 3183//3183 3184//3184
f 3184//3184 3185//3185 3182//3182
f 3182//3182 3185//3185 3186//3186
f 3186//3186 3181//3181 3182//3182
f 3186//3186 3185//3185 3187//3187
f 3185//3185 3184//3184 3187//3187
f 3184//3184 3188//3188 3187//3187
f 3188//3188 3189//3189 3187//3187
f 3189//3189 3190//3190 3187//3187
f 3190//3190 3186//3186 3187//3187
f 3186//3186 3190//3190 3165//3165
f 3165//3165 3190//3190 3189//3189
f 3165//3165 3181//3181 3186//3186
f 3167//3167 3181//3181 3165//3165
f 3171//3171 3188//3188 3184//3184
f 3166//3166 3189//3189 3188//3188
f 3188//3188 3171//3171 3166//3166
f 3189//3189 3166//3166 3165//3165
f 3191//3191 3192//3192 3193//3193
f 3193//3193 3194//3194 3191//3191
f 3195//3195 3193//3193 3192//3192
f 3192//3192 3196//3196 3195//3195
f 3194//3194 3197//3197 3198//3198
f 3198//3198 3191//3191 3194//3194
f 3198//3198 3197//3197 4149//4149
f 4149//4149 4152//4152 3198//3198
f 3199//3199 540//540 541//541
f 540//540 3199//3199 542//542
f 542//542 3199//3199 3200//3200
f 3201//3201 542//542 3200//3200
f 3200//3200 546//546 3201//3201
f 3199//3199 538//538 3200//3200
f 3199//3199 541//541 538//538
f 3200//3200 538//538 535//535
f 535//535 546//546 3200//3200
f 543//543 542//542 3201//3201
f 3201//3201 3202//3202 543//543
f 546//546 3202//3202 3201//3201
f 545//545 3202//3202 546//546
f 545//545 3203//3203 3202//3202
f 544//544 3203//3203 545//545
f 547//547 3203//3203 544//544
f 651//651 3203//3203 547//547
f 651//651 522//522 3203//3203
f 3203//3203 522//522 3202//3202
f 3202//3202 522//522 524//524
f 543//543 3202//3202 524//524
f 547//547 1861//1861 651//651
f 547//547 1863//1863 1861//1861
f 547//547 548//548 1863//1863
f 1863//1863 548//548 553//553
f 3204//3204 3205//3205 3206//3206
f 3206//3206 3205//3205 3207//3207
f 3205//3205 3204//3204 3208//3208
f 3208//3208 3209//3209 3205//3205
f 3210//3210 3209//3209 3208//3208
f 2132//2132 3209//3209 3210//3210
f 3210//3210 3211//3211 2132//2132
f 3210//3210 3208//3208 3211//3211
f 2133//2133 3209//3209 2132//2132
f 3212//3212 3205//3205 3209//3209
f 2133//2133 3212//3212 3209//3209
f 3205//3205 3212//3212 3207//3207
f 3208//3208 3204//3204 3213//3213
f 3213//3213 3214//3214 3208//3208
f 3215//3215 3214//3214 3213//3213
f 3208//3208 3214//3214 3216//3216
f 3211//3211 3208//3208 3216//3216
f 3217//3217 3211//3211 3216//3216
f 2211//2211 3211//3211 3217//3217
f 3217//3217 3218//3218 2211//2211
f 3216//3216 3218//3218 3217//3217
f 2210//2210 3211//3211 2211//2211
f 2132//2132 3211//3211 2210//2210
f 2134//2134 3212//3212 2133//2133
f 2211//2211 3218//3218 2212//2212
f 3219//3219 3215//3215 3213//3213
f 3215//3215 3219//3219 3220//3220
f 3220//3220 3221//3221 3215//3215
f 3221//3221 3220//3220 3222//3222
f 3220//3220 3219//3219 3223//3223
f 3223//3223 3219//3219 3224//3224
f 3224//3224 3219//3219 3225//3225
f 3224//3224 3225//3225 3226//3226
f 3226//3226 3227//3227 3224//3224
f 3227//3227 3226//3226 3228//3228
f 3228//3228 3226//3226 3229//3229
f 3225//3225 3229//3229 3226//3226
f 3229//3229 3230//3230 3228//3228
f 3231//3231 3230//3230 3229//3229
f 3224//3224 3227//3227 3232//3232
f 3224//3224 3232//3232 3223//3223
f 3233//3233 3229//3229 3225//3225
f 3233//3233 3231//3231 3229//3229
f 3225//3225 3204//3204 3233//3233
f 3213//3213 3204//3204 3225//3225
f 3222//3222 3220//3220 3234//3234
f 3225//3225 3219//3219 3213//3213
f 3220//3220 3223//3223 3234//3234
f 3234//3234 3223//3223 3235//3235
f 3223//3223 3232//3232 3235//3235
f 3230//3230 3231//3231 3236//3236
f 3236//3236 3231//3231 3233//3233
f 3236//3236 3233//3233 3237//3237
f 3233//3233 3206//3206 3237//3237
f 3233//3233 3204//3204 3206//3206
f 3237//3237 3206//3206 2139//2139
f 3206//3206 2138//2138 2139//2139
f 3207//3207 2138//2138 3206//3206
f 2138//2138 3207//3207 2134//2134
f 2134//2134 3207//3207 3212//3212
f 3238//3238 3216//3216 3214//3214
f 3218//3218 3216//3216 3238//3238
f 3238//3238 3239//3239 3218//3218
f 3238//3238 3240//3240 3239//3239
f 3218//3218 3239//3239 2212//2212
f 3241//3241 3240//3240 3238//3238
f 3241//3241 3238//3238 3214//3214
f 3242//3242 3240//3240 3241//3241
f 3240//3240 3242//3242 3243//3243
f 3242//3242 3244//3244 3243//3243
f 3241//3241 3244//3244 3242//3242
f 3215//3215 3244//3244 3241//3241
f 3241//3241 3214//3214 3215//3215
f 3243//3243 3244//3244 3245//3245
f 3244//3244 3221//3221 3245//3245
f 3221//3221 3244//3244 3215//3215
f 3245//3245 3221//3221 3222//3222
f 3246//3246 3235//3235 3232//3232
f 3246//3246 3247//3247 3235//3235
f 3235//3235 3247//3247 3248//3248
f 3235//3235 3248//3248 3234//3234
f 3234//3234 3248//3248 3222//3222
f 3245//3245 3222//3222 3248//3248
f 3243//3243 3245//3245 3248//3248
f 3240//3240 3243//3243 3248//3248
f 3232//3232 3227//3227 3246//3246
f 3246//3246 3227//3227 3228//3228
f 3246//3246 3228//3228 3249//3249
f 3249//3249 3228//3228 3230//3230
f 3230//3230 3236//3236 3249//3249
f 2376//2376 3250//3250 571//571
f 2376//2376 3251//3251 3250//3250
f 2375//2375 3251//3251 2376//2376
f 571//571 3250//3250 572//572
f 572//572 3250//3250 3252//3252
f 3252//3252 3253//3253 572//572
f 3253//3253 3252//3252 3254//3254
f 3250//3250 3254//3254 3252//3252
f 3250//3250 3251//3251 3254//3254
f 3251//3251 3253//3253 3254//3254
f 3251//3251 554//554 3253//3253
f 2375//2375 554//554 3251//3251
f 554//554 555//555 3253//3253
f 572//572 3253//3253 555//555
f 2377//2377 3255//3255 1363//1363
f 2377//2377 571//571 3255//3255
f 3256//3256 3255//3255 571//571
f 3257//3257 3255//3255 3256//3256
f 3256//3256 3258//3258 3257//3257
f 3259//3259 3257//3257 3258//3258
f 3259//3259 3255//3255 3257//3257
f 3255//3255 3259//3259 3260//3260
f 1363//1363 3255//3255 3260//3260
f 575//575 3258//3258 3256//3256
f 1361//1361 3258//3258 575//575
f 1361//1361 1363//1363 3258//3258
f 3258//3258 1363//1363 3260//3260
f 3259//3259 3258//3258 3260//3260
f 411//411 487//487 925//925
f 485//485 925//925 487//487
f 925//925 485//485 923//923
f 923//923 485//485 483//483
f 412//412 487//487 411//411
f 412//412 417//417 487//487
f 2294//2294 2293//2293 2319//2319
f 2319//2319 3261//3261 2294//2294
f 3261//3261 3262//3262 2294//2294
f 3262//3262 2288//2288 2294//2294
f 2288//2288 3262//3262 2287//2287
f 3263//3263 3262//3262 3261//3261
f 3264//3264 3263//3263 3261//3261
f 3263//3263 3264//3264 2268//2268
f 3262//3262 3263//3263 3265//3265
f 2287//2287 3262//3262 3265//3265
f 3265//3265 2284//2284 2287//2287
f 2284//2284 3265//3265 2282//2282
f 2282//2282 3265//3265 2273//2273
f 3263//3263 2273//2273 3265//3265
f 2268//2268 2270//2270 3263//3263
f 2270//2270 2273//2273 3263//3263
f 3264//3264 3261//3261 2326//2326
f 2326//2326 3261//3261 2324//2324
f 2324//2324 3261//3261 2319//2319
f 3264//3264 2326//2326 2267//2267
f 2268//2268 3264//3264 2267//2267
f 2267//2267 2326//2326 2328//2328
f 2328//2328 2262//2262 2267//2267
f 2331//2331 2262//2262 2328//2328
f 2331//2331 2265//2265 2262//2262
f 2260//2260 2265//2265 2331//2331
f 1581//1581 3266//3266 1584//1584
f 3267//3267 3266//3266 1581//1581
f 3267//3267 1581//1581 3268//3268
f 3268//3268 1581//1581 1580//1580
f 3269//3269 3267//3267 3268//3268
f 1605//1605 3267//3267 3269//3269
f 1605//1605 3266//3266 3267//3267
f 3269//3269 1603//1603 1605//1605
f 3269//3269 1601//1601 1603//1603
f 3270//3270 1601//1601 3269//3269
f 1600//1600 1601//1601 3270//3270
f 1604//1604 3266//3266 1605//1605
f 1604//1604 1606//1606 3266//3266
f 1606//1606 1584//1584 3266//3266
f 3269//3269 3271//3271 3270//3270
f 3268//3268 3271//3271 3269//3269
f 3270//3270 3271//3271 3272//3272
f 3268//3268 3273//3273 3271//3271
f 3273//3273 3272//3272 3271//3271
f 3274//3274 3273//3273 3268//3268
f 1580//1580 3274//3274 3268//3268
f 1578//1578 3274//3274 1580//1580
f 3275//3275 3272//3272 3273//3273
f 3275//3275 3273//3273 3276//3276
f 3273//3273 3274//3274 3276//3276
f 3276//3276 3274//3274 3277//3277
f 3274//3274 1578//1578 3277//3277
f 3277//3277 1578//1578 3278//3278
f 3279//3279 3278//3278 1578//1578
f 3280//3280 3279//3279 1578//1578
f 1576//1576 3280//3280 1578//1578
f 1574//1574 3280//3280 1576//1576
f 3281//3281 3272//3272 3275//3275
f 3282//3282 3272//3272 3281//3281
f 3281//3281 3283//3283 3282//3282
f 3284//3284 3283//3283 3281//3281
f 3283//3283 3284//3284 3285//3285
f 3285//3285 3284//3284 3286//3286
f 3286//3286 3284//3284 3287//3287
f 3288//3288 3286//3286 3287//3287
f 3288//3288 3289//3289 3286//3286
f 3289//3289 3290//3290 3286//3286
f 3291//3291 3286//3286 3290//3290
f 3285//3285 3286//3286 3291//3291
f 3292//3292 3290//3290 3289//3289
f 3293//3293 3291//3291 3290//3290
f 3292//3292 3293//3293 3290//3290
f 3294//3294 3291//3291 3293//3293
f 3293//3293 3292//3292 2436//2436
f 2428//2428 3293//3293 2436//2436
f 2436//2436 3292//3292 3295//3295
f 3292//3292 3296//3296 3295//3295
f 3289//3289 3296//3296 3292//3292
f 3296//3296 3297//3297 3295//3295
f 3295//3295 3297//3297 3298//3298
f 3299//3299 3298//3298 3297//3297
f 3297//3297 3300//3300 3299//3299
f 3296//3296 3300//3300 3297//3297
f 3300//3300 3296//3296 3301//3301
f 3301//3301 3296//3296 3289//3289
f 3301//3301 3289//3289 3288//3288
f 3302//3302 3291//3291 3294//3294
f 3294//3294 3303//3303 3302//3302
f 3302//3302 3303//3303 3304//3304
f 3303//3303 1443//1443 3304//3304
f 3304//3304 1443//1443 3305//3305
f 1443//1443 3306//3306 3305//3305
f 3306//3306 3307//3307 3305//3305
f 1442//1442 3307//3307 3306//3306
f 3306//3306 1443//1443 1442//1442
f 3308//3308 3307//3307 1442//1442
f 3308//3308 3309//3309 3307//3307
f 3310//3310 3307//3307 3309//3309
f 3310//3310 3309//3309 3311//3311
f 3311//3311 3312//3312 3310//3310
f 3311//3311 1475//1475 3312//3312
f 1475//1475 3313//3313 3312//3312
f 3313//3313 1475//1475 1477//1477
f 3313//3313 1477//1477 1599//1599
f 1599//1599 1477//1477 1478//1478
f 1599//1599 1600//1600 3313//3313
f 3313//3313 1600//1600 3314//3314
f 3312//3312 3313//3313 3315//3315
f 3310//3310 3312//3312 3315//3315
f 3315//3315 3313//3313 3316//3316
f 3316//3316 3313//3313 3314//3314
f 1475//1475 3311//3311 1474//1474
f 3316//3316 3317//3317 3315//3315
f 3317//3317 3310//3310 3315//3315
f 3318//3318 3317//3317 3316//3316
f 3311//3311 3309//3309 3319//3319
f 3310//3310 3317//3317 3320//3320
f 3311//3311 3319//3319 3321//3321
f 3321//3321 3319//3319 3322//3322
f 3322//3322 3319//3319 3323//3323
f 3323//3323 3319//3319 3309//3309
f 3311//3311 3321//3321 1474//1474
f 3323//3323 3309//3309 3308//3308
f 3321//3321 3322//3322 1447//1447
f 1447//1447 3322//3322 3323//3323
f 1447//1447 3323//3323 1445//1445
f 1445//1445 3323//3323 3308//3308
f 1447//1447 1448//1448 3321//3321
f 3321//3321 1448//1448 1474//1474
f 1445//1445 3308//3308 1441//1441
f 1441//1441 3308//3308 1442//1442
f 3317//3317 3318//3318 3324//3324
f 3320//3320 3317//3317 3324//3324
f 3304//3304 3320//3320 3324//3324
f 3305//3305 3320//3320 3304//3304
f 3305//3305 3307//3307 3320//3320
f 3320//3320 3307//3307 3310//3310
f 3324//3324 3302//3302 3304//3304
f 3325//3325 3302//3302 3324//3324
f 3283//3283 3302//3302 3325//3325
f 3325//3325 3326//3326 3283//3283
f 3283//3283 3326//3326 3282//3282
f 3270//3270 3282//3282 3326//3326
f 3272//3272 3282//3282 3270//3270
f 3314//3314 3270//3270 3326//3326
f 3326//3326 3316//3316 3314//3314
f 3326//3326 3318//3318 3316//3316
f 3318//3318 3326//3326 3325//3325
f 3324//3324 3318//3318 3325//3325
f 3285//3285 3302//3302 3283//3283
f 1600//1600 3270//3270 3314//3314
f 3285//3285 3291//3291 3302//3302
f 564//564 3327//3327 3328//3328
f 3328//3328 3327//3327 3329//3329
f 3327//3327 3330//3330 3329//3329
f 565//565 3330//3330 3327//3327
f 565//565 3327//3327 564//564
f 635//635 3330//3330 565//565
f 3331//3331 3328//3328 3329//3329
f 3328//3328 3331//3331 564//564
f 3330//3330 3331//3331 3329//3329
f 3330//3330 632//632 3331//3331
f 564//564 3331//3331 632//632
f 635//635 632//632 3330//3330
f 3332//3332 1460//1460 3333//3333
f 3333//3333 3334//3334 3332//3332
f 1460//1460 3332//3332 1462//1462
f 3332//3332 3335//3335 1462//1462
f 1460//1460 1461//1461 3333//3333
f 3333//3333 1461//1461 3336//3336
f 3335//3335 1463//1463 1462//1462
f 3335//3335 1465//1465 1463//1463
f 3337//3337 1465//1465 3335//3335
f 1465//1465 3337//3337 3124//3124
f 3120//3120 3124//3124 3337//3337
f 3335//3335 3332//3332 3338//3338
f 3338//3338 3337//3337 3335//3335
f 3332//3332 3334//3334 3338//3338
f 3339//3339 3333//3333 3336//3336
f 3334//3334 3333//3333 3340//3340
f 3340//3340 3333//3333 3339//3339
f 3341//3341 3334//3334 3340//3340
f 3337//3337 3342//3342 3120//3120
f 3338//3338 3342//3342 3337//3337
f 3120//3120 3342//3342 3121//3121
f 3342//3342 3123//3123 3121//3121
f 3343//3343 3341//3341 3340//3340
f 3340//3340 3339//3339 3343//3343
f 3339//3339 3344//3344 3343//3343
f 3339//3339 3336//3336 3344//3344
f 3344//3344 3345//3345 3343//3343
f 3343//3343 3345//3345 3346//3346
f 3347//3347 3346//3346 3345//3345
f 3345//3345 3348//3348 3347//3347
f 3348//3348 3345//3345 3349//3349
f 3349//3349 3345//3345 3344//3344
f 3347//3347 3348//3348 3350//3350
f 3347//3347 3350//3350 3351//3351
f 3347//3347 3351//3351 3352//3352
f 3352//3352 3346//3346 3347//3347
f 3352//3352 3351//3351 3353//3353
f 3353//3353 3351//3351 3140//3140
f 3346//3346 3352//3352 3354//3354
f 3354//3354 3352//3352 3353//3353
f 3355//3355 3354//3354 3353//3353
f 3355//3355 3353//3353 3129//3129
f 3129//3129 3353//3353 3140//3140
f 3356//3356 3355//3355 3129//3129
f 3355//3355 3356//3356 3357//3357
f 3357//3357 3354//3354 3355//3355
f 3357//3357 3358//3358 3354//3354
f 3358//3358 3346//3346 3354//3354
f 3356//3356 3129//3129 1528//1528
f 3359//3359 3358//3358 3357//3357
f 3360//3360 3359//3359 3357//3357
f 3357//3357 3356//3356 3360//3360
f 3361//3361 3359//3359 3360//3360
f 3360//3360 3356//3356 3128//3128
f 3128//3128 3356//3356 1528//1528
f 3127//3127 3360//3360 3128//3128
f 3361//3361 3360//3360 3127//3127
f 3362//3362 3359//3359 3361//3361
f 3127//3127 3363//3363 3361//3361
f 3361//3361 3363//3363 3362//3362
f 3126//3126 3363//3363 3127//3127
f 3363//3363 3126//3126 3364//3364
f 3364//3364 3362//3362 3363//3363
f 3365//3365 3362//3362 3364//3364
f 3365//3365 3359//3359 3362//3362
f 3334//3334 3365//3365 3364//3364
f 3341//3341 3365//3365 3334//3334
f 3358//3358 3359//3359 3341//3341
f 3341//3341 3359//3359 3365//3365
f 3358//3358 3341//3341 3343//3343
f 3343//3343 3346//3346 3358//3358
f 3364//3364 3126//3126 3125//3125
f 3366//3366 3364//3364 3125//3125
f 3364//3364 3366//3366 3334//3334
f 3125//3125 3123//3123 3366//3366
f 3366//3366 3123//3123 3342//3342
f 3342//3342 3338//3338 3366//3366
f 3334//3334 3366//3366 3338//3338
f 3367//3367 3279//3279 3280//3280
f 3280//3280 3368//3368 3367//3367
f 3368//3368 3369//3369 3367//3367
f 3370//3370 3368//3368 3280//3280
f 1574//1574 3370//3370 3280//3280
f 3371//3371 3369//3369 3368//3368
f 3371//3371 3372//3372 3369//3369
f 3369//3369 3372//3372 3373//3373
f 3374//3374 3370//3370 1574//1574
f 3375//3375 3370//3370 3374//3374
f 3375//3375 3376//3376 3370//3370
f 3370//3370 3376//3376 3368//3368
f 3376//3376 3377//3377 3368//3368
f 3368//3368 3377//3377 3371//3371
f 3377//3377 3378//3378 3371//3371
f 3371//3371 3378//3378 3372//3372
f 3378//3378 3379//3379 3372//3372
f 3379//3379 3380//3380 3372//3372
f 3372//3372 3380//3380 3381//3381
f 3372//3372 3381//3381 3373//3373
f 3378//3378 3377//3377 3382//3382
f 3382//3382 3383//3383 3378//3378
f 3383//3383 3379//3379 3378//3378
f 3384//3384 3383//3383 3382//3382
f 3382//3382 3377//3377 3385//3385
f 3376//3376 3385//3385 3377//3377
f 3386//3386 3385//3385 3376//3376
f 3386//3386 3376//3376 3387//3387
f 3387//3387 3376//3376 3375//3375
f 3374//3374 3387//3387 3375//3375
f 1570//1570 3387//3387 3374//3374
f 1570//1570 3872//3872 3387//3387
f 1568//1568 3872//3872 1570//1570
f 3872//3872 3871//3871 3387//3387
f 3387//3387 3871//3871 3386//3386
f 3871//3871 3385//3385 3386//3386
f 3385//3385 3388//3388 3382//3382
f 3388//3388 3384//3384 3382//3382
f 3388//3388 3385//3385 3871//3871
f 3389//3389 3383//3383 3384//3384
f 3390//3390 3383//3383 3389//3389
f 3391//3391 3390//3390 3389//3389
f 3389//3389 3392//3392 3391//3391
f 3393//3393 3390//3390 3391//3391
f 3393//3393 3391//3391 3394//3394
f 3394//3394 3391//3391 3395//3395
f 3394//3394 3395//3395 3396//3396
f 3397//3397 3390//3390 3393//3393
f 3392//3392 3398//3398 3391//3391
f 3391//3391 3398//3398 3395//3395
f 3398//3398 3396//3396 3395//3395
f 3399//3399 3396//3396 3398//3398
f 3399//3399 3400//3400 3396//3396
f 3401//3401 3400//3400 3399//3399
f 3401//3401 3402//3402 3400//3400
f 3287//3287 3402//3402 3401//3401
f 3403//3403 3402//3402 3287//3287
f 3401//3401 3399//3399 3404//3404
f 3399//3399 3398//3398 3404//3404
f 3404//3404 3405//3405 3401//3401
f 3287//3287 3401//3401 3405//3405
f 3406//3406 3405//3405 3404//3404
f 3398//3398 3407//3407 3404//3404
f 3406//3406 3404//3404 3407//3407
f 3392//3392 3407//3407 3398//3398
f 3407//3407 3392//3392 3408//3408
f 3408//3408 3392//3392 3409//3409
f 3408//3408 3410//3410 3407//3407
f 3407//3407 3410//3410 3411//3411
f 3407//3407 3411//3411 3406//3406
f 3405//3405 3406//3406 3288//3288
f 3405//3405 3288//3288 3287//3287
f 3288//3288 3406//3406 3412//3412
f 3406//3406 3411//3411 3412//3412
f 3412//3412 3301//3301 3288//3288
f 3411//3411 3300//3300 3412//3412
f 3412//3412 3300//3300 3301//3301
f 3411//3411 3410//3410 3300//3300
f 3300//3300 3410//3410 3299//3299
f 3409//3409 3392//3392 3389//3389
f 3402//3402 3403//3403 3413//3413
f 3414//3414 3402//3402 3413//3413
f 3413//3413 3403//3403 3275//3275
f 3275//3275 3415//3415 3413//3413
f 3413//3413 3415//3415 3414//3414
f 3400//3400 3402//3402 3414//3414
f 3414//3414 3396//3396 3400//3400
f 3416//3416 3396//3396 3414//3414
f 3396//3396 3416//3416 3394//3394
f 3394//3394 3416//3416 3417//3417
f 3416//3416 3380//3380 3417//3417
f 3417//3417 3380//3380 3379//3379
f 3380//3380 3416//3416 3418//3418
f 3414//3414 3415//3415 3418//3418
f 3418//3418 3416//3416 3414//3414
f 3419//3419 3420//3420 3421//3421
f 3393//3393 3420//3420 3419//3419
f 3393//3393 3417//3417 3420//3420
f 3422//3422 3420//3420 3417//3417
f 3420//3420 3422//3422 3421//3421
f 3379//3379 3422//3422 3417//3417
f 3419//3419 3421//3421 3423//3423
f 3423//3423 3421//3421 3424//3424
f 3397//3397 3422//3422 3379//3379
f 3422//3422 3397//3397 3425//3425
f 3421//3421 3425//3425 3424//3424
f 3421//3421 3422//3422 3425//3425
f 3419//3419 3397//3397 3393//3393
f 3423//3423 3426//3426 3419//3419
f 3426//3426 3397//3397 3419//3419
f 3427//3427 3426//3426 3423//3423
f 3423//3423 3424//3424 3428//3428
f 3423//3423 3429//3429 3427//3427
f 3428//3428 3429//3429 3423//3423
f 3429//3429 3428//3428 3430//3430
f 3431//3431 3429//3429 3430//3430
f 3427//3427 3429//3429 3431//3431
f 3428//3428 3424//3424 3432//3432
f 3428//3428 3432//3432 3430//3430
f 3432//3432 3433//3433 3430//3430
f 3433//3433 3431//3431 3430//3430
f 3434//3434 3431//3431 3433//3433
f 3434//3434 3432//3432 3424//3424
f 3424//3424 3425//3425 3434//3434
f 3433//3433 3432//3432 3434//3434
f 3434//3434 3425//3425 3427//3427
f 3427//3427 3431//3431 3434//3434
f 3427//3427 3425//3425 3426//3426
f 3425//3425 3397//3397 3426//3426
f 3394//3394 3417//3417 3393//3393
f 3397//3397 3383//3383 3390//3390
f 3379//3379 3383//3383 3397//3397
f 3878//3878 1404//1404 3868//3868
f 3868//3868 1404//1404 2438//2438
f 2441//2441 3868//3868 2438//2438
f 3299//3299 3868//3868 2441//2441
f 2441//2441 3298//3298 3299//3299
f 2438//2438 1404//1404 1403//1403
f 2442//2442 3298//3298 2441//2441
f 2442//2442 3295//3295 3298//3298
f 2436//2436 3295//3295 2442//2442
f 3878//3878 1405//1405 1404//1404
f 3879//3879 1405//1405 3878//3878
f 3879//3879 1406//1406 1405//1405
f 3877//3877 1406//1406 3879//3879
f 3877//3877 1410//1410 1406//1406
f 3435//3435 3436//3436 3437//3437
f 3436//3436 3438//3438 3437//3437
f 3439//3439 3438//3438 3436//3436
f 3439//3439 3436//3436 3435//3435
f 3439//3439 3435//3435 3440//3440
f 3440//3440 3441//3441 3439//3439
f 3438//3438 3439//3439 3441//3441
f 3437//3437 3438//3438 3442//3442
f 3441//3441 3442//3442 3438//3438
f 3442//3442 3443//3443 3437//3437
f 3440//3440 3435//3435 3437//3437
f 3437//3437 3443//3443 3440//3440
f 3444//3444 3445//3445 3446//3446
f 3445//3445 3447//3447 3446//3446
f 3448//3448 3447//3447 3445//3445
f 3448//3448 3445//3445 3444//3444
f 3449//3449 3448//3448 3444//3444
f 3444//3444 3450//3450 3449//3449
f 3448//3448 3449//3449 3451//3451
f 3451//3451 3447//3447 3448//3448
f 3447//3447 3451//3451 3452//3452
f 3452//3452 3446//3446 3447//3447
f 3444//3444 3446//3446 3452//3452
f 3452//3452 3450//3450 3444//3444
f 3453//3453 3454//3454 3455//3455
f 3454//3454 3456//3456 3455//3455
f 3457//3457 3456//3456 3454//3454
f 3457//3457 3454//3454 3453//3453
f 3457//3457 3453//3453 3458//3458
f 3458//3458 3459//3459 3457//3457
f 3456//3456 3457//3457 3459//3459
f 3460//3460 3455//3455 3456//3456
f 3456//3456 3461//3461 3460//3460
f 3459//3459 3461//3461 3456//3456
f 3455//3455 3460//3460 3458//3458
f 3458//3458 3453//3453 3455//3455
f 3462//3462 3463//3463 3464//3464
f 3463//3463 3465//3465 3464//3464
f 3466//3466 3465//3465 3463//3463
f 3466//3466 3463//3463 3462//3462
f 3467//3467 3466//3466 3462//3462
f 3462//3462 3468//3468 3467//3467
f 3469//3469 3465//3465 3466//3466
f 3464//3464 3465//3465 3469//3469
f 3466//3466 3467//3467 3469//3469
f 3468//3468 3462//3462 3464//3464
f 3464//3464 3470//3470 3468//3468
f 3469//3469 3470//3470 3464//3464
f 3471//3471 3472//3472 3473//3473
f 3472//3472 3474//3474 3473//3473
f 3475//3475 3474//3474 3472//3472
f 3475//3475 3472//3472 3471//3471
f 3476//3476 3475//3475 3471//3471
f 3474//3474 3475//3475 3476//3476
f 3476//3476 3477//3477 3474//3474
f 3473//3473 3474//3474 3477//3477
f 3471//3471 3478//3478 3476//3476
f 3477//3477 3479//3479 3473//3473
f 3473//3473 3479//3479 3478//3478
f 3478//3478 3471//3471 3473//3473
f 3480//3480 3481//3481 3482//3482
f 3483//3483 3481//3481 3480//3480
f 3484//3484 3481//3481 3483//3483
f 3485//3485 3483//3483 3480//3480
f 3484//3484 3483//3483 3485//3485
f 3486//3486 3484//3484 3485//3485
f 3486//3486 3482//3482 3481//3481
f 3481//3481 3484//3484 3486//3486
f 3485//3485 3487//3487 3486//3486
f 3482//3482 3488//3488 3480//3480
f 3485//3485 3480//3480 3488//3488
f 3488//3488 3487//3487 3485//3485
f 3489//3489 3490//3490 3491//3491
f 3492//3492 3489//3489 3491//3491
f 3491//3491 3493//3493 3492//3492
f 3494//3494 3489//3489 3492//3492
f 3489//3489 3494//3494 3490//3490
f 3492//3492 3495//3495 3494//3494
f 3496//3496 3494//3494 3495//3495
f 3490//3490 3494//3494 3496//3496
f 3491//3491 3490//3490 3496//3496
f 3491//3491 3496//3496 3497//3497
f 3495//3495 3497//3497 3496//3496
f 3497//3497 3493//3493 3491//3491
f 3498//3498 3499//3499 3500//3500
f 3500//3500 3501//3501 3498//3498
f 3501//3501 3502//3502 3498//3498
f 3502//3502 3503//3503 3498//3498
f 3499//3499 3498//3498 3503//3503
f 3503//3503 3504//3504 3499//3499
f 3505//3505 3504//3504 3503//3503
f 3503//3503 3506//3506 3505//3505
f 3506//3506 3503//3503 3502//3502
f 3506//3506 3502//3502 3501//3501
f 3506//3506 3501//3501 3500//3500
f 3500//3500 3505//3505 3506//3506
f 3507//3507 1432//1432 1433//1433
f 3507//3507 1433//1433 3508//3508
f 3508//3508 1433//1433 1436//1436
f 1436//1436 3509//3509 3508//3508
f 3510//3510 3509//3509 1436//1436
f 3510//3510 3294//3294 3509//3509
f 3509//3509 3294//3294 3293//3293
f 3509//3509 3293//3293 2428//2428
f 1436//1436 1438//1438 3510//3510
f 3510//3510 3303//3303 3294//3294
f 1438//1438 3303//3303 3510//3510
f 1438//1438 1443//1443 3303//3303
f 3507//3507 3508//3508 2430//2430
f 3509//3509 2430//2430 3508//3508
f 2428//2428 2430//2430 3509//3509
f 2430//2430 2433//2433 3507//3507
f 3507//3507 2433//2433 3511//3511
f 3507//3507 3511//3511 3512//3512
f 3511//3511 3513//3513 3512//3512
f 3514//3514 3513//3513 3511//3511
f 3514//3514 1428//1428 3513//3513
f 1427//1427 1428//1428 3514//3514
f 3514//3514 1423//1423 1427//1427
f 3514//3514 3511//3511 1423//1423
f 1423//1423 3511//3511 1386//1386
f 3511//3511 2433//2433 1386//1386
f 1386//1386 1388//1388 1423//1423
f 1423//1423 1388//1388 1391//1391
f 1431//1431 3512//3512 3513//3513
f 1428//1428 1431//1431 3513//3513
f 1432//1432 3512//3512 1431//1431
f 1432//1432 3507//3507 3512//3512
f 3515//3515 3516//3516 3517//3517
f 3517//3517 3516//3516 3518//3518
f 3516//3516 3519//3519 3518//3518
f 3518//3518 3519//3519 3520//3520
f 3519//3519 3132//3132 3520//3520
f 3520//3520 3132//3132 3133//3133
f 3132//3132 3519//3519 3134//3134
f 3134//3134 3519//3519 3521//3521
f 3134//3134 3521//3521 3139//3139
f 3522//3522 3521//3521 3519//3519
f 3519//3519 3516//3516 3522//3522
f 3523//3523 3521//3521 3522//3522
f 3521//3521 3523//3523 3524//3524
f 3139//3139 3521//3521 3524//3524
f 3522//3522 3516//3516 3525//3525
f 3516//3516 3515//3515 3525//3525
f 3525//3525 3515//3515 3526//3526
f 3350//3350 3517//3517 3518//3518
f 3348//3348 3517//3517 3350//3350
f 3349//3349 3517//3517 3348//3348
f 3527//3527 3517//3517 3349//3349
f 1461//1461 3527//3527 3349//3349
f 1459//1459 3527//3527 1461//1461
f 3525//3525 3526//3526 3528//3528
f 3528//3528 3526//3526 3529//3529
f 3529//3529 3526//3526 1425//1425
f 1425//1425 3526//3526 3530//3530
f 3530//3530 1426//1426 1425//1425
f 3531//3531 3525//3525 3528//3528
f 3522//3522 3525//3525 3531//3531
f 3531//3531 3532//3532 3522//3522
f 3522//3522 3532//3532 3523//3523
f 3532//3532 3524//3524 3523//3523
f 3141//3141 3524//3524 3532//3532
f 3524//3524 3141//3141 3139//3139
f 3141//3141 3532//3532 3144//3144
f 3532//3532 3531//3531 3144//3144
f 3144//3144 3531//3531 3145//3145
f 3531//3531 3528//3528 3145//3145
f 3145//3145 3528//3528 3146//3146
f 3529//3529 3147//3147 3528//3528
f 3528//3528 3147//3147 3146//3146
f 3529//3529 1424//1424 3147//3147
f 1424//1424 3529//3529 1425//1425
f 3530//3530 1468//1468 1426//1426
f 3533//3533 1468//1468 3530//3530
f 3533//3533 1467//1467 1468//1468
f 1467//1467 3533//3533 1458//1458
f 3147//3147 1424//1424 3148//3148
f 1424//1424 1419//1419 3148//3148
f 3148//3148 1419//1419 1420//1420
f 1458//1458 3533//3533 1459//1459
f 1459//1459 3533//3533 3527//3527
f 3533//3533 3515//3515 3527//3527
f 3515//3515 3533//3533 3526//3526
f 3526//3526 3533//3533 3530//3530
f 3527//3527 3515//3515 3517//3517
f 2253//2253 2236//2236 2235//2235
f 3534//3534 3535//3535 3536//3536
f 3536//3536 3537//3537 3534//3534
f 3538//3538 3536//3536 3535//3535
f 3539//3539 3536//3536 3538//3538
f 3537//3537 3536//3536 3539//3539
f 3540//3540 3538//3538 3535//3535
f 3541//3541 3540//3540 3535//3535
f 3535//3535 3534//3534 3541//3541
f 3539//3539 3542//3542 3537//3537
f 3542//3542 3539//3539 3540//3540
f 3539//3539 3538//3538 3540//3540
f 3540//3540 3541//3541 3542//3542
f 3543//3543 3544//3544 3545//3545
f 3545//3545 3546//3546 3543//3543
f 3543//3543 3547//3547 3544//3544
f 3547//3547 3548//3548 3544//3544
f 3549//3549 3548//3548 3547//3547
f 3549//3549 3547//3547 3543//3543
f 3550//3550 3549//3549 3543//3543
f 3543//3543 3546//3546 3550//3550
f 3551//3551 3548//3548 3549//3549
f 3551//3551 3545//3545 3544//3544
f 3549//3549 3550//3550 3551//3551
f 3544//3544 3548//3548 3551//3551
f 3552//3552 3553//3553 3554//3554
f 3554//3554 3555//3555 3552//3552
f 3552//3552 3556//3556 3553//3553
f 3556//3556 3557//3557 3553//3553
f 3554//3554 3553//3553 3557//3557
f 3557//3557 3558//3558 3554//3554
f 3558//3558 3557//3557 3559//3559
f 3559//3559 3557//3557 3556//3556
f 3559//3559 3556//3556 3552//3552
f 3559//3559 3560//3560 3558//3558
f 3560//3560 3559//3559 3552//3552
f 3552//3552 3555//3555 3560//3560
f 3561//3561 3562//3562 3563//3563
f 3563//3563 3564//3564 3561//3561
f 3561//3561 3565//3565 3562//3562
f 3565//3565 3566//3566 3562//3562
f 3567//3567 3566//3566 3565//3565
f 3567//3567 3565//3565 3561//3561
f 3568//3568 3567//3567 3561//3561
f 3561//3561 3564//3564 3568//3568
f 3569//3569 3566//3566 3567//3567
f 3567//3567 3568//3568 3569//3569
f 3562//3562 3566//3566 3569//3569
f 3569//3569 3563//3563 3562//3562
f 3570//3570 3571//3571 3572//3572
f 3572//3572 3573//3573 3570//3570
f 3570//3570 3574//3574 3571//3571
f 3574//3574 3575//3575 3571//3571
f 3572//3572 3571//3571 3575//3575
f 3575//3575 3576//3576 3572//3572
f 3577//3577 3576//3576 3575//3575
f 3575//3575 3578//3578 3577//3577
f 3578//3578 3575//3575 3574//3574
f 3578//3578 3574//3574 3570//3570
f 3578//3578 3570//3570 3573//3573
f 3573//3573 3577//3577 3578//3578
f 3579//3579 3580//3580 3581//3581
f 3581//3581 3582//3582 3579//3579
f 3582//3582 3583//3583 3579//3579
f 3583//3583 3584//3584 3579//3579
f 3585//3585 3584//3584 3583//3583
f 3585//3585 3583//3583 3582//3582
f 3585//3585 3582//3582 3581//3581
f 3581//3581 3586//3586 3585//3585
f 3579//3579 3584//3584 3587//3587
f 3585//3585 3586//3586 3587//3587
f 3587//3587 3580//3580 3579//3579
f 3587//3587 3584//3584 3585//3585
f 3588//3588 3589//3589 3590//3590
f 3590//3590 3591//3591 3588//3588
f 3591//3591 3592//3592 3588//3588
f 3592//3592 3593//3593 3588//3588
f 3594//3594 3593//3593 3592//3592
f 3594//3594 3592//3592 3591//3591
f 3595//3595 3594//3594 3591//3591
f 3591//3591 3590//3590 3595//3595
f 3594//3594 3595//3595 3596//3596
f 3596//3596 3593//3593 3594//3594
f 3588//3588 3593//3593 3596//3596
f 3596//3596 3589//3589 3588//3588
f 3597//3597 3598//3598 3599//3599
f 3599//3599 3600//3600 3597//3597
f 3600//3600 3601//3601 3597//3597
f 3601//3601 3602//3602 3597//3597
f 3603//3603 3602//3602 3601//3601
f 3603//3603 3601//3601 3600//3600
f 3604//3604 3603//3603 3600//3600
f 3602//3602 3603//3603 3604//3604
f 3600//3600 3599//3599 3604//3604
f 3604//3604 3605//3605 3602//3602
f 3597//3597 3602//3602 3605//3605
f 3605//3605 3598//3598 3597//3597
f 3606//3606 3607//3607 3608//3608
f 3608//3608 3609//3609 3606//3606
f 3606//3606 3610//3610 3607//3607
f 3610//3610 3611//3611 3607//3607
f 3612//3612 3611//3611 3610//3610
f 3612//3612 3610//3610 3606//3606
f 3613//3613 3612//3612 3606//3606
f 3611//3611 3612//3612 3613//3613
f 3613//3613 3614//3614 3611//3611
f 3607//3607 3611//3611 3614//3614
f 3614//3614 3608//3608 3607//3607
f 3606//3606 3609//3609 3613//3613
f 3615//3615 3616//3616 3617//3617
f 3617//3617 3618//3618 3615//3615
f 3618//3618 3619//3619 3615//3615
f 3619//3619 3620//3620 3615//3615
f 3616//3616 3615//3615 3620//3620
f 3621//3621 3620//3620 3619//3619
f 3621//3621 3619//3619 3618//3618
f 3621//3621 3618//3618 3617//3617
f 3617//3617 3622//3622 3621//3621
f 3621//3621 3622//3622 3623//3623
f 3623//3623 3620//3620 3621//3621
f 3620//3620 3623//3623 3616//3616
f 3624//3624 3625//3625 3626//3626
f 3626//3626 3627//3627 3624//3624
f 3627//3627 3628//3628 3624//3624
f 3628//3628 3629//3629 3624//3624
f 3630//3630 3629//3629 3628//3628
f 3630//3630 3628//3628 3627//3627
f 3631//3631 3630//3630 3627//3627
f 3629//3629 3630//3630 3631//3631
f 3627//3627 3626//3626 3631//3631
f 3631//3631 3632//3632 3629//3629
f 3624//3624 3629//3629 3632//3632
f 3632//3632 3625//3625 3624//3624
f 3633//3633 3634//3634 3635//3635
f 3633//3633 3636//3636 3634//3634
f 3636//3636 3637//3637 3634//3634
f 3638//3638 3637//3637 3636//3636
f 3635//3635 3639//3639 3633//3633
f 3638//3638 3636//3636 3633//3633
f 3638//3638 3633//3633 3639//3639
f 3639//3639 3640//3640 3638//3638
f 3638//3638 3640//3640 3641//3641
f 3641//3641 3637//3637 3638//3638
f 3634//3634 3637//3637 3641//3641
f 3641//3641 3635//3635 3634//3634
f 3642//3642 3643//3643 3644//3644
f 3644//3644 3645//3645 3642//3642
f 3645//3645 3646//3646 3642//3642
f 3646//3646 3647//3647 3642//3642
f 3643//3643 3642//3642 3647//3647
f 3647//3647 3648//3648 3643//3643
f 3649//3649 3648//3648 3647//3647
f 3647//3647 3650//3650 3649//3649
f 3650//3650 3647//3647 3646//3646
f 3650//3650 3646//3646 3645//3645
f 3650//3650 3645//3645 3644//3644
f 3644//3644 3649//3649 3650//3650
f 3651//3651 3652//3652 3653//3653
f 3653//3653 3654//3654 3651//3651
f 3651//3651 3655//3655 3652//3652
f 3655//3655 3656//3656 3652//3652
f 3657//3657 3656//3656 3655//3655
f 3657//3657 3655//3655 3651//3651
f 3657//3657 3651//3651 3654//3654
f 3654//3654 3658//3658 3657//3657
f 3656//3656 3657//3657 3658//3658
f 3652//3652 3656//3656 3659//3659
f 3658//3658 3659//3659 3656//3656
f 3659//3659 3653//3653 3652//3652
f 3660//3660 3661//3661 3662//3662
f 3662//3662 3663//3663 3660//3660
f 3663//3663 3664//3664 3660//3660
f 3664//3664 3665//3665 3660//3660
f 3661//3661 3660//3660 3665//3665
f 3665//3665 3666//3666 3661//3661
f 3667//3667 3665//3665 3664//3664
f 3666//3666 3665//3665 3667//3667
f 3667//3667 3668//3668 3666//3666
f 3662//3662 3668//3668 3667//3667
f 3667//3667 3663//3663 3662//3662
f 3667//3667 3664//3664 3663//3663
f 3669//3669 3670//3670 3671//3671
f 3671//3671 3672//3672 3669//3669
f 3669//3669 3673//3673 3670//3670
f 3673//3673 3674//3674 3670//3670
f 3675//3675 3674//3674 3673//3673
f 3675//3675 3673//3673 3669//3669
f 3676//3676 3675//3675 3669//3669
f 3669//3669 3672//3672 3676//3676
f 3677//3677 3674//3674 3675//3675
f 3675//3675 3676//3676 3677//3677
f 3670//3670 3674//3674 3677//3677
f 3677//3677 3671//3671 3670//3670
f 1547//1547 3678//3678 1537//1537
f 3678//3678 1536//1536 1537//1537
f 1551//1551 3678//3678 1547//1547
f 1552//1552 3678//3678 1551//1551
f 3679//3679 3678//3678 1552//1552
f 1539//1539 3678//3678 3679//3679
f 1536//1536 3678//3678 1539//1539
f 1554//1554 3679//3679 1552//1552
f 3680//3680 3679//3679 1554//1554
f 3680//3680 1539//1539 3679//3679
f 1540//1540 1539//1539 3680//3680
f 1540//1540 3680//3680 690//690
f 690//690 3680//3680 1555//1555
f 1555//1555 3680//3680 1554//1554
f 1289//1289 1290//1290 3681//3681
f 1289//1289 3681//3681 3682//3682
f 3681//3681 1290//1290 3683//3683
f 3681//3681 3683//3683 3684//3684
f 3684//3684 3683//3683 3685//3685
f 3683//3683 513//513 3685//3685
f 512//512 513//513 3683//3683
f 3683//3683 1290//1290 512//512
f 513//513 465//465 3685//3685
f 3682//3682 1288//1288 1289//1289
f 3686//3686 1288//1288 3682//3682
f 1294//1294 1288//1288 3686//3686
f 3682//3682 1558//1558 3686//3686
f 1558//1558 1556//1556 3686//3686
f 3686//3686 1556//1556 1294//1294
f 1556//1556 1296//1296 1294//1294
f 1559//1559 1558//1558 3682//3682
f 3685//3685 465//465 2469//2469
f 2468//2468 3685//3685 2469//2469
f 3684//3684 3685//3685 2468//2468
f 1562//1562 1559//1559 3682//3682
f 3682//3682 3681//3681 1562//1562
f 3681//3681 3684//3684 1562//1562
f 1562//1562 3684//3684 1563//1563
f 3684//3684 2468//2468 1563//1563
f 1563//1563 2468//2468 1409//1409
f 1755//1755 1076//1076 1097//1097
f 1755//1755 1097//1097 1760//1760
f 1760//1760 1097//1097 1095//1095
f 1092//1092 1760//1760 1095//1095
f 2482//2482 2479//2479 2474//2474
f 2473//2473 2482//2482 2474//2474
f 2472//2472 2482//2482 2473//2473
f 3687//3687 2177//2177 2169//2169
f 3687//3687 3688//3688 2177//2177
f 2177//2177 3688//3688 2176//2176
f 3688//3688 3689//3689 2176//2176
f 3688//3688 2172//2172 3689//3689
f 2173//2173 2172//2172 3688//3688
f 3688//3688 3687//3687 2173//2173
f 3689//3689 2172//2172 2171//2171
f 2175//2175 3689//3689 2171//2171
f 2176//2176 3689//3689 2175//2175
f 3687//3687 2157//2157 2173//2173
f 2156//2156 2157//2157 3687//3687
f 2154//2154 2156//2156 3687//3687
f 3687//3687 3690//3690 2154//2154
f 2169//2169 3690//3690 3687//3687
f 2084//2084 3690//3690 2169//2169
f 2154//2154 3690//3690 3691//3691
f 1152//1152 1112//1112 1111//1111
f 1154//1154 1152//1152 1111//1111
f 1156//1156 1154//1154 1111//1111
f 1128//1128 1112//1112 1152//1152
f 1184//1184 1156//1156 1111//1111
f 1157//1157 1156//1156 1184//1184
f 1182//1182 1157//1157 1184//1184
f 1161//1161 1157//1157 1182//1182
f 1111//1111 1183//1183 1184//1184
f 1110//1110 1183//1183 1111//1111
f 1183//1183 1109//1109 1181//1181
f 1109//1109 1190//1190 1181//1181
f 468//468 484//484 497//497
f 490//490 497//497 484//484
f 468//468 497//497 466//466
f 3248//3248 3247//3247 3692//3692
f 3693//3693 3248//3248 3692//3692
f 3692//3692 3694//3694 3693//3693
f 3693//3693 3240//3240 3248//3248
f 3693//3693 2213//2213 3240//3240
f 3240//3240 2213//2213 3239//3239
f 2213//2213 2212//2212 3239//3239
f 1217//1217 3695//3695 1210//1210
f 3695//3695 1285//1285 1210//1210
f 1210//1210 1285//1285 1211//1211
f 1262//1262 1285//1285 3695//3695
f 1263//1263 3695//3695 1217//1217
f 1262//1262 3695//3695 1263//1263
f 1263//1263 1217//1217 1218//1218
f 1281//1281 1285//1285 1262//1262
f 1281//1281 1262//1262 1261//1261
f 1236//1236 1218//1218 1219//1219
f 306//306 1763//1763 302//302
f 1763//1763 270//270 302//302
f 302//302 270//270 280//280
f 302//302 280//280 281//281
f 302//302 281//281 295//295
f 1759//1759 306//306 1045//1045
f 1045//1045 306//306 309//309
f 342//342 1058//1058 345//345
f 345//345 1058//1058 1063//1063
f 293//293 345//345 1063//1063
f 274//274 345//345 293//293
f 273//273 345//345 274//274
f 1964//1964 1963//1963 3696//3696
f 1948//1948 1964//1964 3696//3696
f 1949//1949 1964//1964 1948//1948
f 3696//3696 1963//1963 3697//3697
f 3696//3696 1940//1940 1948//1948
f 3698//3698 1940//1940 3696//3696
f 3699//3699 1940//1940 3698//3698
f 1914//1914 1940//1940 3699//3699
f 3700//3700 1914//1914 3699//3699
f 3700//3700 3699//3699 3701//3701
f 3702//3702 3700//3700 3701//3701
f 3703//3703 3700//3700 3702//3702
f 3703//3703 1912//1912 3700//3700
f 1912//1912 1914//1914 3700//3700
f 3704//3704 1912//1912 3703//3703
f 1963//1963 1706//1706 3697//3697
f 1706//1706 1704//1704 3697//3697
f 3697//3697 1704//1704 3705//3705
f 1704//1704 1702//1702 3705//3705
f 1701//1701 3705//3705 1702//1702
f 3706//3706 3705//3705 1701//1701
f 3706//3706 1701//1701 3707//3707
f 3707//3707 1701//1701 1698//1698
f 3707//3707 1698//1698 3708//3708
f 3709//3709 3702//3702 3701//3701
f 3710//3710 3702//3702 3709//3709
f 3701//3701 3711//3711 3709//3709
f 3706//3706 3712//3712 3705//3705
f 3712//3712 3697//3697 3705//3705
f 3713//3713 3697//3697 3712//3712
f 3697//3697 3713//3713 3696//3696
f 3708//3708 1698//1698 1696//1696
f 1696//1696 1694//1694 3708//3708
f 3708//3708 1694//1694 3714//3714
f 3714//3714 1694//1694 3715//3715
f 3715//3715 1694//1694 1693//1693
f 3715//3715 1693//1693 3716//3716
f 3717//3717 3714//3714 3715//3715
f 3717//3717 3715//3715 3718//3718
f 3718//3718 3715//3715 3716//3716
f 3716//3716 3719//3719 3718//3718
f 3720//3720 3719//3719 3716//3716
f 3716//3716 1965//1965 3720//3720
f 1688//1688 1965//1965 3716//3716
f 3716//3716 1693//1693 1688//1688
f 1965//1965 1969//1969 3720//3720
f 1971//1971 3720//3720 1969//1969
f 3719//3719 3720//3720 1971//1971
f 3713//3713 3698//3698 3696//3696
f 3721//3721 3714//3714 3717//3717
f 3721//3721 3722//3722 3714//3714
f 3723//3723 3722//3722 3721//3721
f 3723//3723 3724//3724 3722//3722
f 3722//3722 3724//3724 3725//3725
f 3725//3725 3707//3707 3722//3722
f 3722//3722 3707//3707 3708//3708
f 3722//3722 3708//3708 3714//3714
f 3725//3725 3706//3706 3707//3707
f 3724//3724 3709//3709 3725//3725
f 3709//3709 3726//3726 3725//3725
f 3725//3725 3726//3726 3706//3706
f 3726//3726 3712//3712 3706//3706
f 3726//3726 3727//3727 3712//3712
f 3712//3712 3727//3727 3713//3713
f 3727//3727 3698//3698 3713//3713
f 3711//3711 3727//3727 3726//3726
f 3711//3711 3698//3698 3727//3727
f 3709//3709 3711//3711 3726//3726
f 3699//3699 3698//3698 3711//3711
f 3701//3701 3699//3699 3711//3711
f 3710//3710 3709//3709 3724//3724
f 2675//2675 3728//3728 3729//3729
f 3728//3728 3730//3730 3729//3729
f 3729//3729 3730//3730 3731//3731
f 3731//3731 3730//3730 3732//3732
f 3733//3733 3731//3731 3732//3732
f 3731//3731 3733//3733 3734//3734
f 3734//3734 3735//3735 3731//3731
f 3734//3734 3736//3736 3735//3735
f 3737//3737 3731//3731 3735//3735
f 3737//3737 3729//3729 3731//3731
f 3738//3738 3737//3737 3735//3735
f 3737//3737 3738//3738 3739//3739
f 3739//3739 3740//3740 3737//3737
f 3739//3739 3741//3741 3740//3740
f 3740//3740 3741//3741 3742//3742
f 3736//3736 3734//3734 3743//3743
f 3734//3734 3744//3744 3743//3743
f 3733//3733 3744//3744 3734//3734
f 3733//3733 3732//3732 2643//2643
f 2643//2643 3732//3732 2645//2645
f 3732//3732 3745//3745 2645//2645
f 2642//2642 3733//3733 2643//2643
f 2642//2642 3746//3746 3733//3733
f 3746//3746 3744//3744 3733//3733
f 3746//3746 3747//3747 3744//3744
f 3746//3746 3748//3748 3747//3747
f 3747//3747 3748//3748 3749//3749
f 3744//3744 3747//3747 3749//3749
f 3743//3743 3744//3744 3749//3749
f 3748//3748 3750//3750 3749//3749
f 2645//2645 3745//3745 2658//2658
f 2645//2645 2658//2658 2657//2657
f 3745//3745 3751//3751 2658//2658
f 3749//3749 3750//3750 3752//3752
f 3753//3753 3751//3751 3745//3745
f 3753//3753 3745//3745 3730//3730
f 3745//3745 3732//3732 3730//3730
f 3730//3730 3754//3754 3753//3753
f 3754//3754 2652//2652 3753//3753
f 2652//2652 3754//3754 2653//2653
f 2652//2652 2651//2651 3753//3753
f 3754//3754 3730//3730 3728//3728
f 3755//3755 3749//3749 3752//3752
f 3755//3755 3752//3752 3756//3756
f 3756//3756 3752//3752 3757//3757
f 3758//3758 3756//3756 3757//3757
f 3756//3756 3758//3758 3759//3759
f 3758//3758 3760//3760 3759//3759
f 3759//3759 3760//3760 3761//3761
f 3756//3756 3759//3759 3762//3762
f 3763//3763 3756//3756 3762//3762
f 3755//3755 3756//3756 3763//3763
f 3759//3759 3764//3764 3762//3762
f 3764//3764 3765//3765 3762//3762
f 3762//3762 3765//3765 3766//3766
f 3764//3764 3759//3759 3767//3767
f 3765//3765 3764//3764 3768//3768
f 3766//3766 3765//3765 3769//3769
f 3770//3770 3755//3755 3763//3763
f 3749//3749 3755//3755 3770//3770
f 3743//3743 3749//3749 3770//3770
f 3736//3736 3743//3743 3770//3770
f 3771//3771 3736//3736 3770//3770
f 3771//3771 3772//3772 3736//3736
f 3773//3773 3772//3772 3771//3771
f 3774//3774 3773//3773 3771//3771
f 3736//3736 3772//3772 3735//3735
f 3738//3738 3735//3735 3772//3772
f 3773//3773 3738//3738 3772//3772
f 3739//3739 3738//3738 3773//3773
f 3775//3775 3773//3773 3774//3774
f 3739//3739 3773//3773 3775//3775
f 3776//3776 3775//3775 3774//3774
f 3775//3775 3741//3741 3739//3739
f 3742//3742 3741//3741 3775//3775
f 3777//3777 3775//3775 3776//3776
f 3742//3742 3775//3775 3777//3777
f 3778//3778 3742//3742 3777//3777
f 3777//3777 3779//3779 3778//3778
f 3779//3779 3777//3777 3780//3780
f 3776//3776 3780//3780 3777//3777
f 3780//3780 3776//3776 3781//3781
f 3780//3780 3782//3782 3779//3779
f 3779//3779 3782//3782 3778//3778
f 3778//3778 3782//3782 3783//3783
f 3780//3780 3784//3784 3782//3782
f 3784//3784 3780//3780 3785//3785
f 3781//3781 3785//3785 3780//3780
f 3786//3786 3784//3784 3785//3785
f 3787//3787 3784//3784 3786//3786
f 3788//3788 3787//3787 3786//3786
f 3787//3787 3788//3788 3757//3757
f 3788//3788 3758//3758 3757//3757
f 3789//3789 3783//3783 3782//3782
f 3790//3790 3789//3789 3782//3782
f 3791//3791 3783//3783 3789//3789
f 3791//3791 3789//3789 3792//3792
f 3792//3792 3789//3789 3790//3790
f 3790//3790 3750//3750 3792//3792
f 3750//3750 3748//3748 3792//3792
f 3783//3783 3791//3791 3793//3793
f 3778//3778 3783//3783 3793//3793
f 3787//3787 3757//3757 3794//3794
f 3787//3787 3794//3794 3784//3784
f 3757//3757 3752//3752 3794//3794
f 3794//3794 3752//3752 3790//3790
f 3752//3752 3750//3750 3790//3790
f 3794//3794 3790//3790 3782//3782
f 3794//3794 3782//3782 3784//3784
f 3792//3792 3748//3748 3746//3746
f 3795//3795 3792//3792 3746//3746
f 3795//3795 3791//3791 3792//3792
f 3791//3791 3795//3795 2640//2640
f 2640//2640 3795//3795 3746//3746
f 2642//2642 2640//2640 3746//3746
f 2639//2639 3791//3791 2640//2640
f 3793//3793 3791//3791 2639//2639
f 3793//3793 3742//3742 3778//3778
f 3740//3740 3742//3742 3793//3793
f 3793//3793 3796//3796 3740//3740
f 3796//3796 3793//3793 2639//2639
f 3740//3740 3796//3796 3737//3737
f 3737//3737 3796//3796 2638//2638
f 2638//2638 3796//3796 2639//2639
f 3729//3729 3737//3737 2638//2638
f 2671//2671 3729//3729 2638//2638
f 2671//2671 2675//2675 3729//3729
f 2677//2677 3754//3754 2675//2675
f 3754//3754 2677//2677 2653//2653
f 3754//3754 3728//3728 2675//2675
f 3275//3275 3276//3276 3415//3415
f 3415//3415 3276//3276 3797//3797
f 3277//3277 3797//3797 3276//3276
f 3798//3798 3797//3797 3277//3277
f 3415//3415 3797//3797 3418//3418
f 3418//3418 3797//3797 3799//3799
f 3799//3799 3380//3380 3418//3418
f 3797//3797 3798//3798 3800//3800
f 3799//3799 3797//3797 3800//3800
f 3381//3381 3380//3380 3799//3799
f 3800//3800 3381//3381 3799//3799
f 3800//3800 3798//3798 3801//3801
f 3798//3798 3277//3277 3278//3278
f 3802//3802 3798//3798 3278//3278
f 3802//3802 3278//3278 3279//3279
f 3802//3802 3279//3279 3367//3367
f 3369//3369 3802//3802 3367//3367
f 3803//3803 3802//3802 3369//3369
f 3803//3803 3798//3798 3802//3802
f 3801//3801 3798//3798 3803//3803
f 3369//3369 3373//3373 3803//3803
f 3373//3373 3381//3381 3800//3800
f 3803//3803 3373//3373 3801//3801
f 3801//3801 3373//3373 3800//3800
f 2192//2192 2187//2187 2797//2797
f 2797//2797 2187//2187 2183//2183
f 3249//3249 3237//3237 4148//4148
f 3249//3249 4148//4148 3804//3804
f 3237//3237 3249//3249 3236//3236
f 3805//3805 3249//3249 3804//3804
f 3804//3804 3806//3806 3805//3805
f 4148//4148 3237//3237 2139//2139
f 2080//2080 2079//2079 2838//2838
f 2837//2837 2080//2080 2838//2838
f 2082//2082 2080//2080 2837//2837
f 2082//2082 2837//2837 2084//2084
f 2079//2079 2777//2777 2838//2838
f 2838//2838 2777//2777 2865//2865
f 2865//2865 2777//2777 2864//2864
f 2864//2864 2777//2777 2775//2775
f 2864//2864 2775//2775 2866//2866
f 2866//2866 2775//2775 2773//2773
f 2773//2773 2771//2771 2866//2866
f 2866//2866 2771//2771 2867//2867
f 2867//2867 2771//2771 2870//2870
f 2771//2771 2869//2869 2870//2870
f 2869//2869 2771//2771 2871//2871
f 2871//2871 2771//2771 2770//2770
f 3351//3351 3520//3520 3140//3140
f 3140//3140 3520//3520 3133//3133
f 3351//3351 3518//3518 3520//3520
f 3350//3350 3518//3518 3351//3351
f 1586//1586 1584//1584 1606//1606
f 1461//1461 3349//3349 3336//3336
f 3344//3344 3336//3336 3349//3349
f 3771//3771 3807//3807 3808//3808
f 3807//3807 3762//3762 3808//3808
f 3762//3762 3807//3807 3763//3763
f 3766//3766 3808//3808 3762//3762
f 3766//3766 3809//3809 3808//3808
f 3769//3769 3809//3809 3766//3766
f 3809//3809 3769//3769 3765//3765
f 3770//3770 3763//3763 3807//3807
f 3771//3771 3770//3770 3807//3807
f 3774//3774 3771//3771 3808//3808
f 3808//3808 3809//3809 3774//3774
f 3774//3774 3809//3809 3810//3810
f 3765//3765 3810//3810 3809//3809
f 3765//3765 3768//3768 3810//3810
f 3810//3810 3768//3768 3764//3764
f 3811//3811 3810//3810 3764//3764
f 3810//3810 3811//3811 3776//3776
f 3776//3776 3774//3774 3810//3810
f 3764//3764 3767//3767 3811//3811
f 3811//3811 3767//3767 3759//3759
f 3812//3812 3811//3811 3759//3759
f 3759//3759 3761//3761 3812//3812
f 3812//3812 3781//3781 3811//3811
f 3781//3781 3776//3776 3811//3811
f 3781//3781 3812//3812 3785//3785
f 3812//3812 3813//3813 3785//3785
f 3761//3761 3813//3813 3812//3812
f 3761//3761 3814//3814 3813//3813
f 3813//3813 3814//3814 3788//3788
f 3814//3814 3761//3761 3760//3760
f 3785//3785 3813//3813 3786//3786
f 3786//3786 3813//3813 3788//3788
f 3814//3814 3760//3760 3758//3758
f 3788//3788 3814//3814 3758//3758
f 3815//3815 2587//2587 3816//3816
f 3817//3817 3815//3815 3816//3816
f 3818//3818 3817//3817 3816//3816
f 3816//3816 3819//3819 3818//3818
f 3819//3819 3816//3816 2594//2594
f 2594//2594 3816//3816 2593//2593
f 2587//2587 2593//2593 3816//3816
f 3818//3818 2241//2241 3817//3817
f 2241//2241 3815//3815 3817//3817
f 2242//2242 3815//3815 2241//2241
f 2242//2242 2244//2244 3815//3815
f 3819//3819 2594//2594 2603//2603
f 2603//2603 3820//3820 3819//3819
f 3819//3819 3820//3820 3821//3821
f 3818//3818 3819//3819 3822//3822
f 3822//3822 3819//3819 3821//3821
f 3820//3820 2603//2603 2601//2601
f 2584//2584 2587//2587 3815//3815
f 3815//3815 2244//2244 2584//2584
f 2584//2584 2244//2244 2564//2564
f 2244//2244 2561//2561 2564//2564
f 2554//2554 2561//2561 2244//2244
f 2554//2554 2244//2244 2246//2246
f 2237//2237 2241//2241 3818//3818
f 3822//3822 2235//2235 3818//3818
f 3818//3818 2235//2235 2237//2237
f 3823//3823 1979//1979 2550//2550
f 2550//2550 2545//2545 3823//3823
f 2550//2550 1979//1979 1953//1953
f 3823//3823 2545//2545 2523//2523
f 2545//2545 2310//2310 2523//2523
f 2523//2523 2310//2310 2524//2524
f 2310//2310 2311//2311 2524//2524
f 2523//2523 2516//2516 3823//3823
f 2516//2516 1979//1979 3823//3823
f 1978//1978 1979//1979 2516//2516
f 671//671 649//649 650//650
f 665//665 650//650 652//652
f 665//665 652//652 662//662
f 2629//2629 2608//2608 3824//3824
f 2627//2627 2629//2629 3824//3824
f 3824//3824 2608//2608 2610//2610
f 2629//2629 2607//2607 2608//2608
f 2611//2611 2627//2627 3824//3824
f 3824//3824 2610//2610 2611//2611
f 1333//1333 4155//4155 2455//2455
f 2455//2455 4155//4155 4160//4160
f 2656//2656 2658//2658 3751//3751
f 3751//3751 3753//3753 2656//2656
f 3753//3753 2651//2651 2656//2656
f 3825//3825 2812//2812 2214//2214
f 3826//3826 3825//3825 2214//2214
f 3827//3827 3826//3826 2214//2214
f 3828//3828 3826//3826 3827//3827
f 3829//3829 3828//3828 3827//3827
f 3827//3827 3830//3830 3829//3829
f 1574//1574 1572//1572 3374//3374
f 1572//1572 1570//1570 3374//3374
f 432//432 423//423 415//415
f 292//292 277//277 271//271
f 274//274 292//292 271//271
f 284//284 277//277 292//292
f 293//293 292//292 274//274
f 1873//1873 2363//2363 1877//1877
f 1874//1874 2363//2363 1873//1873
f 3159//3159 3178//3178 3164//3164
f 3178//3178 3159//3159 3175//3175
f 2811//2811 2194//2194 2196//2196
f 2811//2811 2196//2196 2812//2812
f 2812//2812 2196//2196 2198//2198
f 2812//2812 2198//2198 2214//2214
f 2214//2214 2198//2198 2200//2200
f 2185//2185 2194//2194 2811//2811
f 2185//2185 2184//2184 2194//2194
f 968//968 958//958 966//966
f 958//958 968//968 959//959
f 2559//2559 3831//3831 3821//3821
f 3831//3831 2559//2559 2551//2551
f 3821//3821 3831//3831 3822//3822
f 3820//3820 2559//2559 3821//3821
f 2602//2602 2559//2559 3820//3820
f 2602//2602 2558//2558 2559//2559
f 3820//3820 2601//2601 2602//2602
f 3831//3831 2235//2235 3822//3822
f 2253//2253 2235//2235 3831//3831
f 3831//3831 2551//2551 2253//2253
f 2253//2253 2551//2551 2257//2257
f 1055//1055 1065//1065 1042//1042
f 1042//1042 1065//1065 1044//1044
f 1068//1068 1044//1044 1065//1065
f 1072//1072 1044//1044 1068//1068
f 1046//1046 1044//1044 1072//1072
f 1072//1072 1073//1073 1046//1046
f 1046//1046 1073//1073 1759//1759
f 1759//1759 1045//1045 1046//1046
f 1759//1759 1073//1073 1075//1075
f 1756//1756 1084//1084 1069//1069
f 2037//2037 2023//2023 2024//2024
f 2023//2023 2037//2037 2033//2033
f 2024//2024 2036//2036 2037//2037
f 2028//2028 2036//2036 2024//2024
f 2015//2015 2021//2021 2033//2033
f 2033//2033 2016//2016 2015//2015
f 3287//3287 3284//3284 3403//3403
f 3403//3403 3284//3284 3281//3281
f 3403//3403 3281//3281 3275//3275
f 2776//2776 2835//2835 2845//2845
f 2845//2845 2774//2774 2776//2776
f 2778//2778 2835//2835 2776//2776
f 3832//3832 638//638 521//521
f 637//637 521//521 638//638
f 519//519 521//521 637//637
f 521//521 644//644 3832//3832
f 3832//3832 644//644 643//643
f 3832//3832 643//643 1719//1719
f 1719//1719 1729//1729 3832//3832
f 3832//3832 1729//1729 1731//1731
f 381//381 433//433 383//383
f 430//430 433//433 381//381
f 381//381 382//382 430//430
f 2470//2470 449//449 1321//1321
f 980//980 1321//1321 449//449
f 1322//1322 1321//1321 980//980
f 1322//1322 980//980 978//978
f 1322//1322 978//978 982//982
f 456//456 449//449 2470//2470
f 457//457 456//456 2470//2470
f 1631//1631 1632//1632 1662//1662
f 1662//1662 1625//1625 1631//1631
f 3833//3833 3834//3834 638//638
f 3833//3833 638//638 1731//1731
f 1731//1731 638//638 3832//3832
f 638//638 3834//3834 636//636
f 3833//3833 1731//1731 1728//1728
f 1728//1728 1731//1731 1734//1734
f 1728//1728 1734//1734 1736//1736
f 1736//1736 1734//1734 1751//1751
f 1736//1736 1751//1751 1737//1737
f 1737//1737 1751//1751 1754//1754
f 1737//1737 1754//1754 1740//1740
f 1740//1740 1754//1754 1752//1752
f 1740//1740 1752//1752 1741//1741
f 1724//1724 3833//3833 1728//1728
f 3833//3833 1724//1724 3834//3834
f 1724//1724 1722//1722 3834//3834
f 641//641 3834//3834 1722//1722
f 636//636 3834//3834 641//641
f 1720//1720 634//634 641//641
f 633//633 634//634 1720//1720
f 574//574 575//575 3256//3256
f 3256//3256 571//571 574//574
f 2185//2185 2798//2798 2796//2796
f 2185//2185 2796//2796 2183//2183
f 972//972 1180//1180 1188//1188
f 972//972 975//975 1180//1180
f 842//842 3835//3835 851//851
f 3835//3835 848//848 851//851
f 841//841 3835//3835 842//842
f 841//841 848//848 3835//3835
f 752//752 769//769 765//765
f 749//749 769//769 752//752
f 1098//1098 1114//1114 1099//1099
f 3691//3691 4161//4161 2147//2147
f 2147//2147 2148//2148 3691//3691
f 2148//2148 2150//2150 3691//3691
f 3691//3691 2150//2150 2154//2154
f 1711//1711 3836//3836 1712//1712
f 1707//1707 3836//3836 1711//1711
f 1707//1707 1708//1708 3836//3836
f 1305//1305 1303//1303 1415//1415
f 1913//1913 1912//1912 3704//3704
f 2483//2483 2477//2477 2478//2478
f 297//297 1031//1031 298//298
f 1708//1708 1706//1706 1963//1963
f 2192//2192 2083//2083 2085//2085
f 2456//2456 1323//1323 984//984
f 1682//1682 1672//1672 1690//1690
f 1682//1682 1670//1670 1672//1672
f 1690//1690 1672//1672 1712//1712
f 1712//1712 3837//3837 1690//1690
f 1691//1691 1690//1690 3837//3837
f 3836//3836 3837//3837 1712//1712
f 3836//3836 1961//1961 3837//3837
f 3837//3837 1961//1961 1691//1691
f 1691//1691 1961//1961 1692//1692
f 1708//1708 1961//1961 3836//3836
f 2331//2331 2255//2255 2260//2260
f 3838//3838 3839//3839 3840//3840
f 3841//3841 3839//3839 3838//3838
f 3841//3841 3842//3842 3839//3839
f 3843//3843 3842//3842 3841//3841
f 3844//3844 3842//3842 3843//3843
f 3845//3845 3839//3839 3842//3842
f 3846//3846 3839//3839 3845//3845
f 3847//3847 3846//3846 3845//3845
f 3848//3848 3846//3846 3847//3847
f 3846//3846 3849//3849 3839//3839
f 3845//3845 3842//3842 3850//3850
f 3850//3850 3842//3842 3851//3851
f 3839//3839 3849//3849 3852//3852
f 3853//3853 4161//4161 3854//3854
f 3854//3854 4161//4161 3855//3855
f 3855//3855 3856//3856 3854//3854
f 2140//2140 3857//3857 3858//3858
f 3853//3853 3857//3857 2140//2140
f 3858//3858 3857//3857 3859//3859
f 3860//3860 3691//3691 3861//3861
f 3860//3860 4161//4161 3691//3691
f 3861//3861 3862//3862 3860//3860
f 3863//3863 3384//3384 3388//3388
f 3863//3863 3864//3864 3384//3384
f 3384//3384 3864//3864 3389//3389
f 3865//3865 3389//3389 3864//3864
f 3409//3409 3389//3389 3865//3865
f 3866//3866 3409//3409 3865//3865
f 3408//3408 3409//3409 3866//3866
f 3408//3408 3866//3866 3410//3410
f 3410//3410 3866//3866 3867//3867
f 3299//3299 3410//3410 3867//3867
f 3299//3299 3867//3867 3868//3868
f 3868//3868 3867//3867 3869//3869
f 3870//3870 3863//3863 3388//3388
f 3388//3388 3871//3871 3870//3870
f 3871//3871 3872//3872 3870//3870
f 3870//3870 3872//3872 3873//3873
f 1568//1568 3873//3873 3872//3872
f 1568//1568 3874//3874 3873//3873
f 3873//3873 3874//3874 3875//3875
f 3874//3874 3876//3876 3875//3875
f 3877//3877 3876//3876 3874//3874
f 3869//3869 3878//3878 3868//3868
f 3878//3878 3869//3869 3879//3879
f 3879//3879 3869//3869 3880//3880
f 3879//3879 3880//3880 3877//3877
f 3877//3877 3880//3880 3876//3876
f 3876//3876 3881//3881 3875//3875
f 3875//3875 3881//3881 3882//3882
f 3882//3882 3873//3873 3875//3875
f 3883//3883 3873//3873 3882//3882
f 3883//3883 3884//3884 3873//3873
f 3873//3873 3884//3884 3870//3870
f 3884//3884 3885//3885 3870//3870
f 3870//3870 3885//3885 3863//3863
f 3863//3863 3885//3885 3864//3864
f 3864//3864 3885//3885 3886//3886
f 3886//3886 3887//3887 3864//3864
f 3864//3864 3887//3887 3865//3865
f 3888//3888 3865//3865 3887//3887
f 3866//3866 3865//3865 3888//3888
f 3866//3866 3888//3888 3867//3867
f 3884//3884 3889//3889 3885//3885
f 3885//3885 3889//3889 3890//3890
f 3885//3885 3890//3890 3886//3886
f 3889//3889 3891//3891 3890//3890
f 3892//3892 3891//3891 3889//3889
f 3893//3893 3891//3891 3892//3892
f 3894//3894 3891//3891 3893//3893
f 3893//3893 3895//3895 3894//3894
f 3894//3894 3895//3895 3896//3896
f 3890//3890 3891//3891 3897//3897
f 3897//3897 3898//3898 3890//3890
f 3886//3886 3890//3890 3898//3898
f 3898//3898 3887//3887 3886//3886
f 3899//3899 3898//3898 3897//3897
f 3898//3898 3899//3899 3900//3900
f 3901//3901 3900//3900 3899//3899
f 3902//3902 3900//3900 3901//3901
f 3903//3903 3902//3902 3901//3901
f 3904//3904 3902//3902 3903//3903
f 3905//3905 3904//3904 3903//3903
f 3906//3906 3904//3904 3905//3905
f 3905//3905 3896//3896 3906//3906
f 3906//3906 3896//3896 3895//3895
f 3900//3900 3887//3887 3898//3898
f 3907//3907 3887//3887 3900//3900
f 3907//3907 3900//3900 3902//3902
f 3888//3888 3887//3887 3907//3907
f 3881//3881 3906//3906 3895//3895
f 3908//3908 3906//3906 3881//3881
f 3881//3881 3876//3876 3908//3908
f 3908//3908 3876//3876 3880//3880
f 3908//3908 3880//3880 3909//3909
f 3909//3909 3906//3906 3908//3908
f 3904//3904 3906//3906 3909//3909
f 3909//3909 3880//3880 3869//3869
f 3869//3869 3867//3867 3909//3909
f 3909//3909 3867//3867 3910//3910
f 3867//3867 3888//3888 3910//3910
f 3904//3904 3909//3909 3911//3911
f 3911//3911 3909//3909 3910//3910
f 3910//3910 3888//3888 3911//3911
f 3905//3905 3912//3912 3896//3896
f 3913//3913 3914//3914 3912//3912
f 3915//3915 3914//3914 3913//3913
f 3913//3913 3916//3916 3915//3915
f 3917//3917 3916//3916 3913//3913
f 3917//3917 3918//3918 3916//3916
f 3919//3919 3918//3918 3917//3917
f 3919//3919 3920//3920 3918//3918
f 3918//3918 3920//3920 3921//3921
f 3920//3920 3922//3922 3921//3921
f 3923//3923 3922//3922 3920//3920
f 3924//3924 3922//3922 3923//3923
f 3925//3925 3922//3922 3924//3924
f 3916//3916 3918//3918 3926//3926
f 3916//3916 3926//3926 3927//3927
f 3924//3924 3928//3928 3925//3925
f 3929//3929 3928//3928 3924//3924
f 3929//3929 3912//3912 3928//3928
f 3928//3928 3912//3912 3914//3914
f 3925//3925 3928//3928 3930//3930
f 3925//3925 3930//3930 3931//3931
f 3925//3925 3931//3931 3932//3932
f 3930//3930 3928//3928 3933//3933
f 3928//3928 3914//3914 3933//3933
f 3934//3934 3925//3925 3932//3932
f 3922//3922 3925//3925 3934//3934
f 3935//3935 3922//3922 3934//3934
f 3922//3922 3935//3935 3921//3921
f 3921//3921 3935//3935 3936//3936
f 3921//3921 3936//3936 3937//3937
f 3938//3938 3921//3921 3937//3937
f 3939//3939 3921//3921 3938//3938
f 3918//3918 3921//3921 3939//3939
f 3912//3912 3929//3929 3896//3896
f 3896//3896 3929//3929 3894//3894
f 3931//3931 3940//3940 3932//3932
f 3932//3932 3940//3940 3941//3941
f 3941//3941 3942//3942 3932//3932
f 3932//3932 3942//3942 3943//3943
f 3940//3940 3944//3944 3941//3941
f 3945//3945 3944//3944 3940//3940
f 3933//3933 3944//3944 3945//3945
f 3935//3935 3946//3946 3936//3936
f 3936//3936 3946//3946 3947//3947
f 3939//3939 3938//3938 3948//3948
f 3948//3948 3938//3938 3949//3949
f 3950//3950 3949//3949 3938//3938
f 3951//3951 3949//3949 3950//3950
f 3951//3951 3952//3952 3949//3949
f 3953//3953 3952//3952 3951//3951
f 3954//3954 3953//3953 3951//3951
f 3954//3954 3955//3955 3953//3953
f 3954//3954 3951//3951 3955//3955
f 3956//3956 3953//3953 3955//3955
f 3953//3953 3956//3956 3957//3957
f 3953//3953 3957//3957 3958//3958
f 3957//3957 3933//3933 3958//3958
f 3958//3958 3933//3933 3915//3915
f 3915//3915 3933//3933 3914//3914
f 3915//3915 3927//3927 3958//3958
f 3958//3958 3927//3927 3959//3959
f 3959//3959 3953//3953 3958//3958
f 3952//3952 3953//3953 3959//3959
f 3916//3916 3960//3960 3915//3915
f 3915//3915 3960//3960 3961//3961
f 3915//3915 3961//3961 3927//3927
f 3927//3927 3961//3961 3962//3962
f 3960//3960 3927//3927 3962//3962
f 3916//3916 3927//3927 3960//3960
f 3960//3960 3962//3962 3963//3963
f 3962//3962 3961//3961 3963//3963
f 3961//3961 3960//3960 3963//3963
f 3964//3964 3965//3965 3966//3966
f 3967//3967 3964//3964 3966//3966
f 3968//3968 3964//3964 3967//3967
f 3967//3967 3969//3969 3968//3968
f 3970//3970 3969//3969 3967//3967
f 3967//3967 3971//3971 3970//3970
f 3972//3972 3971//3971 3967//3967
f 3967//3967 3966//3966 3972//3972
f 3972//3972 3966//3966 3973//3973
f 3966//3966 3974//3974 3973//3973
f 3966//3966 3965//3965 3974//3974
f 3974//3974 3965//3965 3975//3975
f 3975//3975 3976//3976 3974//3974
f 3973//3973 3974//3974 3976//3976
f 3977//3977 3976//3976 3975//3975
f 3978//3978 3977//3977 3975//3975
f 3979//3979 3977//3977 3978//3978
f 3978//3978 3980//3980 3979//3979
f 3978//3978 3975//3975 3981//3981
f 3981//3981 3982//3982 3978//3978
f 3983//3983 3980//3980 3978//3978
f 3978//3978 3982//3982 3983//3983
f 3980//3980 3983//3983 3984//3984
f 3984//3984 3983//3983 3985//3985
f 3983//3983 3986//3986 3985//3985
f 3982//3982 3986//3986 3983//3983
f 3981//3981 3975//3975 3987//3987
f 3975//3975 3965//3965 3987//3987
f 3988//3988 3984//3984 3985//3985
f 3985//3985 3986//3986 3988//3988
f 3989//3989 3984//3984 3988//3988
f 3989//3989 3988//3988 3990//3990
f 3990//3990 3988//3988 3991//3991
f 3991//3991 3992//3992 3990//3990
f 3993//3993 3992//3992 3991//3991
f 3992//3992 3993//3993 3994//3994
f 3994//3994 3993//3993 3995//3995
f 3988//3988 3986//3986 3996//3996
f 3988//3988 3996//3996 3991//3991
f 3991//3991 3996//3996 3997//3997
f 3997//3997 3998//3998 3991//3991
f 3991//3991 3998//3998 3993//3993
f 3995//3995 3993//3993 3999//3999
f 3999//3999 3993//3993 3998//3998
f 4000//4000 4001//4001 4002//4002
f 4000//4000 3892//3892 4001//4001
f 4000//4000 4002//4002 4003//4003
f 4003//4003 4002//4002 4004//4004
f 4004//4004 4002//4002 4005//4005
f 4002//4002 4006//4006 4005//4005
f 4002//4002 4001//4001 4006//4006
f 3883//3883 4000//4000 4003//4003
f 3893//3893 4000//4000 3883//3883
f 3893//3893 3892//3892 4000//4000
f 3892//3892 4007//4007 4001//4001
f 4001//4001 4007//4007 4008//4008
f 4007//4007 3883//3883 4008//4008
f 4008//4008 3883//3883 4003//4003
f 4008//4008 4009//4009 4001//4001
f 4008//4008 4003//4003 4009//4009
f 4001//4001 4009//4009 4006//4006
f 4006//4006 4009//4009 4005//4005
f 4009//4009 4003//4003 4004//4004
f 4009//4009 4004//4004 4005//4005
f 4010//4010 4011//4011 4012//4012
f 3911//3911 4011//4011 4010//4010
f 3888//3888 4011//4011 3911//3911
f 4013//4013 4010//4010 4012//4012
f 4014//4014 4013//4013 4012//4012
f 4014//4014 3902//3902 4013//4013
f 3902//3902 4010//4010 4013//4013
f 3911//3911 4010//4010 3902//3902
f 3907//3907 3902//3902 4014//4014
f 4011//4011 3907//3907 4014//4014
f 4011//4011 4014//4014 4012//4012
f 3888//3888 3907//3907 4011//4011
f 4015//4015 4016//4016 4017//4017
f 4017//4017 4018//4018 4015//4015
f 4015//4015 4018//4018 4019//4019
f 4019//4019 4020//4020 4015//4015
f 4020//4020 4019//4019 4021//4021
f 4021//4021 4022//4022 4020//4020
f 4023//4023 4022//4022 4021//4021
f 4021//4021 4024//4024 4023//4023
f 4023//4023 4024//4024 4025//4025
f 4025//4025 4026//4026 4023//4023
f 4027//4027 4025//4025 4024//4024
f 4024//4024 4028//4028 4027//4027
f 4028//4028 4024//4024 4021//4021
f 4029//4029 4021//4021 4019//4019
f 4021//4021 4029//4029 4028//4028
f 4019//4019 4030//4030 4029//4029
f 4019//4019 4018//4018 4031//4031
f 4031//4031 4030//4030 4019//4019
f 4031//4031 4018//4018 4017//4017
f 4017//4017 4032//4032 4031//4031
f 4026//4026 4025//4025 4033//4033
f 4033//4033 4025//4025 4027//4027
f 4033//4033 4034//4034 4026//4026
f 4035//4035 4034//4034 4033//4033
f 4033//4033 4036//4036 4035//4035
f 4036//4036 4033//4033 4037//4037
f 4027//4027 4037//4037 4033//4033
f 4037//4037 4038//4038 4036//4036
f 4039//4039 4032//4032 4017//4017
f 4017//4017 4040//4040 4039//4039
f 4040//4040 4017//4017 4016//4016
f 4016//4016 4041//4041 4040//4040
f 4042//4042 4039//4039 4040//4040
f 4040//4040 4043//4043 4042//4042
f 4044//4044 4042//4042 4043//4043
f 4043//4043 4045//4045 4044//4044
f 4044//4044 4045//4045 4046//4046
f 4046//4046 4047//4047 4044//4044
f 4040//4040 4041//4041 4048//4048
f 4048//4048 4043//4043 4040//4040
f 4045//4045 4043//4043 4048//4048
f 4048//4048 4049//4049 4045//4045
f 4050//4050 4046//4046 4045//4045
f 4045//4045 4049//4049 4050//4050
f 4051//4051 3901//3901 4052//4052
f 3903//3903 3901//3901 4051//4051
f 3903//3903 4051//4051 3905//3905
f 3901//3901 3899//3899 4052//4052
f 4052//4052 3899//3899 3920//3920
f 3899//3899 3923//3923 3920//3920
f 3897//3897 3923//3923 3899//3899
f 4052//4052 3920//3920 3919//3919
f 3897//3897 4053//4053 3923//3923
f 4053//4053 3924//3924 3923//3923
f 4053//4053 4054//4054 3924//3924
f 3924//3924 4054//4054 3929//3929
f 4054//4054 3894//3894 3929//3929
f 4055//4055 3894//3894 4054//4054
f 3891//3891 3894//3894 4055//4055
f 3891//3891 4055//4055 4056//4056
f 3891//3891 4056//4056 3897//3897
f 4056//4056 4053//4053 3897//3897
f 3913//3913 3912//3912 3905//3905
f 3905//3905 4051//4051 3913//3913
f 3913//3913 4051//4051 3917//3917
f 3941//3941 4057//4057 3957//3957
f 3957//3957 3956//3956 3941//3941
f 3957//3957 4057//4057 4058//4058
f 4058//4058 4057//4057 4059//4059
f 4060//4060 4058//4058 4059//4059
f 4060//4060 3957//3957 4058//4058
f 3933//3933 3957//3957 4060//4060
f 3933//3933 4060//4060 3944//3944
f 3944//3944 4060//4060 4057//4057
f 4057//4057 4060//4060 4059//4059
f 3941//3941 3944//3944 4057//4057
f 3959//3959 4061//4061 4062//4062
f 3959//3959 4062//4062 3952//3952
f 4062//4062 4061//4061 4063//4063
f 4064//4064 4062//4062 4063//4063
f 3952//3952 4062//4062 4064//4064
f 4061//4061 4064//4064 4063//4063
f 4061//4061 3952//3952 4064//4064
f 3927//3927 3952//3952 4061//4061
f 3927//3927 4061//4061 3959//3959
f 4053//4053 4056//4056 4065//4065
f 4065//4065 4056//4056 4066//4066
f 4056//4056 4067//4067 4066//4066
f 4055//4055 4067//4067 4056//4056
f 4066//4066 4067//4067 4068//4068
f 4065//4065 4066//4066 4068//4068
f 4069//4069 4065//4065 4068//4068
f 4069//4069 4053//4053 4065//4065
f 4067//4067 4069//4069 4068//4068
f 4055//4055 4069//4069 4067//4067
f 4054//4054 4069//4069 4055//4055
f 4054//4054 4053//4053 4069//4069
f 4070//4070 4071//4071 4072//4072
f 4072//4072 2214//2214 4070//4070
f 4070//4070 2214//2214 2213//2213
f 3926//3926 4073//4073 3939//3939
f 3926//3926 4074//4074 4073//4073
f 4074//4074 4075//4075 4073//4073
f 4073//4073 4075//4075 4076//4076
f 4073//4073 4076//4076 4077//4077
f 3939//3939 4073//4073 4077//4077
f 4077//4077 4076//4076 4078//4078
f 4076//4076 4079//4079 4078//4078
f 4076//4076 4080//4080 4079//4079
f 4075//4075 4080//4080 4076//4076
f 4079//4079 4080//4080 4081//4081
f 4082//4082 4079//4079 4081//4081
f 4078//4078 4079//4079 4082//4082
f 4080//4080 4082//4082 4081//4081
f 4080//4080 4078//4078 4082//4082
f 4075//4075 4077//4077 4078//4078
f 4075//4075 4078//4078 4080//4080
f 3918//3918 4074//4074 3926//3926
f 4074//4074 3939//3939 4077//4077
f 4074//4074 4077//4077 4075//4075
f 3918//3918 3939//3939 4074//4074
f 4083//4083 4084//4084 4085//4085
f 4086//4086 4083//4083 4085//4085
f 4084//4084 4086//4086 4085//4085
f 3937//3937 4086//4086 4084//4084
f 3936//3936 4086//4086 3937//3937
f 3936//3936 3947//3947 4086//4086
f 4086//4086 3947//3947 4083//4083
f 3947//3947 4084//4084 4083//4083
f 3937//3937 4084//4084 3947//3947
f 3937//3937 4087//4087 3938//3938
f 3938//3938 4087//4087 4088//4088
f 4088//4088 4087//4087 4089//4089
f 4087//4087 4090//4090 4089//4089
f 4090//4090 4088//4088 4089//4089
f 3937//3937 3950//3950 4087//4087
f 4087//4087 3950//3950 4090//4090
f 3947//3947 3950//3950 3937//3937
f 3950//3950 3938//3938 4090//4090
f 4090//4090 3938//3938 4088//4088
f 4091//4091 3943//3943 4092//4092
f 3932//3932 3943//3943 4091//4091
f 3932//3932 4091//4091 3935//3935
f 3943//3943 3946//3946 4092//4092
f 4092//4092 3946//3946 4093//4093
f 4092//4092 4093//4093 4094//4094
f 4095//4095 4092//4092 4094//4094
f 4091//4091 4092//4092 4095//4095
f 3946//3946 4096//4096 4093//4093
f 4096//4096 4097//4097 4093//4093
f 4093//4093 4097//4097 4098//4098
f 4094//4094 4093//4093 4098//4098
f 4095//4095 4094//4094 4099//4099
f 4094//4094 4098//4098 4099//4099
f 4098//4098 4097//4097 4099//4099
f 3935//3935 4096//4096 3946//3946
f 4091//4091 4095//4095 4096//4096
f 3935//3935 4091//4091 4096//4096
f 4096//4096 4095//4095 4097//4097
f 4097//4097 4095//4095 4099//4099
f 4100//4100 3935//3935 4101//4101
f 4100//4100 4101//4101 4102//4102
f 3935//3935 4103//4103 4101//4101
f 4101//4101 4103//4103 4102//4102
f 3934//3934 4103//4103 3935//3935
f 4103//4103 4100//4100 4102//4102
f 4103//4103 3932//3932 4100//4100
f 3932//3932 3935//3935 4100//4100
f 3934//3934 3932//3932 4103//4103
f 3955//3955 4104//4104 4105//4105
f 3951//3951 4104//4104 3955//3955
f 3951//3951 4106//4106 4104//4104
f 4106//4106 4107//4107 4104//4104
f 4104//4104 4107//4107 4108//4108
f 4104//4104 4108//4108 4105//4105
f 4108//4108 4107//4107 4109//4109
f 4110//4110 4108//4108 4109//4109
f 4105//4105 4108//4108 4110//4110
f 3950//3950 4106//4106 3951//3951
f 4111//4111 3955//3955 4105//4105
f 4105//4105 4110//4110 4111//4111
f 3947//3947 3955//3955 4111//4111
f 3947//3947 4111//4111 3950//3950
f 3950//3950 4111//4111 4106//4106
f 4106//4106 4111//4111 4107//4107
f 4107//4107 4111//4111 4112//4112
f 4107//4107 4112//4112 4109//4109
f 4112//4112 4110//4110 4109//4109
f 4111//4111 4110//4110 4112//4112
f 3955//3955 4113//4113 4114//4114
f 3947//3947 4113//4113 3955//3955
f 4114//4114 4113//4113 4115//4115
f 4116//4116 4114//4114 4115//4115
f 4116//4116 3955//3955 4114//4114
f 3943//3943 3955//3955 4116//4116
f 3946//3946 3943//3943 4116//4116
f 4113//4113 4116//4116 4115//4115
f 4113//4113 3946//3946 4116//4116
f 3947//3947 3946//3946 4113//4113
f 3941//3941 3956//3956 4117//4117
f 4117//4117 3956//3956 4118//4118
f 4117//4117 4118//4118 4119//4119
f 4120//4120 4117//4117 4119//4119
f 4121//4121 4120//4120 4119//4119
f 4118//4118 4122//4122 4119//4119
f 4122//4122 4121//4121 4119//4119
f 4122//4122 3943//3943 4121//4121
f 4118//4118 3955//3955 4122//4122
f 3956//3956 3955//3955 4118//4118
f 3955//3955 3943//3943 4122//4122
f 3941//3941 4117//4117 3942//3942
f 3942//3942 4117//4117 4120//4120
f 3942//3942 4120//4120 3943//3943
f 3943//3943 4120//4120 4121//4121
f 3930//3930 3945//3945 4123//4123
f 3945//3945 4124//4124 4123//4123
f 4123//4123 4124//4124 4125//4125
f 4126//4126 4123//4123 4125//4125
f 4127//4127 4123//4123 4126//4126
f 3931//3931 4123//4123 4127//4127
f 3930//3930 4123//4123 3931//3931
f 4125//4125 4124//4124 4128//4128
f 4126//4126 4125//4125 4128//4128
f 3933//3933 3945//3945 3930//3930
f 4129//4129 4130//4130 4131//4131
f 4130//4130 4132//4132 4131//4131
f 4133//4133 4130//4130 4129//4129
f 4133//4133 4129//4129 4134//4134
f 4134//4134 4129//4129 4135//4135
f 4135//4135 4129//4129 4131//4131
f 4132//4132 4134//4134 4135//4135
f 4132//4132 4135//4135 4131//4131
f 4136//4136 4132//4132 4130//4130
f 4136//4136 4130//4130 4133//4133
f 4137//4137 4132//4132 4136//4136
f 4138//4138 4137//4137 4136//4136
f 3952//3952 4136//4136 4133//4133
f 4138//4138 4136//4136 3952//3952
f 3952//3952 4133//4133 3949//3949
f 3949//3949 4133//4133 4134//4134
f 4137//4137 3949//3949 4134//4134
f 4137//4137 4134//4134 4132//4132
f 3939//3939 4137//4137 4138//4138
f 3948//3948 3949//3949 4137//4137
f 3939//3939 3948//3948 4137//4137
f 4124//4124 4139//4139 4128//4128
f 4139//4139 4126//4126 4128//4128
f 3940//3940 4126//4126 4139//4139
f 4124//4124 3940//3940 4139//4139
f 3945//3945 3940//3940 4124//4124
f 4127//4127 4126//4126 3940//3940
f 3940//3940 3931//3931 4127//4127
f 3927//3927 4138//4138 3952//3952
f 3927//3927 3926//3926 4138//4138
f 4138//4138 3926//3926 3939//3939
f 3911//3911 3902//3902 3904//3904
f 3884//3884 4007//4007 3889//3889
f 3889//3889 4007//4007 3892//3892
f 3883//3883 4007//4007 3884//3884
f 3882//3882 3893//3893 3883//3883
f 3882//3882 3895//3895 3893//3893
f 3881//3881 3895//3895 3882//3882
f 4140//4140 3919//3919 4141//4141
f 4052//4052 3919//3919 4140//4140
f 4140//4140 4141//4141 4142//4142
f 4143//4143 4140//4140 4142//4142
f 4143//4143 4052//4052 4140//4140
f 4051//4051 4052//4052 4143//4143
f 4141//4141 4144//4144 4142//4142
f 4144//4144 4143//4143 4142//4142
f 4141//4141 3917//3917 4144//4144
f 3919//3919 3917//3917 4141//4141
f 3917//3917 4143//4143 4144//4144
f 4051//4051 4143//4143 3917//3917
f 4145//4145 4146//4146 4147//4147
f 4148//4148 4146//4146 4145//4145
f 2140//2140 4146//4146 4148//4148
f 4149//4149 4150//4150 4151//4151
f 4151//4151 4152//4152 4149//4149
